mtllib orange+goldfish+3d+model.mtl
o tripo_node_508376d6-8b56-46fb-82de-1c51f38d0aea
usemtl tripo_mat_508376d6-8b56-46fb-82de-1c51f38d0aea
v 0.00007764250040054321 0.34063720703125 -0.06850433349609375
v 0.00008662790060043335 0.142608642578125 0.38055419921875
v 0.00011324137449264526 0.06145477294921875 0.1839599609375
v 0.00013674795627593994 0.1420745849609375 0.4910888671875
v 0.00025790929794311523 -0.02181243896484375 -0.43609619140625
v 0.0003040134906768799 0.1372528076171875 0.06981658935546875
v 0.0003040134906768799 0.1372528076171875 0.06981658935546875
v 0.0003040134906768799 0.1372528076171875 0.06981658935546875
v 0.00034615397453308105 -0.2362060546875 0.34869384765625
v 0.00034615397453308105 -0.2362060546875 0.34869384765625
v 0.00042176246643066406 0.1147308349609375 0.095611572265625
v 0.0004277527332305908 0.281585693359375 0.008199691772460938
v 0.0004277527332305908 0.281585693359375 0.008199691772460938
v 0.0004508495330810547 0.10973358154296875 0.09906005859375
v 0.0004811286926269531 0.15606689453125 0.403076171875
v 0.0007033348083496094 0.336212158203125 -0.078216552734375
v 0.0007613897323608398 -0.234619140625 0.3800048828125
v 0.000777900218963623 0.2081298828125 -0.281219482421875
v 0.000777900218963623 0.2081298828125 -0.281219482421875
v 0.0008516907691955566 0.1300201416015625 0.07965087890625
v 0.0008516907691955566 0.1300201416015625 0.07965087890625
v 0.0009591579437255859 0.06292724609375 0.15625
v 0.001188039779663086 0.1273651123046875 0.0841217041015625
v 0.0012059211730957031 -0.1647186279296875 -0.40863037109375
v 0.001261591911315918 0.1777801513671875 0.0684814453125
v 0.0012744665145874023 0.076507568359375 0.26031494140625
v 0.0012744665145874023 0.076507568359375 0.26031494140625
v 0.0013458728790283203 0.34356689453125 -0.068023681640625
v 0.001354813575744629 0.161163330078125 0.084716796875
v 0.001354813575744629 0.161163330078125 0.084716796875
v 0.0013922452926635742 -0.27130126953125 -0.0804290771484375
v 0.0014078617095947266 -0.274200439453125 -0.1319427490234375
v 0.001422286033630371 -0.272918701171875 -0.10955810546875
v 0.001441359519958496 0.2088623046875 0.05011749267578125
v 0.001500844955444336 0.1141357421875 0.10794830322265625
v 0.001510024070739746 -0.1154327392578125 0.394134521484375
v 0.0016003847122192383 0.14239501953125 0.08525848388671875
v 0.0017497539520263672 -0.2083740234375 -0.343292236328125
v 0.0017827749252319336 0.337554931640625 -0.041767120361328125
v 0.0018585920333862305 0.353302001953125 -0.05265045166015625
v 0.0018852949142456055 0.31549072265625 -0.01889801025390625
v 0.0024025440216064453 0.0629119873046875 0.1360931396484375
v 0.002478361129760742 0.263031005859375 0.023431777954101562
v 0.002503633499145508 0.343475341796875 -0.03298187255859375
v 0.002557039260864258 0.1995391845703125 0.06695556640625
v 0.00266265869140625 0.17047119140625 0.092437744140625
v 0.00266265869140625 0.17047119140625 0.092437744140625
v 0.0026826858520507812 0.31353759765625 0.0037577152252197266
v 0.0026826858520507812 0.31353759765625 0.0037577152252197266
v 0.0027115345001220703 0.14398193359375 0.49383544921875
v 0.0027234554290771484 0.13336181640625 0.09717559814453125
v 0.0027785301208496094 0.1249847412109375 0.1042938232421875
v 0.0028045177459716797 -0.2369537353515625 0.40191650390625
v 0.002850770950317383 0.11144256591796875 0.10146331787109375
v 0.0028619766235351562 -0.23406982421875 0.438995361328125
v 0.002966165542602539 -0.1912689208984375 0.3067626953125
v 0.002966165542602539 -0.1912689208984375 0.3067626953125
v 0.0030312538146972656 0.1508331298828125 0.103851318359375
v 0.0030748844146728516 -0.2312164306640625 0.44012451171875
v 0.0032105445861816406 -0.275604248046875 -0.13995361328125
v 0.0032606124877929688 0.11446380615234375 0.1222076416015625
v 0.0032672882080078125 -0.084747314453125 -0.485595703125
v 0.0034799575805664062 -0.24041748046875 0.3602294921875
v 0.0034799575805664062 -0.24041748046875 0.3602294921875
v 0.0034880638122558594 -0.270599365234375 -0.059844970703125
v 0.0035448074340820312 -0.2199859619140625 0.3331298828125
v 0.003549814224243164 0.3653564453125 -0.039028167724609375
v 0.003551483154296875 0.131591796875 0.4869384765625
v 0.0035867691040039062 -0.26776123046875 -0.05096435546875
v 0.0036284923553466797 -0.0910491943359375 0.37518310546875
v 0.0037751197814941406 0.35498046875 -0.052928924560546875
v 0.0038154125213623047 -0.05677032470703125 -0.485137939453125
v 0.003828287124633789 -0.205108642578125 0.319427490234375
v 0.003918170928955078 -0.27532958984375 -0.1383209228515625
v 0.003940105438232422 0.2426300048828125 0.036945343017578125
v 0.0039424896240234375 -0.272491455078125 -0.0750274658203125
v 0.003985404968261719 -0.272918701171875 -0.0935211181640625
v 0.004005908966064453 0.0308685302734375 0.425933837890625
v 0.004092216491699219 -0.2744140625 -0.012857437133789062
v 0.004103660583496094 -0.277740478515625 -0.008636474609375
v 0.004107475280761719 -0.2830810546875 -0.083831787109375
v 0.004107475280761719 -0.290374755859375 -0.049274444580078125
v 0.004115104675292969 -0.30670166015625 -0.05968475341796875
v 0.004120826721191406 -0.30218505859375 -0.066375732421875
v 0.004135608673095703 -0.300811767578125 -0.013115882873535156
v 0.004207611083984375 0.057342529296875 0.2245941162109375
v 0.0042133331298828125 -0.272491455078125 -0.040264129638671875
v 0.004216194152832031 -0.274383544921875 -0.1144866943359375
v 0.004283428192138672 -0.3123779296875 -0.0443267822265625
v 0.004288196563720703 -0.27142333984375 -0.05767059326171875
v 0.004302978515625 0.21990966796875 0.06227874755859375
v 0.004402637481689453 -0.20489501953125 0.43377685546875
v 0.004415035247802734 -0.012439727783203125 0.382537841796875
v 0.004415035247802734 -0.012439727783203125 0.382537841796875
v 0.0044155120849609375 -0.024562835693359375 -0.397796630859375
v 0.0044460296630859375 -0.066741943359375 -0.48895263671875
v 0.0045146942138671875 -0.277099609375 -0.1478424072265625
v 0.004578590393066406 0.11803436279296875 0.479034423828125
v 0.004580020904541016 0.22998046875 0.049831390380859375
v 0.004643440246582031 -0.052806854248046875 0.344512939453125
v 0.004698276519775391 0.004402637481689453 -0.498931884765625
v 0.00469970703125 0.33197021484375 0.0043354034423828125
v 0.00469970703125 0.33197021484375 0.0043354034423828125
v 0.004787921905517578 -0.021528244018554688 -0.407257080078125
v 0.0047931671142578125 -0.16497802734375 0.28173828125
v 0.004847526550292969 -0.314697265625 -0.006519794464111328
v 0.004867076873779297 0.37200927734375 -0.02971649169921875
v 0.004913330078125 0.0028002262115478516 -0.49951171875
v 0.004962921142578125 -0.293609619140625 -0.1285858154296875
v 0.004998207092285156 -0.0753631591796875 -0.491973876953125
v 0.005044460296630859 0.11181640625 0.12430572509765625
v 0.005044460296630859 -0.179656982421875 0.295501708984375
v 0.005273342132568359 -0.14349365234375 0.261322021484375
v 0.0053234100341796875 -0.1551361083984375 0.420562744140625
v 0.005402088165283203 0.1605987548828125 0.421722412109375
v 0.005420207977294922 -0.300567626953125 -0.1001739501953125
v 0.005492687225341797 0.1539764404296875 0.1194305419921875
v 0.0055179595947265625 0.370849609375 -0.0220489501953125
v 0.0056133270263671875 -0.264678955078125 -0.04144287109375
v 0.005658626556396484 -0.2908935546875 0.009156227111816406
v 0.005658626556396484 -0.2908935546875 0.009156227111816406
v 0.005742073059082031 0.06304931640625 0.452392578125
v 0.005808353424072266 -0.267974853515625 -0.014142990112304688
v 0.0058116912841796875 -0.27178955078125 0.0023565292358398438
v 0.0058116912841796875 -0.27178955078125 0.0023565292358398438
v 0.0058116912841796875 -0.27178955078125 0.0023565292358398438
v 0.005854606628417969 0.11338043212890625 0.32525634765625
v 0.005902767181396484 0.317535400390625 0.025814056396484375
v 0.005911350250244141 -0.27496337890625 0.013401985168457031
v 0.005911350250244141 -0.27496337890625 0.013401985168457031
v 0.00592803955078125 -0.307891845703125 -0.1150054931640625
v 0.005983829498291016 -0.054744720458984375 -0.4833984375
v 0.006211757659912109 -0.022310256958007812 -0.399078369140625
v 0.006215095520019531 0.10065460205078125 0.47064208984375
v 0.006239414215087891 0.212921142578125 0.082000732421875
v 0.006316184997558594 -0.3251953125 0.011433601379394531
v 0.006316184997558594 -0.3251953125 0.011433601379394531
v 0.006339073181152344 0.284149169921875 0.032878875732421875
v 0.006361484527587891 -0.318115234375 -0.083465576171875
v 0.006373882293701172 0.0956268310546875 0.11302947998046875
v 0.006373882293701172 0.0956268310546875 0.11302947998046875
v 0.006382465362548828 0.1937408447265625 0.0928192138671875
v 0.006390094757080078 0.11295318603515625 0.1349945068359375
v 0.006447792053222656 -0.315521240234375 -0.0948333740234375
v 0.006542205810546875 -0.34259033203125 -0.024141311645507812
v 0.006628990173339844 0.355499267578125 -0.003991603851318359
v 0.006628990173339844 0.355499267578125 -0.003991603851318359
v 0.006634712219238281 -0.24505615234375 0.3740234375
v 0.006634712219238281 -0.24505615234375 0.3740234375
v 0.0066509246826171875 0.372344970703125 -0.026325225830078125
v 0.0067501068115234375 -0.2919921875 -0.13226318359375
v 0.006803989410400391 0.37359619140625 -0.010552406311035156
v 0.006803989410400391 0.37359619140625 -0.010552406311035156
v 0.006897449493408203 -0.260894775390625 -0.03154754638671875
v 0.006931304931640625 -0.0863494873046875 0.198211669921875
v 0.006985664367675781 0.180816650390625 0.12091064453125
v 0.006985664367675781 0.180816650390625 0.12091064453125
v 0.007273197174072266 -0.325408935546875 -0.09466552734375
v 0.007388591766357422 0.152923583984375 0.49493408203125
v 0.007460117340087891 -0.335723876953125 -0.0672760009765625
v 0.007479667663574219 0.12390899658203125 0.1381988525390625
v 0.007481098175048828 -0.290740966796875 0.034027099609375
v 0.007513999938964844 0.11768341064453125 0.14422607421875
v 0.007544517517089844 0.1590576171875 0.46624755859375
v 0.007598400115966797 -0.335052490234375 -0.08160400390625
v 0.007607460021972656 -0.275787353515625 0.03777313232421875
v 0.007607936859130859 0.1339263916015625 0.123687744140625
v 0.007684230804443359 -0.308929443359375 0.033069610595703125
v 0.007696628570556641 -0.263336181640625 -0.02196502685546875
v 0.007696628570556641 -0.263336181640625 -0.02196502685546875
v 0.007750511169433594 -0.311798095703125 -0.11269378662109375
v 0.007762908935546875 -0.26953125 -0.002727031707763672
v 0.007762908935546875 -0.26953125 -0.002727031707763672
v 0.007775306701660156 -0.272857666015625 0.01580810546875
v 0.007814407348632812 -0.1993255615234375 0.0802154541015625
v 0.007814407348632812 -0.1993255615234375 0.0802154541015625
v 0.007818222045898438 -0.35498046875 0.004616260528564453
v 0.007818222045898438 -0.35498046875 0.004616260528564453
v 0.007825851440429688 -0.162841796875 0.1091156005859375
v 0.00786590576171875 -0.1760711669921875 0.09891510009765625
v 0.00786590576171875 -0.1760711669921875 0.09891510009765625
v 0.00786590576171875 -0.1760711669921875 0.09891510009765625
v 0.007876396179199219 -0.204254150390625 0.07268524169921875
v 0.007876396179199219 -0.204254150390625 0.07268524169921875
v 0.007876396179199219 -0.204254150390625 0.07268524169921875
v 0.008025169372558594 0.37335205078125 0.003548145294189453
v 0.008040428161621094 -0.185546875 0.0918121337890625
v 0.008040428161621094 -0.185546875 0.0918121337890625
v 0.008048057556152344 -0.349822998046875 -0.04589080810546875
v 0.008121490478515625 0.2418975830078125 0.07135009765625
v 0.008127212524414062 0.201812744140625 0.107513427734375
v 0.008150100708007812 -0.3331298828125 0.035625457763671875
v 0.008154869079589844 -0.327239990234375 0.034717559814453125
v 0.008185386657714844 -0.359466552734375 -0.021207809448242188
v 0.008196830749511719 -0.2381744384765625 0.44207763671875
v 0.008226394653320312 -0.344635009765625 -0.07007598876953125
v 0.008283615112304688 0.302886962890625 0.0385589599609375
v 0.008283615112304688 0.302886962890625 0.0385589599609375
v 0.008296012878417969 0.1564483642578125 0.4854736328125
v 0.008303642272949219 -0.35003662109375 -0.062412261962890625
v 0.008337020874023438 0.14923095703125 0.4957275390625
v 0.008353233337402344 -0.084686279296875 0.19146728515625
v 0.008550643920898438 -0.186981201171875 0.09223175048828125
v 0.008556365966796875 -0.355865478515625 -0.05266571044921875
v 0.00862884521484375 0.30108642578125 -0.125
v 0.008637428283691406 -0.1976165771484375 0.08275604248046875
v 0.008663177490234375 0.253662109375 0.05484771728515625
v 0.008762359619140625 0.360107421875 0.017175674438476562
v 0.008805274963378906 -0.337432861328125 0.0437164306640625
v 0.008912086486816406 -0.359130859375 -0.04706573486328125
v 0.008913993835449219 -0.36553955078125 -0.03459930419921875
v 0.008965492248535156 -0.2466583251953125 0.425201416015625
v 0.008977890014648438 -0.0873870849609375 0.19024658203125
v 0.009011268615722656 0.314453125 -0.1071929931640625
v 0.009074211120605469 -0.17132568359375 0.10475921630859375
v 0.009074211120605469 -0.17132568359375 0.10475921630859375
v 0.009082794189453125 -0.248626708984375 0.38421630859375
v 0.009082794189453125 -0.248626708984375 0.38421630859375
v 0.009099006652832031 -0.2132415771484375 0.06012725830078125
v 0.009099006652832031 -0.2132415771484375 0.06012725830078125
v 0.009113311767578125 -0.2060089111328125 0.0734405517578125
v 0.009137153625488281 0.376373291015625 0.013429641723632812
v 0.0091552734375 -0.1504669189453125 0.11881256103515625
v 0.009215354919433594 -0.336090087890625 -0.08176422119140625
v 0.009275436401367188 -0.2960205078125 0.03375244140625
v 0.009276390075683594 0.34490966796875 0.03765106201171875
v 0.0092926025390625 0.270050048828125 0.051235198974609375
v 0.009325027465820312 -0.352508544921875 0.04209136962890625
v 0.009409904479980469 0.152374267578125 0.1406402587890625
v 0.009465217590332031 -0.362762451171875 0.03326416015625
v 0.009490966796875 -0.37591552734375 0.00011319667100906372
v 0.009490966796875 -0.37591552734375 0.00011319667100906372
v 0.009512901306152344 -0.260650634765625 -0.029275894165039062
v 0.009512901306152344 -0.260650634765625 -0.029275894165039062
v 0.009553909301757812 0.220855712890625 -0.1765594482421875
v 0.009631156921386719 -0.376678466796875 -0.013459205627441406
v 0.009697914123535156 -0.320831298828125 -0.10247039794921875
v 0.009709358215332031 -0.033252716064453125 -0.397705078125
v 0.009709358215332031 -0.033252716064453125 -0.397705078125
v 0.0097198486328125 0.045970916748046875 0.1910858154296875
v 0.0097198486328125 0.045970916748046875 0.1910858154296875
v 0.009725570678710938 -0.10375213623046875 0.1848602294921875
v 0.009765625 -0.375152587890625 0.0216827392578125
v 0.009765625 -0.375152587890625 0.0216827392578125
v 0.009786605834960938 -0.3095703125 0.034412384033203125
v 0.009804725646972656 0.1182403564453125 0.14935302734375
v 0.009815216064453125 -0.2146453857421875 0.057849884033203125
v 0.009815216064453125 -0.2146453857421875 0.057849884033203125
v 0.009859085083007812 0.160247802734375 0.1449127197265625
v 0.009870529174804688 0.16522216796875 0.4410400390625
v 0.009870529174804688 0.16522216796875 0.4410400390625
v 0.009873390197753906 0.20404052734375 0.12395477294921875
v 0.009873390197753906 0.20404052734375 0.12395477294921875
v 0.009936332702636719 -0.330657958984375 0.035953521728515625
v 0.009945869445800781 -0.221893310546875 0.067718505859375
v 0.009945869445800781 -0.221893310546875 0.067718505859375
v 0.010028839111328125 0.12506103515625 0.1608123779296875
v 0.010056495666503906 -0.21246337890625 0.10296630859375
v 0.010064125061035156 0.217132568359375 0.09839630126953125
v 0.010095596313476562 -0.274993896484375 0.037078857421875
v 0.010137557983398438 -0.22564697265625 0.07253265380859375
v 0.010189056396484375 0.376190185546875 0.025186538696289062
v 0.010190963745117188 0.345977783203125 0.04277801513671875
v 0.010207176208496094 0.10068511962890625 0.300445556640625
v 0.0102691650390625 -0.257293701171875 -0.021615982055664062
v 0.0102691650390625 -0.257293701171875 -0.021615982055664062
v 0.010271072387695312 -0.175262451171875 0.1221466064453125
v 0.010286331176757812 -0.041568756103515625 0.352508544921875
v 0.010286331176757812 -0.041568756103515625 0.352508544921875
v 0.010336875915527344 0.13861083984375 0.1391143798828125
v 0.010375022888183594 -0.1976165771484375 0.1173553466796875
v 0.010375022888183594 -0.1976165771484375 0.1173553466796875
v 0.010392189025878906 -0.1576080322265625 0.11440277099609375
v 0.010397911071777344 0.1734619140625 0.1456756591796875
v 0.010404586791992188 0.35791015625 0.03973388671875
v 0.0105133056640625 -0.05072021484375 0.3441162109375
v 0.010589599609375 0.335693359375 0.04593658447265625
v 0.010590553283691406 -0.020742416381835938 -0.48809814453125
v 0.010601043701171875 0.255706787109375 0.0740203857421875
v 0.010615348815917969 0.0642547607421875 0.1839752197265625
v 0.010622024536132812 0.368194580078125 0.036266326904296875
v 0.010677337646484375 -0.1803131103515625 0.427520751953125
v 0.010697364807128906 -0.234130859375 0.08478546142578125
v 0.010752677917480469 0.218017578125 -0.2075042724609375
v 0.010858535766601562 -0.343475341796875 0.04859161376953125
v 0.010924339294433594 -0.12017822265625 0.2385101318359375
v 0.010944366455078125 -0.1078338623046875 0.1563568115234375
v 0.010961532592773438 0.018873214721679688 -0.489349365234375
v 0.011019706726074219 0.278533935546875 -0.1510162353515625
v 0.01107025146484375 0.134613037109375 0.158447265625
v 0.011096954345703125 0.28594970703125 0.054241180419921875
v 0.011099815368652344 -0.24700927734375 0.443084716796875
v 0.011137962341308594 0.31878662109375 0.050136566162109375
v 0.011209487915039062 -0.2381439208984375 0.024658203125
v 0.0113067626953125 0.21405029296875 -0.24420166015625
v 0.011364936828613281 0.149810791015625 0.389312744140625
v 0.011404037475585938 0.2292633056640625 0.0975799560546875
v 0.011404991149902344 0.364898681640625 0.039394378662109375
v 0.011417388916015625 -0.2784423828125 0.03936004638671875
v 0.011496543884277344 -0.280975341796875 -0.1695404052734375
v 0.011566162109375 -0.25091552734375 -0.005400180816650391
v 0.011566162109375 -0.25091552734375 -0.005400180816650391
v 0.011566162109375 -0.25091552734375 -0.005400180816650391
v 0.011613845825195312 0.2206878662109375 -0.181121826171875
v 0.011651039123535156 0.1972503662109375 0.1436309814453125
v 0.011651039123535156 0.1972503662109375 0.1436309814453125
v 0.011684417724609375 0.223297119140625 0.11578369140625
v 0.011714935302734375 -0.1912689208984375 0.136383056640625
v 0.011714935302734375 -0.1912689208984375 0.136383056640625
v 0.011720657348632812 -0.231536865234375 0.1197509765625
v 0.01177215576171875 0.3555908203125 0.042163848876953125
v 0.011774063110351562 0.129302978515625 0.1725616455078125
v 0.011810302734375 -0.35369873046875 0.042041778564453125
v 0.011826515197753906 0.0364532470703125 -0.475982666015625
v 0.011837959289550781 -0.3759765625 0.022815704345703125
v 0.011896133422851562 -0.23590087890625 0.08404541015625
v 0.011944770812988281 -0.270172119140625 -0.200103759765625
v 0.011944770812988281 -0.270172119140625 -0.200103759765625
v 0.011954307556152344 0.37457275390625 -0.005917072296142578
v 0.011954307556152344 0.37457275390625 -0.005917072296142578
v 0.011995315551757812 -0.36749267578125 -0.032299041748046875
v 0.012003898620605469 -0.37811279296875 -0.012791633605957031
v 0.012003898620605469 -0.37811279296875 -0.012791633605957031
v 0.012006759643554688 -0.2506103515625 0.10404205322265625
v 0.012015342712402344 -0.17626953125 0.1318359375
v 0.012018203735351562 0.309539794921875 0.054935455322265625
v 0.012071609497070312 0.332366943359375 -0.0836639404296875
v 0.012207984924316406 -0.2532958984375 0.397735595703125
v 0.012207984924316406 -0.2532958984375 0.397735595703125
v 0.012226104736328125 0.12439727783203125 0.165008544921875
v 0.012249946594238281 0.05280303955078125 -0.46331787109375
v 0.012295722961425781 -0.275390625 -0.1848602294921875
v 0.012295722961425781 -0.275390625 -0.1848602294921875
v 0.012299537658691406 0.012370109558105469 0.407562255859375
v 0.012303352355957031 0.22149658203125 0.1310272216796875
v 0.012352943420410156 -0.2439422607421875 0.09320831298828125
v 0.012368202209472656 0.33831787109375 0.04703521728515625
v 0.012368202209472656 -0.263092041015625 -0.221038818359375
v 0.012368202209472656 -0.263092041015625 -0.221038818359375
v 0.01239776611328125 -0.21636962890625 0.1392669677734375
v 0.012431144714355469 -0.24969482421875 -0.259674072265625
v 0.012431144714355469 -0.24969482421875 -0.259674072265625
v 0.012433052062988281 -0.2412872314453125 0.018901824951171875
v 0.012486457824707031 -0.1522674560546875 0.121490478515625
v 0.012584686279296875 -0.28668212890625 -0.13787841796875
v 0.012607574462890625 0.047985076904296875 0.204620361328125
v 0.012607574462890625 0.047985076904296875 0.204620361328125
v 0.012664794921875 -0.2222137451171875 -0.30511474609375
v 0.012696266174316406 0.1896820068359375 -0.315673828125
v 0.012720108032226562 0.1598663330078125 0.5003662109375
v 0.012796401977539062 0.319122314453125 0.05205535888671875
v 0.012815475463867188 0.0651702880859375 -0.45355224609375
v 0.012834548950195312 0.271942138671875 0.06640625
v 0.012888908386230469 -0.09883880615234375 0.2176513671875
v 0.012895584106445312 -0.2777099609375 -0.1475677490234375
v 0.012895584106445312 -0.2777099609375 -0.1475677490234375
v 0.012899398803710938 0.1684417724609375 0.163970947265625
v 0.012937545776367188 -0.254852294921875 -0.2447662353515625
v 0.012937545776367188 -0.254852294921875 -0.2447662353515625
v 0.012960433959960938 -0.24560546875 -0.266571044921875
v 0.012960433959960938 -0.24560546875 -0.266571044921875
v 0.012960433959960938 -0.24560546875 -0.266571044921875
v 0.012999534606933594 0.2450714111328125 0.0942535400390625
v 0.013030052185058594 -0.020708084106445312 -0.39837646484375
v 0.013080596923828125 -0.242279052734375 0.1376190185546875
v 0.013091087341308594 0.1396026611328125 0.489959716796875
v 0.013113975524902344 -0.261505126953125 0.11527252197265625
v 0.013176918029785156 0.302001953125 0.06097412109375
v 0.013176918029785156 0.302001953125 0.06097412109375
v 0.013258934020996094 -0.1473846435546875 0.12032318115234375
v 0.013284683227539062 0.06601715087890625 0.1651458740234375
v 0.013286590576171875 -0.21319580078125 -0.3203125
v 0.013335227966308594 0.1301422119140625 0.1784515380859375
v 0.013443946838378906 -0.2542724609375 0.1047210693359375
v 0.013444900512695312 0.00464630126953125 -0.50030517578125
v 0.013449668884277344 -0.2351837158203125 -0.28411865234375
v 0.013459205627441406 0.168792724609375 0.457183837890625
v 0.01348876953125 0.135650634765625 0.36181640625
v 0.013614654541015625 -0.2045745849609375 0.1511383056640625
v 0.013614654541015625 -0.2045745849609375 0.1511383056640625
v 0.013638496398925781 -0.14178466796875 -0.4368896484375
v 0.013648033142089844 0.175323486328125 -0.33843994140625
v 0.013649940490722656 0.1513214111328125 0.161712646484375
v 0.013666152954101562 0.156951904296875 -0.36883544921875
v 0.013726234436035156 -0.1558380126953125 0.1346435546875
v 0.013730049133300781 0.2094573974609375 -0.283447265625
v 0.013730049133300781 0.2094573974609375 -0.283447265625
v 0.013730049133300781 0.2094573974609375 -0.283447265625
v 0.0137939453125 0.1446075439453125 -0.38885498046875
v 0.0137939453125 0.1446075439453125 -0.38885498046875
v 0.01386260986328125 -0.26898193359375 0.1248016357421875
v 0.013872146606445312 0.066680908203125 0.1444244384765625
v 0.013890266418457031 0.02388763427734375 -0.48553466796875
v 0.013933181762695312 -0.07114410400390625 -0.491943359375
v 0.013975143432617188 -0.166229248046875 -0.410003662109375
v 0.014000892639160156 -0.021368026733398438 -0.48553466796875
v 0.014025688171386719 0.2088623046875 0.1560211181640625
v 0.014035224914550781 -0.08927154541015625 0.2082977294921875
v 0.014035224914550781 -0.08927154541015625 0.2082977294921875
v 0.014074325561523438 -0.1619720458984375 0.1431121826171875
v 0.01407623291015625 -0.256072998046875 0.40570068359375
v 0.01407623291015625 -0.256072998046875 0.40570068359375
v 0.01409149169921875 0.2180023193359375 0.1507415771484375
v 0.01409149169921875 0.2180023193359375 0.1507415771484375
v 0.014092445373535156 -0.2245025634765625 0.044094085693359375
v 0.014094352722167969 -0.1222991943359375 0.1336822509765625
v 0.014145851135253906 0.1692657470703125 -0.34869384765625
v 0.014147758483886719 0.227386474609375 0.1432342529296875
v 0.014172554016113281 0.2364959716796875 0.1336212158203125
v 0.014207839965820312 -0.07741546630859375 -0.493438720703125
v 0.014231681823730469 -0.1328887939453125 -0.4466552734375
v 0.014248847961425781 0.1439666748046875 0.1802825927734375
v 0.014266014099121094 0.241119384765625 0.125762939453125
v 0.014273643493652344 0.260986328125 0.08754730224609375
v 0.01428985595703125 0.2460174560546875 0.115264892578125
v 0.014345169067382812 -0.27337646484375 0.132720947265625
v 0.014354705810546875 -0.179229736328125 0.142120361328125
v 0.014373779296875 0.046718597412109375 0.19146728515625
v 0.014373779296875 0.046718597412109375 0.19146728515625
v 0.014383316040039062 -0.020503997802734375 -0.46868896484375
v 0.014383316040039062 -0.020503997802734375 -0.46868896484375
v 0.014394760131835938 -0.11232757568359375 -0.464874267578125
v 0.014403343200683594 0.09038543701171875 0.11779022216796875
v 0.014403343200683594 0.09038543701171875 0.11779022216796875
v 0.014415740966796875 -0.11083221435546875 0.1396484375
v 0.014415740966796875 -0.11083221435546875 0.1396484375
v 0.014430999755859375 -0.0819244384765625 -0.490234375
v 0.014446258544921875 0.0996856689453125 -0.435699462890625
v 0.01446533203125 0.26824951171875 0.08307647705078125
v 0.014489173889160156 0.1912841796875 0.167449951171875
v 0.01450347900390625 -0.09651947021484375 -0.47796630859375
v 0.014550209045410156 0.050678253173828125 0.2086029052734375
v 0.014552116394042969 0.21673583984375 0.15264892578125
v 0.014552116394042969 0.21673583984375 0.15264892578125
v 0.014554023742675781 -0.24908447265625 0.162689208984375
v 0.014554023742675781 -0.24908447265625 0.162689208984375
v 0.014565467834472656 0.2058563232421875 -0.289093017578125
v 0.014603614807128906 -0.20989990234375 -0.34661865234375
v 0.014708518981933594 0.253509521484375 0.10646820068359375
v 0.014721870422363281 0.1369476318359375 -0.401580810546875
v 0.014721870422363281 0.1369476318359375 -0.401580810546875
v 0.014758110046386719 0.06505584716796875 0.182037353515625
v 0.014789581298828125 0.159637451171875 0.176788330078125
v 0.014815330505371094 0.12450408935546875 -0.422454833984375
v 0.014815330505371094 0.12450408935546875 -0.422454833984375
v 0.0148162841796875 -0.203765869140625 -0.335723876953125
v 0.014821052551269531 -0.248931884765625 0.44500732421875
v 0.014843940734863281 0.2900390625 0.0702667236328125
v 0.014843940734863281 0.2900390625 0.0702667236328125
v 0.014856338500976562 0.08514404296875 -0.4429931640625
v 0.014906883239746094 -0.1684417724609375 0.15545654296875
v 0.014914512634277344 0.178802490234375 0.1749267578125
v 0.014962196350097656 0.2033538818359375 0.163238525390625
v 0.014990806579589844 -0.1285552978515625 -0.451751708984375
v 0.014990806579589844 -0.1728668212890625 -0.401123046875
v 0.015039443969726562 -0.230316162109375 0.34197998046875
v 0.015077590942382812 0.3662109375 0.03943634033203125
v 0.015099525451660156 -0.2098541259765625 0.16973876953125
v 0.015099525451660156 -0.2098541259765625 0.16973876953125
v 0.015156745910644531 0.277496337890625 0.07787322998046875
v 0.015207290649414062 -0.020397186279296875 -0.448272705078125
v 0.015207290649414062 -0.020397186279296875 -0.448272705078125
v 0.015216827392578125 -0.28131103515625 0.1448516845703125
v 0.015280723571777344 -0.2900390625 0.167083740234375
v 0.015316963195800781 0.10976409912109375 0.10040283203125
v 0.015364646911621094 -0.2256927490234375 0.1788787841796875
v 0.015364646911621094 -0.2256927490234375 0.1788787841796875
v 0.015364646911621094 -0.2256927490234375 0.1788787841796875
v 0.015391349792480469 0.1657867431640625 0.497039794921875
v 0.015409469604492188 -0.1818389892578125 -0.38812255859375
v 0.015439033508300781 0.129791259765625 0.350311279296875
v 0.015463829040527344 -0.278900146484375 0.1890106201171875
v 0.015463829040527344 -0.278900146484375 0.1890106201171875
v 0.015478134155273438 0.1807708740234375 0.1761627197265625
v 0.015498161315917969 -0.19403076171875 -0.370086669921875
v 0.015600204467773438 -0.287628173828125 0.157257080078125
v 0.015619277954101562 -0.055332183837890625 -0.48675537109375
v 0.015623092651367188 0.0670166015625 0.13494873046875
v 0.015659332275390625 0.166900634765625 0.183135986328125
v 0.01569366455078125 -0.04555511474609375 -0.3990478515625
v 0.015697479248046875 -0.10369110107421875 0.1904449462890625
v 0.015726089477539062 -0.2353668212890625 0.185943603515625
v 0.015726089477539062 -0.2353668212890625 0.185943603515625
v 0.015726089477539062 -0.378082275390625 -0.011638641357421875
v 0.015726089477539062 -0.378082275390625 -0.011638641357421875
v 0.015811920166015625 -0.30670166015625 -0.118011474609375
v 0.015813827514648438 0.1928863525390625 0.1696319580078125
v 0.015882492065429688 0.215728759765625 0.1543731689453125
v 0.015882492065429688 0.215728759765625 0.1543731689453125
v 0.015897750854492188 -0.27081298828125 0.17291259765625
v 0.015897750854492188 -0.27081298828125 0.17291259765625
v 0.01590728759765625 0.2352752685546875 0.138671875
v 0.015911102294921875 0.246795654296875 0.11896514892578125
v 0.015920639038085938 0.047466278076171875 0.199188232421875
v 0.015920639038085938 0.047466278076171875 0.199188232421875
v 0.015932083129882812 0.26123046875 0.092254638671875
v 0.015970230102539062 -0.0883941650390625 0.2023468017578125
v 0.016033172607421875 -0.21649169921875 0.18328857421875
v 0.016035079956054688 0.17340087890625 0.1810760498046875
v 0.016054153442382812 -0.3221435546875 -0.10047149658203125
v 0.016061782836914062 -0.376129150390625 0.022563934326171875
v 0.016061782836914062 -0.376129150390625 0.022563934326171875
v 0.0160980224609375 -0.262908935546875 0.1895294189453125
v 0.01617431640625 -0.244110107421875 0.1892852783203125
v 0.016279220581054688 -0.1804351806640625 0.1736602783203125
v 0.01629638671875 -0.1911163330078125 0.176177978515625
v 0.016511917114257812 -0.259979248046875 0.416839599609375
v 0.016511917114257812 -0.259979248046875 0.416839599609375
v 0.016592025756835938 0.09946441650390625 0.110382080078125
v 0.016613006591796875 -0.2052154541015625 0.189788818359375
v 0.016660690307617188 -0.021146774291992188 -0.4073486328125
v 0.016660690307617188 -0.021146774291992188 -0.4073486328125
v 0.016668319702148438 0.11101531982421875 0.10198211669921875
v 0.016733169555664062 0.051605224609375 0.446868896484375
v 0.01688385009765625 -0.33056640625 -0.0893096923828125
v 0.01690673828125 0.08045196533203125 0.461090087890625
v 0.016958236694335938 -0.34759521484375 -0.06597137451171875
v 0.017042160034179688 -0.356781005859375 -0.050243377685546875
v 0.017049789428710938 -0.340301513671875 -0.07646942138671875
v 0.017108917236328125 -0.354583740234375 -0.05472564697265625
v 0.01712799072265625 -0.1059417724609375 0.179779052734375
v 0.017194747924804688 -0.363983154296875 -0.03762054443359375
v 0.017293930053710938 -0.371337890625 -0.024873733520507812
v 0.017408370971679688 -0.183837890625 0.1798248291015625
v 0.0174560546875 -0.375091552734375 -0.017930984497070312
v 0.017499923706054688 -0.211334228515625 0.189727783203125
v 0.017530441284179688 0.1727447509765625 0.4737548828125
v 0.01753997802734375 -0.2718505859375 0.0047760009765625
v 0.01753997802734375 -0.2718505859375 0.0047760009765625
v 0.017545700073242188 0.05799102783203125 0.2200469970703125
v 0.017549514770507812 -0.318389892578125 -0.1010589599609375
v 0.017665863037109375 -0.2146453857421875 0.057888031005859375
v 0.017665863037109375 -0.2146453857421875 0.057888031005859375
v 0.0177001953125 -0.341644287109375 -0.0552520751953125
v 0.017705917358398438 -0.30621337890625 -0.1166839599609375
v 0.017740249633789062 -0.19354248046875 0.1888275146484375
v 0.017749786376953125 0.1216888427734375 0.334381103515625
v 0.017778396606445312 -0.32794189453125 -0.0751953125
v 0.017824172973632812 -0.351531982421875 -0.03879547119140625
v 0.017854690551757812 -0.29852294921875 -0.1256256103515625
v 0.017908096313476562 -0.26220703125 0.1915283203125
v 0.017911911010742188 -0.27496337890625 0.037139892578125
v 0.0179443359375 -0.208160400390625 0.191741943359375
v 0.017946243286132812 -0.25653076171875 0.446624755859375
v 0.017946243286132812 -0.25653076171875 0.446624755859375
v 0.01795196533203125 -0.2818603515625 0.0386962890625
v 0.018024444580078125 -0.222137451171875 0.1808013916015625
v 0.018024444580078125 -0.222137451171875 0.1808013916015625
v 0.01802825927734375 -0.313079833984375 0.034641265869140625
v 0.018045425415039062 -0.375732421875 -0.00039690732955932617
v 0.018045425415039062 -0.375732421875 -0.00039690732955932617
v 0.018053054809570312 -0.375885009765625 0.010506629943847656
v 0.018053054809570312 -0.375885009765625 0.010506629943847656
v 0.018056869506835938 0.32867431640625 0.0497894287109375
v 0.01811981201171875 0.31048583984375 0.054630279541015625
v 0.018156051635742188 -0.073699951171875 0.361175537109375
v 0.018169403076171875 -0.37506103515625 0.022556304931640625
v 0.018175125122070312 -0.343597412109375 0.049282073974609375
v 0.018224716186523438 0.3779296875 0.020853042602539062
v 0.018247604370117188 0.047664642333984375 -0.466094970703125
v 0.018270492553710938 0.265045166015625 0.0851898193359375
v 0.01831817626953125 -0.288665771484375 -0.1343994140625
v 0.0183563232421875 0.04798126220703125 0.203155517578125
v 0.018381118774414062 0.294677734375 0.06695556640625
v 0.01840972900390625 -0.37353515625 0.013869285583496094
v 0.0185394287109375 -0.357574462890625 -0.019952774047851562
v 0.018598556518554688 -0.054294586181640625 0.34503173828125
v 0.018632888793945312 0.366729736328125 0.03852081298828125
v 0.018678665161132812 -0.359771728515625 0.03681182861328125
v 0.018739700317382812 0.36163330078125 0.040515899658203125
v 0.018764495849609375 -0.276947021484375 -0.1470794677734375
v 0.018779754638671875 -0.30560302734375 -0.08748626708984375
v 0.018789291381835938 0.142242431640625 0.18096923828125
v 0.01880645751953125 -0.285400390625 -0.1008758544921875
v 0.018842697143554688 -0.33074951171875 0.036159515380859375
v 0.018896102905273438 -0.26031494140625 -0.03058624267578125
v 0.018957138061523438 0.258514404296875 0.0962982177734375
v 0.018976211547851562 -0.263824462890625 0.42950439453125
v 0.018976211547851562 -0.263824462890625 0.42950439453125
v 0.019002914428710938 0.279327392578125 0.07660675048828125
v 0.019006729125976562 -0.24615478515625 0.19122314453125
v 0.019107818603515625 -0.1604461669921875 0.4222412109375
v 0.019159317016601562 0.34637451171875 0.044647216796875
v 0.019166946411132812 0.375640869140625 0.006398677825927734
v 0.019178390502929688 -0.274261474609375 -0.12109375
v 0.019193649291992188 -0.222442626953125 0.438262939453125
v 0.019262313842773438 -0.27496337890625 -0.1340789794921875
v 0.01926422119140625 0.25408935546875 0.0854949951171875
v 0.0192718505859375 -0.26434326171875 -0.019453048706054688
v 0.019285202026367188 0.0936126708984375 -0.43792724609375
v 0.019359588623046875 -0.27301025390625 -0.10364532470703125
v 0.01937103271484375 0.06885528564453125 0.23919677734375
v 0.01937103271484375 0.06885528564453125 0.23919677734375
v 0.019405364990234375 0.04567718505859375 0.1911163330078125
v 0.019405364990234375 0.04567718505859375 0.1911163330078125
v 0.019405364990234375 0.04567718505859375 0.1911163330078125
v 0.019411087036132812 -0.356292724609375 0.006087779998779297
v 0.019411087036132812 -0.356292724609375 0.006087779998779297
v 0.019449234008789062 0.35772705078125 0.033954620361328125
v 0.019458770751953125 -0.264892578125 0.11872100830078125
v 0.019475936889648438 0.288970947265625 0.0709991455078125
v 0.019475936889648438 0.288970947265625 0.0709991455078125
v 0.019498825073242188 0.351348876953125 0.039852142333984375
v 0.019536972045898438 -0.272308349609375 -0.093017578125
v 0.019559860229492188 -0.27386474609375 0.1318511962890625
v 0.019559860229492188 -0.340850830078125 -0.029531478881835938
v 0.019613265991210938 -0.2487335205078125 0.383697509765625
v 0.01967620849609375 0.25457763671875 0.1041107177734375
v 0.019735336303710938 -0.136199951171875 0.409088134765625
v 0.019739151000976562 -0.281097412109375 0.1855316162109375
v 0.01978302001953125 0.003736257553100586 -0.499847412109375
v 0.019832611083984375 -0.2916259765625 0.1654815673828125
v 0.019845962524414062 0.3282470703125 0.04860687255859375
v 0.0198516845703125 -0.33514404296875 0.033519744873046875
v 0.019870758056640625 0.16021728515625 0.1834564208984375
v 0.019983291625976562 -0.268341064453125 -0.00688934326171875
v 0.019985198974609375 0.07277679443359375 0.24609375
v 0.019985198974609375 0.07277679443359375 0.24609375
v 0.019985198974609375 0.07277679443359375 0.24609375
v 0.019985198974609375 0.07277679443359375 0.24609375
v 0.020029067993164062 -0.274627685546875 0.02767181396484375
v 0.020050048828125 -0.272674560546875 0.010247230529785156
v 0.020051956176757812 -0.24224853515625 0.189849853515625
v 0.020055770874023438 -0.2378082275390625 0.08576202392578125
v 0.02008056640625 -0.317230224609375 0.0330963134765625
v 0.020084381103515625 -0.1188812255859375 0.135406494140625
v 0.020084381103515625 -0.1188812255859375 0.135406494140625
v 0.02008819580078125 0.372222900390625 -0.030637741088867188
v 0.020093917846679688 -0.286376953125 0.03582000732421875
v 0.020107269287109375 0.1727752685546875 0.492431640625
v 0.020114898681640625 -0.272796630859375 -0.07598876953125
v 0.020116806030273438 0.1831207275390625 0.1751708984375
v 0.02011871337890625 -0.2882080078125 -0.07330322265625
v 0.020124435424804688 0.20068359375 0.164825439453125
v 0.020153045654296875 -0.016817092895507812 -0.490203857421875
v 0.020153045654296875 -0.016817092895507812 -0.490203857421875
v 0.020198822021484375 0.257965087890625 0.0735321044921875
v 0.020204544067382812 0.37408447265625 -0.0089263916015625
v 0.020204544067382812 0.37408447265625 -0.0089263916015625
v 0.020221710205078125 -0.27716064453125 0.03708648681640625
v 0.020250320434570312 -0.263671875 -0.03992462158203125
v 0.020275115966796875 -0.296356201171875 0.0334930419921875
v 0.020326614379882812 -0.2720947265625 -0.056499481201171875
v 0.020338058471679688 0.29931640625 0.061473846435546875
v 0.02034759521484375 0.310791015625 0.053653717041015625
v 0.020395278930664062 0.218231201171875 0.1526031494140625
v 0.020395278930664062 0.218231201171875 0.1526031494140625
v 0.020406723022460938 -0.112274169921875 0.13897705078125
v 0.020406723022460938 -0.112274169921875 0.13897705078125
v 0.020421981811523438 0.327667236328125 0.045459747314453125
v 0.020458221435546875 -0.26690673828125 -0.048648834228515625
v 0.020458221435546875 -0.28485107421875 0.1517181396484375
v 0.02053070068359375 0.1756439208984375 0.487823486328125
v 0.020532608032226562 -0.2247772216796875 0.0707550048828125
v 0.020547866821289062 0.359161376953125 -0.0020399093627929688
v 0.020547866821289062 0.359161376953125 -0.0020399093627929688
v 0.020570755004882812 -0.14776611328125 0.12087249755859375
v 0.020647048950195312 -0.1596527099609375 0.1417236328125
v 0.020654678344726562 -0.305755615234375 -0.053737640380859375
v 0.020673751831054688 0.373779296875 -0.014708518981933594
v 0.020679473876953125 -0.1543121337890625 0.1300506591796875
v 0.020715713500976562 -0.2720947265625 0.0017563104629516602
v 0.020715713500976562 -0.2720947265625 0.0017563104629516602
v 0.020717620849609375 0.2474517822265625 0.11750030517578125
v 0.020730972290039062 -0.26824951171875 -0.040760040283203125
v 0.020757675170898438 -0.275054931640625 0.0214996337890625
v 0.020847320556640625 -0.08592987060546875 0.1912384033203125
v 0.020895004272460938 0.129638671875 0.1773834228515625
v 0.020936965942382812 -0.163421630859375 0.1476898193359375
v 0.020978927612304688 0.1645355224609375 0.1832122802734375
v 0.021059036254882812 -0.2572021484375 0.10918426513671875
v 0.021131515502929688 -0.2264556884765625 0.18060302734375
v 0.021131515502929688 -0.2264556884765625 0.18060302734375
v 0.021135330200195312 -0.248260498046875 0.09780120849609375
v 0.021152496337890625 -0.2803955078125 0.1432037353515625
v 0.0211639404296875 -0.271728515625 0.132537841796875
v 0.02117919921875 -0.31964111328125 0.003242969512939453
v 0.02117919921875 -0.31964111328125 0.003242969512939453
v 0.021219253540039062 -0.272369384765625 -0.01941680908203125
v 0.021221160888671875 0.12258148193359375 0.158966064453125
v 0.021276473999023438 -0.2835693359375 -0.024003982543945312
v 0.021291732788085938 -0.263885498046875 0.12172698974609375
v 0.021368026733398438 0.2364654541015625 0.0719146728515625
v 0.021373748779296875 -0.27557373046875 0.0060577392578125
v 0.021373748779296875 -0.27557373046875 0.0060577392578125
v 0.021436691284179688 0.309417724609375 0.04681396484375
v 0.021472930908203125 -0.285064697265625 0.005762577056884766
v 0.021472930908203125 -0.285064697265625 0.005762577056884766
v 0.021478652954101562 -0.283966064453125 0.153778076171875
v 0.021493911743164062 0.2342681884765625 0.1391754150390625
v 0.021516799926757812 -0.2378692626953125 0.0880584716796875
v 0.021650314331054688 -0.2705078125 -0.060863494873046875
v 0.02167510986328125 0.239776611328125 0.1305694580078125
v 0.021692276000976562 0.2188873291015625 0.15106201171875
v 0.021692276000976562 0.2188873291015625 0.15106201171875
v 0.021703720092773438 -0.302581787109375 -0.010686874389648438
v 0.021707534790039062 -0.170806884765625 0.158843994140625
v 0.021730422973632812 -0.277923583984375 -0.006615638732910156
v 0.021749496459960938 0.1457672119140625 0.178741455078125
v 0.021793365478515625 -0.2899169921875 0.1658935546875
v 0.02185821533203125 0.2386932373046875 0.10904693603515625
v 0.021879196166992188 0.16229248046875 0.1725311279296875
v 0.0218963623046875 -0.2215423583984375 0.0718231201171875
v 0.021898269653320312 0.088043212890625 0.273590087890625
v 0.021902084350585938 -0.02362823486328125 -0.398101806640625
v 0.021902084350585938 -0.02362823486328125 -0.398101806640625
v 0.021932601928710938 -0.21337890625 0.05913543701171875
v 0.021936416625976562 -0.172027587890625 0.140350341796875
v 0.021953582763671875 0.37091064453125 -0.027437210083007812
v 0.0219573974609375 0.17236328125 0.1807403564453125
v 0.021961212158203125 0.21807861328125 0.1448211669921875
v 0.021966934204101562 0.206329345703125 0.1597442626953125
v 0.021986007690429688 0.366241455078125 -0.03824615478515625
v 0.021986007690429688 -0.174163818359375 0.1646575927734375
v 0.022029876708984375 0.1305389404296875 0.1763458251953125
v 0.022029876708984375 -0.277130126953125 0.1913909912109375
v 0.022052764892578125 0.3502197265625 -0.012247085571289062
v 0.022052764892578125 0.3502197265625 -0.012247085571289062
v 0.022077560424804688 0.1496734619140625 0.1594390869140625
v 0.022092819213867188 -0.249847412109375 0.191375732421875
v 0.022100448608398438 -0.2072906494140625 0.1920623779296875
v 0.022127151489257812 0.1927337646484375 0.1678009033203125
v 0.022127151489257812 0.3587646484375 -0.0480194091796875
v 0.02215576171875 -0.271148681640625 -0.0774993896484375
v 0.022169113159179688 0.1807861328125 0.1747894287109375
v 0.022169113159179688 -0.1934051513671875 0.3074951171875
v 0.022169113159179688 -0.1934051513671875 0.3074951171875
v 0.022195816040039062 0.093780517578125 0.2835693359375
v 0.022216796875 0.117401123046875 0.14605712890625
v 0.022237777709960938 0.2315216064453125 0.06725311279296875
v 0.022319793701171875 0.280181884765625 0.056789398193359375
v 0.022319793701171875 0.280181884765625 0.056789398193359375
v 0.022329330444335938 0.344635009765625 0.0013419389724731445
v 0.022329330444335938 0.344635009765625 0.0013419389724731445
v 0.02233123779296875 -0.287445068359375 0.17242431640625
v 0.02233123779296875 -0.287445068359375 0.17242431640625
v 0.02249908447265625 -0.0888671875 0.2077789306640625
v 0.02249908447265625 -0.0888671875 0.2077789306640625
v 0.022584915161132812 -0.209014892578125 0.06519317626953125
v 0.022584915161132812 -0.209014892578125 0.06519317626953125
v 0.022624969482421875 -0.26116943359375 0.43597412109375
v 0.022638320922851562 0.151275634765625 0.495452880859375
v 0.022686004638671875 0.13311767578125 0.150604248046875
v 0.022722244262695312 0.1388092041015625 0.14202880859375
v 0.02272796630859375 -0.1828460693359375 0.17779541015625
v 0.0228118896484375 0.366302490234375 -0.035343170166015625
v 0.022855758666992188 -0.136016845703125 -0.4405517578125
v 0.022861480712890625 0.19659423828125 0.1427154541015625
v 0.022861480712890625 0.19659423828125 0.1427154541015625
v 0.022909164428710938 0.1060333251953125 0.305206298828125
v 0.0231170654296875 0.11460113525390625 0.137542724609375
v 0.023126602172851562 0.12416839599609375 0.1578369140625
v 0.02320098876953125 -0.264801025390625 0.1644134521484375
v 0.02320098876953125 -0.264801025390625 0.1644134521484375
v 0.0233001708984375 0.32989501953125 0.021589279174804688
v 0.023303985595703125 0.2294464111328125 0.1179046630859375
v 0.023342132568359375 0.163726806640625 0.1566009521484375
v 0.023366928100585938 -0.1944732666015625 0.1887664794921875
v 0.023488998413085938 0.177978515625 0.140716552734375
v 0.02355194091796875 0.112091064453125 0.126953125
v 0.0235595703125 -0.2215118408203125 0.178619384765625
v 0.0235595703125 -0.2215118408203125 0.178619384765625
v 0.023572921752929688 -0.2371826171875 0.18634033203125
v 0.023580551147460938 -0.049427032470703125 -0.43408203125
v 0.023654937744140625 -0.2767333984375 0.189422607421875
v 0.023738861083984375 -0.24493408203125 0.1880950927734375
v 0.023763656616210938 -0.10414886474609375 0.38433837890625
v 0.02382659912109375 -0.1974945068359375 0.152862548828125
v 0.02382659912109375 -0.1974945068359375 0.152862548828125
v 0.02382659912109375 -0.1974945068359375 0.152862548828125
v 0.023832321166992188 -0.2124176025390625 0.188323974609375
v 0.023834228515625 -0.2281341552734375 0.1753997802734375
v 0.023834228515625 -0.2281341552734375 0.1753997802734375
v 0.023843765258789062 -0.12104034423828125 0.39739990234375
v 0.023870468139648438 -0.2368011474609375 0.1750335693359375
v 0.023881912231445312 -0.26434326171875 0.4288330078125
v 0.023895263671875 -0.2444915771484375 0.149810791015625
v 0.023895263671875 -0.2444915771484375 0.149810791015625
v 0.023895263671875 -0.2532958984375 0.167572021484375
v 0.023916244506835938 -0.205078125 0.189422607421875
v 0.023929595947265625 -0.204498291015625 0.157440185546875
v 0.023929595947265625 -0.204498291015625 0.157440185546875
v 0.023929595947265625 -0.204498291015625 0.157440185546875
v 0.023939132690429688 -0.153076171875 0.1181793212890625
v 0.023939132690429688 -0.153076171875 0.1181793212890625
v 0.023983001708984375 -0.255462646484375 0.18939208984375
v 0.0240020751953125 -0.19805908203125 0.080963134765625
v 0.0240020751953125 -0.19805908203125 0.080963134765625
v 0.024034500122070312 -0.1828155517578125 0.1388092041015625
v 0.024034500122070312 -0.1828155517578125 0.1388092041015625
v 0.024034500122070312 -0.1828155517578125 0.1388092041015625
v 0.024034500122070312 -0.1828155517578125 0.1388092041015625
v 0.024036407470703125 -0.2298583984375 0.1327667236328125
v 0.024036407470703125 -0.2298583984375 0.1327667236328125
v 0.024065017700195312 -0.1882781982421875 0.4296875
v 0.02407073974609375 0.35662841796875 -0.048366546630859375
v 0.024126052856445312 -0.1636810302734375 0.1262969970703125
v 0.024126052856445312 -0.1636810302734375 0.1262969970703125
v 0.024133682250976562 -0.053676605224609375 -0.473724365234375
v 0.024139404296875 0.342742919921875 -0.06970977783203125
v 0.024200439453125 0.1187896728515625 0.1448211669921875
v 0.024204254150390625 0.350372314453125 -0.05924224853515625
v 0.024263381958007812 0.1350250244140625 0.120361328125
v 0.024263381958007812 0.220733642578125 0.08740997314453125
v 0.024274826049804688 0.059986114501953125 0.18511962890625
v 0.024288177490234375 -0.215240478515625 0.11772918701171875
v 0.024288177490234375 -0.215240478515625 0.11772918701171875
v 0.024383544921875 -0.1753082275390625 0.290496826171875
v 0.024450302124023438 0.2037353515625 0.1213836669921875
v 0.024450302124023438 0.2037353515625 0.1213836669921875
v 0.02446746826171875 0.0627288818359375 0.15704345703125
v 0.024530410766601562 0.15972900390625 0.1384429931640625
v 0.024562835693359375 0.013003349304199219 -0.491241455078125
v 0.024578094482421875 -0.2364044189453125 0.347198486328125
v 0.024587631225585938 -0.2025146484375 0.1020050048828125
v 0.024587631225585938 -0.2025146484375 0.1020050048828125
v 0.024654388427734375 -0.164306640625 0.10919952392578125
v 0.02466583251953125 -0.0719451904296875 -0.4901123046875
v 0.024799346923828125 0.21734619140625 0.060306549072265625
v 0.024923324584960938 -0.1787567138671875 0.0982208251953125
v 0.024923324584960938 -0.1787567138671875 0.0982208251953125
v 0.024923324584960938 -0.1787567138671875 0.0982208251953125
v 0.024938583374023438 0.1840972900390625 0.1297607421875
v 0.024938583374023438 0.1840972900390625 0.1297607421875
v 0.024988174438476562 -0.1902313232421875 0.08724212646484375
v 0.024988174438476562 -0.1902313232421875 0.08724212646484375
v 0.025033950805664062 -0.0876312255859375 0.1897430419921875
v 0.0251007080078125 0.3382568359375 -0.032360076904296875
v 0.025218963623046875 -0.1448211669921875 0.1208648681640625
v 0.025218963623046875 -0.1448211669921875 0.1208648681640625
v 0.025400161743164062 0.2091217041015625 0.06691741943359375
v 0.025495529174804688 0.115631103515625 0.1312408447265625
v 0.0254974365234375 0.1329345703125 0.10987091064453125
v 0.025516510009765625 -0.2481536865234375 -0.259613037109375
v 0.025539398193359375 0.157012939453125 0.1259002685546875
v 0.025562286376953125 -0.2115020751953125 0.435516357421875
v 0.025592803955078125 -0.1282958984375 0.12969970703125
v 0.025592803955078125 -0.1282958984375 0.12969970703125
v 0.025594711303710938 -0.208160400390625 -0.343017578125
v 0.025651931762695312 0.34564208984375 -0.06304168701171875
v 0.025665283203125 0.211151123046875 0.10186004638671875
v 0.025667190551757812 0.1136474609375 0.12677001953125
v 0.025697708129882812 -0.13720703125 0.40936279296875
v 0.025720596313476562 0.0213470458984375 0.416900634765625
v 0.02587890625 0.23858642578125 0.04328155517578125
v 0.02590179443359375 -0.1519775390625 0.1173248291015625
v 0.02590179443359375 -0.1519775390625 0.1173248291015625
v 0.026018142700195312 0.29132080078125 -0.137664794921875
v 0.026020050048828125 0.1425628662109375 0.11310577392578125
v 0.026060104370117188 0.1576995849609375 -0.36529541015625
v 0.026075363159179688 0.31787109375 -0.005221366882324219
v 0.026075363159179688 0.31787109375 -0.005221366882324219
v 0.026094436645507812 0.1552734375 0.399749755859375
v 0.0261383056640625 0.252685546875 -0.1626739501953125
v 0.026189804077148438 0.326446533203125 -0.051784515380859375
v 0.026203155517578125 0.310699462890625 -0.11212158203125
v 0.026338577270507812 0.282470703125 -0.1491241455078125
v 0.026348114013671875 -0.167083740234375 0.105133056640625
v 0.026369094848632812 0.11150360107421875 0.1118316650390625
v 0.026371002197265625 0.26458740234375 0.03614044189453125
v 0.026380538940429688 0.239776611328125 -0.1683807373046875
v 0.026395797729492188 0.326324462890625 -0.09142303466796875
v 0.026422500610351562 0.2321624755859375 -0.17156982421875
v 0.02658843994140625 0.128662109375 0.1069183349609375
v 0.0266265869140625 0.31298828125 -0.026523590087890625
v 0.02675628662109375 0.321990966796875 -0.03626251220703125
v 0.02695465087890625 0.335418701171875 -0.07895660400390625
v 0.026973724365234375 0.11151123046875 0.1009674072265625
v 0.026983261108398438 -0.05620574951171875 -0.484375
v 0.027021408081054688 0.131317138671875 0.0996856689453125
v 0.027177810668945312 0.330902099609375 -0.0658111572265625
v 0.027376174926757812 0.219207763671875 -0.1772613525390625
v 0.027460098266601562 -0.27264404296875 -0.12282562255859375
v 0.027460098266601562 -0.27264404296875 -0.12282562255859375
v 0.027750015258789062 0.11395263671875 0.1085968017578125
v 0.027751922607421875 0.2969970703125 0.008925437927246094
v 0.02777862548828125 0.1944427490234375 0.052402496337890625
v 0.027799606323242188 0.322906494140625 -0.09209442138671875
v 0.027822494506835938 -0.054965972900390625 -0.48236083984375
v 0.027959823608398438 -0.10929107666015625 0.1394195556640625
v 0.027959823608398438 -0.10929107666015625 0.1394195556640625
v 0.027959823608398438 -0.10929107666015625 0.1394195556640625
v 0.027963638305664062 0.1317291259765625 0.48602294921875
v 0.027967453002929688 0.2321929931640625 -0.169677734375
v 0.027988433837890625 0.1847991943359375 0.0919952392578125
v 0.027988433837890625 0.1847991943359375 0.0919952392578125
v 0.028011322021484375 -0.10002899169921875 0.1898345947265625
v 0.028011322021484375 -0.10002899169921875 0.1898345947265625
v 0.028123855590820312 0.1921234130859375 -0.3082275390625
v 0.028253555297851562 0.2483673095703125 -0.1628570556640625
v 0.0283050537109375 0.31427001953125 -0.104583740234375
v 0.028360366821289062 0.2181549072265625 -0.1630859375
v 0.028387069702148438 0.299468994140625 -0.125640869140625
v 0.028415679931640625 0.153106689453125 0.1008453369140625
v 0.028415679931640625 0.153106689453125 0.1008453369140625
v 0.028524398803710938 0.31451416015625 -0.0655364990234375
v 0.028564453125 0.26348876953125 -0.1574249267578125
v 0.028581619262695312 0.2769775390625 0.015317916870117188
v 0.028581619262695312 0.2769775390625 0.015317916870117188
v 0.02862548828125 0.1252288818359375 0.0865325927734375
v 0.028646469116210938 -0.151885986328125 0.420013427734375
v 0.028650283813476562 0.306427001953125 -0.11560821533203125
v 0.02866363525390625 -0.1782379150390625 0.09636688232421875
v 0.02866363525390625 -0.1782379150390625 0.09636688232421875
v 0.028764724731445312 0.130218505859375 0.08042144775390625
v 0.028774261474609375 0.29888916015625 -0.12451171875
v 0.028778076171875 0.1896514892578125 0.07645416259765625
v 0.028799057006835938 0.11025238037109375 0.098358154296875
v 0.028867721557617188 0.2816162109375 -0.1482696533203125
v 0.028966903686523438 -0.05196380615234375 0.3416748046875
v 0.028966903686523438 -0.05196380615234375 0.3416748046875
v 0.028987884521484375 -0.20794677734375 -0.344879150390625
v 0.028993606567382812 0.11827850341796875 0.0906829833984375
v 0.02902984619140625 0.2884521484375 -0.1403045654296875
v 0.029079437255859375 -0.21966552734375 0.331451416015625
v 0.02913665771484375 -0.2025909423828125 -0.333953857421875
v 0.029239654541015625 0.21673583984375 -0.143096923828125
v 0.02925872802734375 0.246429443359375 -0.1439208984375
v 0.029300689697265625 0.07611083984375 -0.444488525390625
v 0.029382705688476562 -0.1026153564453125 0.1719818115234375
v 0.029382705688476562 -0.1026153564453125 0.1719818115234375
v 0.029384613037109375 0.1459197998046875 0.07968902587890625
v 0.029384613037109375 0.1459197998046875 0.07968902587890625
v 0.029392242431640625 0.1350250244140625 0.0703887939453125
v 0.029573440551757812 0.1173553466796875 0.326751708984375
v 0.029600143432617188 0.27606201171875 -0.1383514404296875
v 0.029611587524414062 0.1598968505859375 0.498870849609375
v 0.029642105102539062 -0.1361083984375 -0.438751220703125
v 0.029672622680664062 0.159088134765625 0.07231903076171875
v 0.029672622680664062 0.159088134765625 0.07231903076171875
v 0.029735565185546875 -0.09833526611328125 0.2165679931640625
v 0.029735565185546875 -0.09833526611328125 0.2165679931640625
v 0.02977752685546875 0.29339599609375 -0.09450531005859375
v 0.02985382080078125 0.286529541015625 -0.034412384033203125
v 0.029863357543945312 0.2197113037109375 0.0274505615234375
v 0.029943466186523438 0.09893035888671875 0.470458984375
v 0.029949188232421875 -0.029539108276367188 0.365631103515625
v 0.029949188232421875 -0.029539108276367188 0.365631103515625
v 0.0299530029296875 -0.022851943969726562 -0.485321044921875
v 0.0299530029296875 -0.022851943969726562 -0.485321044921875
v 0.030004501342773438 0.2142486572265625 -0.1365814208984375
v 0.030035018920898438 0.289825439453125 -0.04053497314453125
v 0.03009033203125 0.2171173095703125 -0.1649932861328125
v 0.030094146728515625 0.23272705078125 -0.1277008056640625
v 0.030172348022460938 0.1275177001953125 0.08089447021484375
v 0.030223846435546875 0.17938232421875 0.0535736083984375
v 0.030300140380859375 0.12096405029296875 0.08763885498046875
v 0.030384063720703125 0.176483154296875 0.039463043212890625
v 0.030397415161132812 0.061550140380859375 0.13677978515625
v 0.030397415161132812 0.1444091796875 0.056491851806640625
v 0.030397415161132812 0.1444091796875 0.056491851806640625
v 0.030397415161132812 0.1444091796875 0.056491851806640625
v 0.030466079711914062 0.213165283203125 -0.1234130859375
v 0.030538558959960938 0.1476898193359375 0.051433563232421875
v 0.030538558959960938 0.1476898193359375 0.051433563232421875
v 0.030622482299804688 0.128143310546875 -0.4129638671875
v 0.030622482299804688 0.128143310546875 -0.4129638671875
v 0.030628204345703125 0.153228759765625 0.04453277587890625
v 0.030635833740234375 0.2188873291015625 -0.1806488037109375
v 0.030681610107421875 0.280914306640625 -0.056957244873046875
v 0.030698776245117188 -0.020231246948242188 0.375213623046875
v 0.030698776245117188 -0.020231246948242188 0.375213623046875
v 0.030727386474609375 -0.2026519775390625 0.0730438232421875
v 0.03076171875 0.26531982421875 -0.11175537109375
v 0.030803680419921875 0.2145233154296875 -0.1434783935546875
v 0.030977249145507812 0.279754638671875 -0.0693511962890625
v 0.031000137329101562 -0.256744384765625 0.444580078125
v 0.031101226806640625 0.1609649658203125 0.03491973876953125
v 0.031219482421875 0.2501220703125 0.008947372436523438
v 0.03125762939453125 0.2755126953125 -0.00955963134765625
v 0.03125762939453125 0.2755126953125 -0.00955963134765625
v 0.03133392333984375 0.210601806640625 -0.1044769287109375
v 0.03145599365234375 -0.1190338134765625 -0.455963134765625
v 0.03154754638671875 0.1625213623046875 0.026807785034179688
v 0.03154754638671875 0.1625213623046875 0.026807785034179688
v 0.031589508056640625 0.001967191696166992 -0.499053955078125
v 0.0316314697265625 -0.1590118408203125 0.42193603515625
v 0.03166961669921875 0.239227294921875 -0.09633636474609375
v 0.03176116943359375 -0.2361297607421875 0.02344512939453125
v 0.0317840576171875 -0.269439697265625 -0.07913970947265625
v 0.0317840576171875 -0.269439697265625 -0.07913970947265625
v 0.03182220458984375 0.268798828125 -0.0344390869140625
v 0.031864166259765625 0.169525146484375 0.45965576171875
v 0.031864166259765625 0.169525146484375 0.45965576171875
v 0.031917572021484375 -0.1529083251953125 -0.419769287109375
v 0.031978607177734375 0.2598876953125 -0.07613372802734375
v 0.031978607177734375 -0.254486083984375 0.4459228515625
v 0.031978607177734375 -0.254486083984375 0.4459228515625
v 0.032016754150390625 0.2083282470703125 -0.09268951416015625
v 0.032016754150390625 0.2083282470703125 -0.09268951416015625
v 0.03205108642578125 -0.047210693359375 -0.415191650390625
v 0.032085418701171875 0.212066650390625 -0.12430572509765625
v 0.03224945068359375 -0.027584075927734375 -0.398193359375
v 0.032260894775390625 0.04399871826171875 0.1999969482421875
v 0.03227996826171875 0.1551055908203125 0.038997650146484375
v 0.03227996826171875 0.1551055908203125 0.038997650146484375
v 0.032291412353515625 -0.022474288940429688 -0.455413818359375
v 0.032291412353515625 -0.022474288940429688 -0.455413818359375
v 0.03231048583984375 0.2054901123046875 0.018321990966796875
v 0.032314300537109375 0.1683197021484375 0.018238067626953125
v 0.032314300537109375 0.1683197021484375 0.018238067626953125
v 0.032421112060546875 0.2101898193359375 -0.1090545654296875
v 0.032421112060546875 0.2101898193359375 -0.1090545654296875
v 0.032489776611328125 -0.009295463562011719 0.3863525390625
v 0.032680511474609375 0.2073211669921875 -0.0816802978515625
v 0.032680511474609375 0.2073211669921875 -0.0816802978515625
v 0.032741546630859375 0.2216949462890625 -0.07631683349609375
v 0.03290557861328125 0.2529296875 -0.059246063232421875
v 0.03290557861328125 0.2529296875 -0.059246063232421875
v 0.032989501953125 0.258514404296875 -0.039112091064453125
v 0.032989501953125 0.258514404296875 -0.039112091064453125
v 0.033092498779296875 0.2259368896484375 0.004181861877441406
v 0.033130645751953125 0.174591064453125 0.006453514099121094
v 0.033130645751953125 0.174591064453125 0.006453514099121094
v 0.033130645751953125 0.174591064453125 0.006453514099121094
v 0.033275604248046875 0.08632659912109375 0.273834228515625
v 0.033275604248046875 0.08632659912109375 0.273834228515625
v 0.0332794189453125 -0.240325927734375 -0.270751953125
v 0.0332794189453125 -0.240325927734375 -0.270751953125
v 0.033294677734375 -0.023771286010742188 -0.4337158203125
v 0.033294677734375 -0.023771286010742188 -0.4337158203125
v 0.0334014892578125 0.2056121826171875 -0.069976806640625
v 0.0334014892578125 0.2056121826171875 -0.069976806640625
v 0.033447265625 0.211578369140625 -0.24578857421875
v 0.033447265625 0.211578369140625 -0.24578857421875
v 0.033550262451171875 0.06906890869140625 0.45587158203125
v 0.033550262451171875 -0.024282455444335938 -0.42144775390625
v 0.0336151123046875 0.25152587890625 -0.008917808532714844
v 0.0336151123046875 0.25152587890625 -0.008917808532714844
v 0.0336151123046875 0.25152587890625 -0.008917808532714844
v 0.0336151123046875 0.25152587890625 -0.008917808532714844
v 0.033695220947265625 -0.052433013916015625 -0.4625244140625
v 0.03369903564453125 0.22760009765625 -0.039752960205078125
v 0.033718109130859375 0.248016357421875 -0.0182647705078125
v 0.033817291259765625 0.239837646484375 -0.005949497222900391
v 0.033817291259765625 0.239837646484375 -0.005949497222900391
v 0.03386688232421875 0.2005157470703125 -0.054454803466796875
v 0.03386688232421875 0.20660400390625 -0.282318115234375
v 0.03386688232421875 0.20660400390625 -0.282318115234375
v 0.033935546875 0.118133544921875 -0.421630859375
v 0.033935546875 0.118133544921875 -0.421630859375
v 0.03400421142578125 0.2236480712890625 -0.007784366607666016
v 0.03400421142578125 0.2236480712890625 -0.007784366607666016
v 0.03401947021484375 -0.08371734619140625 0.189117431640625
v 0.03401947021484375 -0.08371734619140625 0.189117431640625
v 0.034149169921875 0.2063751220703125 -0.025167465209960938
v 0.034152984619140625 0.184051513671875 -0.011740684509277344
v 0.034152984619140625 0.184051513671875 -0.011740684509277344
v 0.034229278564453125 -0.1024932861328125 -0.468597412109375
v 0.034267425537109375 0.1953277587890625 -0.040721893310546875
v 0.034275054931640625 -0.04454803466796875 -0.398101806640625
v 0.034290313720703125 0.185943603515625 -0.016874313354492188
v 0.034381866455078125 0.1924896240234375 -0.032073974609375
v 0.0345458984375 -0.114013671875 0.23150634765625
v 0.0345458984375 -0.114013671875 0.23150634765625
v 0.034549713134765625 0.05870819091796875 0.183349609375
v 0.034778594970703125 -0.06826019287109375 0.352630615234375
v 0.034908294677734375 0.015341758728027344 0.410980224609375
v 0.035369873046875 0.051971435546875 0.1875762939453125
v 0.035755157470703125 -0.206024169921875 0.31854248046875
v 0.035755157470703125 -0.206024169921875 0.31854248046875
v 0.03577423095703125 0.12395477294921875 0.339324951171875
v 0.035839080810546875 0.06287384033203125 0.2340087890625
v 0.035839080810546875 0.06287384033203125 0.2340087890625
v 0.035839080810546875 0.06287384033203125 0.2340087890625
v 0.035884857177734375 -0.027315139770507812 -0.405303955078125
v 0.035968780517578125 -0.1974334716796875 0.08052825927734375
v 0.036121368408203125 0.040927886962890625 0.191436767578125
v 0.036121368408203125 0.040927886962890625 0.191436767578125
v 0.03619384765625 0.05222320556640625 0.44781494140625
v 0.036388397216796875 0.023225784301757812 -0.48065185546875
v 0.03656005859375 -0.023900985717773438 -0.48565673828125
v 0.036590576171875 -0.099639892578125 0.1750946044921875
v 0.036590576171875 -0.099639892578125 0.1750946044921875
v 0.03661346435546875 0.1910858154296875 -0.030879974365234375
v 0.03662872314453125 0.044086456298828125 0.18994140625
v 0.03662872314453125 0.044086456298828125 0.18994140625
v 0.037078857421875 0.032928466796875 0.42864990234375
v 0.03710174560546875 -0.022457122802734375 -0.4873046875
v 0.03710174560546875 -0.022457122802734375 -0.4873046875
v 0.03734588623046875 -0.087432861328125 0.207733154296875
v 0.03734588623046875 -0.087432861328125 0.207733154296875
v 0.03734588623046875 -0.087432861328125 0.207733154296875
v 0.03757476806640625 -0.190643310546875 0.430145263671875
v 0.03762054443359375 -0.126190185546875 0.2430419921875
v 0.03762054443359375 -0.126190185546875 0.2430419921875
v 0.037654876708984375 0.038425445556640625 0.434295654296875
v 0.037799835205078125 -0.10454559326171875 0.14581298828125
v 0.03792572021484375 0.044139862060546875 0.439910888671875
v 0.03795623779296875 -0.1661376953125 -0.403839111328125
v 0.03826141357421875 -0.04547882080078125 -0.3990478515625
v 0.03856658935546875 -0.271331787109375 -0.1878814697265625
v 0.03856658935546875 -0.271331787109375 -0.1878814697265625
v 0.038761138916015625 0.162933349609375 0.431304931640625
v 0.039093017578125 0.1658782958984375 0.019674301147460938
v 0.039638519287109375 -0.051204681396484375 0.34033203125
v 0.039638519287109375 -0.051204681396484375 0.34033203125
v 0.039966583251953125 -0.024877548217773438 -0.4666748046875
v 0.040058135986328125 -0.085540771484375 0.1981964111328125
v 0.040058135986328125 -0.085540771484375 0.1981964111328125
v 0.0404052734375 -0.2470703125 0.377685546875
v 0.04047393798828125 -0.13800048828125 0.2542724609375
v 0.04047393798828125 -0.13800048828125 0.2542724609375
v 0.040477752685546875 0.046581268310546875 0.2076873779296875
v 0.04048919677734375 0.05841827392578125 0.1374664306640625
v 0.040622711181640625 0.18084716796875 -0.007564544677734375
v 0.040622711181640625 0.18084716796875 -0.007564544677734375
v 0.040775299072265625 -0.056812286376953125 -0.481719970703125
v 0.041637420654296875 0.051326751708984375 0.44647216796875
v 0.0416412353515625 0.172149658203125 -0.337860107421875
v 0.0416717529296875 0.211944580078125 -0.2350616455078125
v 0.0416717529296875 0.211944580078125 -0.2350616455078125
v 0.041851043701171875 -0.11788177490234375 0.1343536376953125
v 0.041896820068359375 -0.21728515625 0.04921722412109375
v 0.04210662841796875 0.0610198974609375 -0.44964599609375
v 0.042110443115234375 0.056926727294921875 0.1722564697265625
v 0.042186737060546875 -0.261932373046875 -0.2137298583984375
v 0.042278289794921875 -0.2666015625 -0.0575103759765625
v 0.042278289794921875 -0.2666015625 -0.0575103759765625
v 0.042400360107421875 -0.1476287841796875 0.26348876953125
v 0.042400360107421875 -0.1476287841796875 0.26348876953125
v 0.042514801025390625 0.10750579833984375 0.09902191162109375
v 0.0426025390625 0.1399688720703125 -0.38995361328125
v 0.042690277099609375 -0.183074951171875 0.09172821044921875
v 0.042690277099609375 -0.183074951171875 0.09172821044921875
v 0.04280853271484375 -0.026891708374023438 -0.444671630859375
v 0.042865753173828125 -0.08296966552734375 0.1885833740234375
v 0.043277740478515625 0.07350921630859375 0.25433349609375
v 0.043277740478515625 0.07350921630859375 0.25433349609375
v 0.043304443359375 -0.25823974609375 -0.03459930419921875
v 0.043323516845703125 0.052555084228515625 -0.45611572265625
v 0.043659210205078125 -0.07953643798828125 -0.4874267578125
v 0.043701171875 -0.211456298828125 -0.3154296875
v 0.043781280517578125 0.04009246826171875 0.197235107421875
v 0.04390716552734375 -0.009795188903808594 -0.493743896484375
v 0.04390716552734375 -0.009795188903808594 -0.493743896484375
v 0.043926239013671875 0.1384429931640625 0.366912841796875
v 0.043949127197265625 -0.227874755859375 -0.288482666015625
v 0.043987274169921875 -0.2066192626953125 -0.340118408203125
v 0.04416656494140625 -0.09574127197265625 0.18890380859375
v 0.044281005859375 -0.110504150390625 0.384368896484375
v 0.04474639892578125 -0.244384765625 -0.0018184185028076172
v 0.04474639892578125 -0.244384765625 -0.0018184185028076172
v 0.04474639892578125 -0.244384765625 -0.0018184185028076172
v 0.044910430908203125 -0.07749176025390625 -0.488037109375
v 0.04505157470703125 0.1754608154296875 0.486572265625
v 0.045135498046875 -0.1055908203125 -0.464019775390625
v 0.0452880859375 -0.2017974853515625 -0.348114013671875
v 0.04529571533203125 -0.1640472412109375 0.27886962890625
v 0.04529571533203125 -0.1640472412109375 0.27886962890625
v 0.045406341552734375 -0.2153778076171875 0.435821533203125
v 0.045467376708984375 0.1515655517578125 0.042247772216796875
v 0.045501708984375 -0.1710052490234375 0.285247802734375
v 0.045501708984375 -0.1710052490234375 0.285247802734375
v 0.04563140869140625 -0.055511474609375 -0.4788818359375
v 0.045803070068359375 -0.1429290771484375 -0.426422119140625
v 0.04595184326171875 0.1744537353515625 0.480072021484375
v 0.0461578369140625 -0.02696990966796875 -0.4820556640625
v 0.0467529296875 0.142364501953125 0.488922119140625
v 0.046840667724609375 -0.2013092041015625 -0.3310546875
v 0.04708099365234375 -0.2635498046875 0.42578125
v 0.0471954345703125 0.2170867919921875 -0.18072509765625
v 0.047229766845703125 -0.1895751953125 0.302642822265625
v 0.047229766845703125 -0.1895751953125 0.302642822265625
v 0.047229766845703125 -0.1895751953125 0.302642822265625
v 0.04730987548828125 0.07779693603515625 -0.43975830078125
v 0.04766082763671875 -0.02811431884765625 -0.4482421875
v 0.047695159912109375 0.1325531005859375 0.0698089599609375
v 0.047695159912109375 -0.271514892578125 -0.1360321044921875
v 0.047695159912109375 -0.271514892578125 -0.1360321044921875
v 0.048091888427734375 0.1160736083984375 0.08991241455078125
v 0.0481719970703125 -0.251312255859375 0.444793701171875
v 0.0482177734375 -0.276214599609375 -0.1711578369140625
v 0.0482177734375 -0.276214599609375 -0.1711578369140625
v 0.0482177734375 -0.276214599609375 -0.1711578369140625
v 0.04825592041015625 -0.105133056640625 0.2258453369140625
v 0.048274993896484375 -0.039424896240234375 0.3505859375
v 0.048274993896484375 -0.039424896240234375 0.3505859375
v 0.04828643798828125 -0.008546829223632812 0.383392333984375
v 0.04828643798828125 -0.008546829223632812 0.383392333984375
v 0.04864501953125 0.0855712890625 0.4617919921875
v 0.048675537109375 -0.050739288330078125 0.338958740234375
v 0.048675537109375 -0.050739288330078125 0.338958740234375
v 0.0486907958984375 0.2146148681640625 -0.2055511474609375
v 0.048748016357421875 -0.03263092041015625 -0.39849853515625
v 0.048797607421875 0.204254150390625 -0.0724029541015625
v 0.048839569091796875 0.170440673828125 0.464202880859375
v 0.048961639404296875 -0.255523681640625 0.402679443359375
v 0.048980712890625 0.195831298828125 -0.047351837158203125
v 0.04901885986328125 -0.058864593505859375 0.344512939453125
v 0.0490875244140625 -0.2055816650390625 0.317535400390625
v 0.0492095947265625 -0.032268524169921875 -0.400146484375
v 0.04921722412109375 0.1438140869140625 0.377410888671875
v 0.049388885498046875 -0.04996490478515625 -0.4412841796875
v 0.049419403076171875 0.1698760986328125 0.49163818359375
v 0.04949188232421875 0.1634674072265625 -0.350494384765625
v 0.04961395263671875 0.1246185302734375 0.08066558837890625
v 0.0496826171875 0.2056427001953125 -0.27239990234375
v 0.049983978271484375 -0.252685546875 0.394378662109375
v 0.0500640869140625 0.035892486572265625 0.1914825439453125
v 0.0500640869140625 0.035892486572265625 0.1914825439453125
v 0.050128936767578125 -0.030529022216796875 -0.41229248046875
v 0.050136566162109375 -0.25970458984375 0.43408203125
v 0.05023193359375 -0.254547119140625 0.444427490234375
v 0.05023193359375 -0.254547119140625 0.444427490234375
v 0.050262451171875 -0.2447967529296875 0.443115234375
v 0.0503692626953125 -0.0989990234375 0.1522674560546875
v 0.050434112548828125 -0.229888916015625 0.3394775390625
v 0.050548553466796875 -0.127838134765625 -0.444915771484375
v 0.05071258544921875 0.1028900146484375 0.469818115234375
v 0.050724029541015625 0.05397796630859375 0.1851806640625
v 0.050724029541015625 -0.2484283447265625 -0.013650894165039062
v 0.050724029541015625 -0.2484283447265625 -0.013650894165039062
v 0.05096435546875 -0.25323486328125 -0.23541259765625
v 0.05108642578125 -0.117706298828125 0.237884521484375
v 0.051204681396484375 -0.0822601318359375 0.204498291015625
v 0.05121612548828125 0.046360015869140625 0.1876678466796875
v 0.05121612548828125 0.046360015869140625 0.1876678466796875
v 0.051456451416015625 -0.029932022094726562 -0.483184814453125
v 0.05169677734375 -0.02899932861328125 -0.45013427734375
v 0.051746368408203125 0.2137451171875 -0.15594482421875
v 0.05175018310546875 -0.2465972900390625 0.37872314453125
v 0.051952362060546875 -0.2421722412109375 0.362152099609375
v 0.052127838134765625 -0.253448486328125 0.414764404296875
v 0.05220794677734375 -0.1900177001953125 -0.36334228515625
v 0.0523681640625 -0.08872222900390625 0.365325927734375
v 0.052402496337890625 -0.2674560546875 -0.10778045654296875
v 0.052402496337890625 -0.2674560546875 -0.10778045654296875
v 0.052410125732421875 -0.220794677734375 0.331512451171875
v 0.05265045166015625 -0.078521728515625 0.18829345703125
v 0.0526580810546875 0.16363525390625 0.434600830078125
v 0.0526580810546875 0.16363525390625 0.434600830078125
v 0.05281829833984375 0.053630828857421875 0.1807098388671875
v 0.053070068359375 -0.08946990966796875 0.2120208740234375
v 0.053142547607421875 0.09201812744140625 -0.43115234375
v 0.053142547607421875 0.09201812744140625 -0.43115234375
v 0.053287506103515625 -0.0010329484939575195 -0.4976806640625
v 0.053356170654296875 -0.230316162109375 0.027042388916015625
v 0.053600311279296875 -0.12004852294921875 -0.450653076171875
v 0.053607940673828125 -0.1004638671875 0.1402740478515625
v 0.053859710693359375 -0.1329345703125 0.1261749267578125
v 0.053890228271484375 0.1643829345703125 0.489471435546875
v 0.054103851318359375 0.1497650146484375 0.388519287109375
v 0.05414581298828125 0.036182403564453125 0.189788818359375
v 0.05443572998046875 -0.15069580078125 0.11614990234375
v 0.054561614990234375 0.0649261474609375 0.1316986083984375
v 0.05457305908203125 0.08635711669921875 0.11553955078125
v 0.05457305908203125 0.08635711669921875 0.11553955078125
v 0.05504608154296875 0.1356048583984375 0.48492431640625
v 0.055187225341796875 -0.2365570068359375 0.345458984375
v 0.0552215576171875 -0.20538330078125 0.0648193359375
v 0.05523681640625 0.12298583984375 -0.414276123046875
v 0.05525970458984375 0.03682708740234375 -0.465728759765625
v 0.055553436279296875 -0.08690643310546875 0.2113189697265625
v 0.055568695068359375 -0.1717681884765625 -0.3896484375
v 0.055644989013671875 -0.1505584716796875 -0.41632080078125
v 0.055683135986328125 -0.1341705322265625 0.400421142578125
v 0.055805206298828125 -0.2375335693359375 0.359527587890625
v 0.055919647216796875 -0.0985107421875 0.141937255859375
v 0.05597686767578125 -0.0763092041015625 0.20904541015625
v 0.056427001953125 -0.1628570556640625 0.10645294189453125
v 0.0565643310546875 0.1605987548828125 0.49578857421875
v 0.056735992431640625 0.09973907470703125 0.10495758056640625
v 0.056735992431640625 -0.2451171875 -0.256927490234375
v 0.056774139404296875 -0.031452178955078125 -0.430511474609375
v 0.056781768798828125 -0.07521820068359375 0.1957244873046875
v 0.056842803955078125 0.053104400634765625 0.140228271484375
v 0.05684661865234375 0.177032470703125 -0.0033392906188964844
v 0.05684661865234375 0.177032470703125 -0.0033392906188964844
v 0.0572052001953125 0.155548095703125 0.400604248046875
v 0.057403564453125 -0.032718658447265625 -0.447265625
v 0.0576324462890625 -0.1560211181640625 0.416839599609375
v 0.05820465087890625 -0.239471435546875 0.39251708984375
v 0.05825042724609375 -0.03478240966796875 -0.48004150390625
v 0.05829620361328125 -0.07357025146484375 0.18890380859375
v 0.058452606201171875 0.05213165283203125 0.1544342041015625
v 0.05860137939453125 -0.184051513671875 0.089080810546875
v 0.05860137939453125 -0.184051513671875 0.089080810546875
v 0.0587615966796875 0.033504486083984375 0.1913909912109375
v 0.0587615966796875 0.033504486083984375 0.1913909912109375
v 0.058940887451171875 -0.242095947265625 0.441162109375
v 0.058940887451171875 -0.242095947265625 0.441162109375
v 0.0590362548828125 -0.2459869384765625 0.431427001953125
v 0.05908966064453125 -0.0188751220703125 -0.4893798828125
v 0.05925750732421875 0.1387176513671875 0.058689117431640625
v 0.05925750732421875 0.1387176513671875 0.058689117431640625
v 0.05959320068359375 -0.05629730224609375 -0.4774169921875
v 0.05960845947265625 0.155914306640625 0.4931640625
v 0.0596466064453125 -0.09467315673828125 0.16265869140625
v 0.0596466064453125 -0.0988311767578125 0.2219696044921875
v 0.059940338134765625 -0.079498291015625 0.357879638671875
v 0.059967041015625 0.04889678955078125 0.217803955078125
v 0.060031890869140625 -0.228607177734375 0.339691162109375
v 0.060092926025390625 -0.257415771484375 -0.03899383544921875
v 0.060092926025390625 -0.257415771484375 -0.03899383544921875
v 0.060321807861328125 -0.091522216796875 0.1885223388671875
v 0.06038665771484375 0.004857540130615234 -0.49127197265625
v 0.06038665771484375 0.004857540130615234 -0.49127197265625
v 0.06040191650390625 0.1527099609375 0.41778564453125
v 0.06040191650390625 0.1527099609375 0.41778564453125
v 0.0604095458984375 -0.053211212158203125 -0.454986572265625
v 0.0604400634765625 0.065704345703125 0.2464752197265625
v 0.0605010986328125 -0.0774993896484375 -0.485076904296875
v 0.060649871826171875 -0.264251708984375 -0.0798797607421875
v 0.060649871826171875 -0.264251708984375 -0.0798797607421875
v 0.06099700927734375 -0.033969879150390625 -0.408935546875
v 0.061061859130859375 0.024694442749023438 0.41510009765625
v 0.061100006103515625 0.08660888671875 0.281951904296875
v 0.061100006103515625 0.08660888671875 0.281951904296875
v 0.061161041259765625 0.15423583984375 0.46356201171875
v 0.061420440673828125 -0.10144805908203125 0.3731689453125
v 0.061496734619140625 -0.0735015869140625 0.1881256103515625
v 0.0615234375 0.051311492919921875 0.1399078369140625
v 0.061676025390625 -0.1051788330078125 0.2281494140625
v 0.06177520751953125 -0.2340240478515625 -0.2742919921875
v 0.06177520751953125 -0.2340240478515625 -0.2742919921875
v 0.06179046630859375 -0.04485321044921875 -0.398773193359375
v 0.0618133544921875 -0.035182952880859375 -0.401519775390625
v 0.062164306640625 0.1710205078125 0.005742073059082031
v 0.062450408935546875 -0.2048797607421875 -0.337493896484375
v 0.06250762939453125 0.2129364013671875 -0.2058868408203125
v 0.06250762939453125 0.2129364013671875 -0.2058868408203125
v 0.06278228759765625 0.2081756591796875 -0.119293212890625
v 0.06278228759765625 0.2081756591796875 -0.119293212890625
v 0.062835693359375 0.1253509521484375 -0.409637451171875
v 0.06304931640625 0.14776611328125 0.38800048828125
v 0.06304931640625 0.14776611328125 0.38800048828125
v 0.06317138671875 -0.129302978515625 0.127166748046875
v 0.06319427490234375 -0.06710052490234375 0.19598388671875
v 0.063262939453125 -0.1651153564453125 0.2822265625
v 0.0634002685546875 -0.005818843841552734 -0.49566650390625
v 0.0634002685546875 -0.005818843841552734 -0.49566650390625
v 0.06343841552734375 -0.19573974609375 0.07863616943359375
v 0.06363677978515625 0.0146331787109375 -0.482757568359375
v 0.06383514404296875 0.030033111572265625 0.1892547607421875
v 0.06398773193359375 -0.11351776123046875 0.2361297607421875
v 0.06401824951171875 0.0563201904296875 0.136138916015625
v 0.0642242431640625 -0.06524658203125 0.2108612060546875
v 0.06449127197265625 0.04244232177734375 0.1861114501953125
v 0.06449127197265625 0.04244232177734375 0.1861114501953125
v 0.06449127197265625 -0.1961822509765625 0.427459716796875
v 0.064544677734375 -0.0503387451171875 0.336822509765625
v 0.0645599365234375 -0.11241912841796875 -0.455291748046875
v 0.0647125244140625 0.027097702026367188 0.1889495849609375
v 0.0650177001953125 -0.21759033203125 -0.299560546875
v 0.06512451171875 -0.08768463134765625 -0.476898193359375
v 0.06513214111328125 0.014391899108886719 0.1894378662109375
v 0.06519317626953125 -0.029560089111328125 -0.483367919921875
v 0.06529998779296875 0.097747802734375 0.465118408203125
v 0.06536865234375 0.058208465576171875 -0.446868896484375
v 0.06536865234375 0.058208465576171875 -0.446868896484375
v 0.0654296875 0.1452178955078125 0.487701416015625
v 0.0654754638671875 -0.03896331787109375 -0.44903564453125
v 0.06548309326171875 0.17144775390625 -0.332427978515625
v 0.0655670166015625 -0.05997467041015625 0.189453125
v 0.0655975341796875 -0.2198333740234375 0.3328857421875
v 0.06565093994140625 -0.23541259765625 0.4285888671875
v 0.06571197509765625 0.1355133056640625 -0.39166259765625
v 0.06583404541015625 -0.1998748779296875 -0.3282470703125
v 0.06585693359375 -0.0007233023643493652 0.1894378662109375
v 0.065887451171875 -0.2135009765625 0.0495452880859375
v 0.06589508056640625 0.197265625 -0.2884521484375
v 0.06589508056640625 0.197265625 -0.2884521484375
v 0.06616973876953125 -0.2078094482421875 -0.315277099609375
v 0.066253662109375 -0.1266632080078125 0.2479705810546875
v 0.06627655029296875 -0.222076416015625 0.364227294921875
v 0.06633758544921875 0.10854339599609375 0.09403228759765625
v 0.06634521484375 -0.041484832763671875 -0.398529052734375
v 0.06645965576171875 0.024580001831054688 0.1927490234375
v 0.06646728515625 0.162841796875 0.01873016357421875
v 0.066497802734375 0.1200103759765625 0.082122802734375
v 0.066497802734375 0.142181396484375 0.37969970703125
v 0.066497802734375 0.142181396484375 0.37969970703125
v 0.0666351318359375 -0.056461334228515625 0.1897125244140625
v 0.06665802001953125 0.0819549560546875 0.276153564453125
v 0.066680908203125 0.041202545166015625 0.1807403564453125
v 0.066680908203125 0.041202545166015625 0.1807403564453125
v 0.06671905517578125 -0.0033507347106933594 0.19122314453125
v 0.0669097900390625 0.1475982666015625 0.485687255859375
v 0.0669097900390625 -0.03466033935546875 0.351318359375
v 0.0669097900390625 -0.03466033935546875 0.351318359375
v 0.0669708251953125 0.201812744140625 -0.28094482421875
v 0.06707763671875 0.011284828186035156 0.1953125
v 0.0671539306640625 -0.0946502685546875 0.1409149169921875
v 0.06719207763671875 -0.012217521667480469 0.189361572265625
v 0.06719207763671875 -0.012217521667480469 0.189361572265625
v 0.06719970703125 0.1858978271484375 -0.025735855102539062
v 0.0672454833984375 -0.2285919189453125 0.40960693359375
v 0.06725311279296875 -0.04189300537109375 -0.475311279296875
v 0.06725311279296875 -0.167724609375 0.10153961181640625
v 0.067352294921875 -0.0459747314453125 -0.4053955078125
v 0.0673675537109375 0.004150867462158203 0.1884307861328125
v 0.06739044189453125 -0.04662322998046875 0.1882171630859375
v 0.067413330078125 -0.060031890869140625 0.187774658203125
v 0.0674591064453125 -0.034763336181640625 0.18939208984375
v 0.06766510009765625 -0.2289581298828125 0.43609619140625
v 0.06766510009765625 -0.2289581298828125 0.43609619140625
v 0.0676727294921875 -0.12207794189453125 0.2461700439453125
v 0.067962646484375 -0.1638641357421875 -0.39813232421875
v 0.06797027587890625 -0.236480712890625 0.005853176116943359
v 0.06797027587890625 -0.236480712890625 0.005853176116943359
v 0.06830596923828125 0.03540802001953125 0.19842529296875
v 0.06830596923828125 0.03540802001953125 0.19842529296875
v 0.06841278076171875 0.008116722106933594 0.39593505859375
v 0.06844329833984375 -0.1401824951171875 0.26025390625
v 0.06848907470703125 -0.05197906494140625 0.19866943359375
v 0.06862640380859375 0.1350250244140625 0.367950439453125
v 0.0688629150390625 -0.1475677490234375 0.266937255859375
v 0.0690155029296875 -0.0343170166015625 0.1932220458984375
v 0.0690155029296875 -0.0343170166015625 0.1932220458984375
v 0.06906890869140625 -0.09995269775390625 0.1381072998046875
v 0.06914520263671875 -0.044597625732421875 -0.40899658203125
v 0.0691986083984375 -0.048583984375 -0.428863525390625
v 0.0692138671875 -0.04662322998046875 -0.41094970703125
v 0.0692596435546875 -0.09100341796875 0.1689453125
v 0.06939697265625 0.0007317662239074707 0.2073516845703125
v 0.06943511962890625 -0.009763717651367188 0.1958465576171875
v 0.06943511962890625 -0.009763717651367188 0.1958465576171875
v 0.0694732666015625 -0.01053619384765625 0.1881561279296875
v 0.0694732666015625 -0.01053619384765625 0.1881561279296875
v 0.06960296630859375 0.097991943359375 0.303863525390625
v 0.06960296630859375 0.097991943359375 0.303863525390625
v 0.069610595703125 -0.033428192138671875 0.187896728515625
v 0.069610595703125 -0.04436492919921875 -0.447906494140625
v 0.06961822509765625 0.08135986328125 -0.433624267578125
v 0.06967926025390625 -0.05266571044921875 0.215362548828125
v 0.06967926025390625 -0.05266571044921875 0.215362548828125
v 0.0696868896484375 0.1419830322265625 0.485565185546875
v 0.0697021484375 -0.05078125 0.1875762939453125
v 0.0698089599609375 0.1444549560546875 -0.3763427734375
v 0.070556640625 -0.06658935546875 0.2247467041015625
v 0.070556640625 -0.06658935546875 0.2247467041015625
v 0.0705718994140625 0.13604736328125 0.371490478515625
v 0.0705718994140625 0.13604736328125 0.371490478515625
v 0.07064056396484375 -0.1414031982421875 0.12039947509765625
v 0.0706939697265625 -0.0877685546875 0.23992919921875
v 0.0706939697265625 -0.0877685546875 0.23992919921875
v 0.07071685791015625 -0.0505828857421875 -0.43927001953125
v 0.07074737548828125 -0.005370140075683594 0.2092437744140625
v 0.07076263427734375 0.041774749755859375 0.209381103515625
v 0.07076263427734375 0.041774749755859375 0.209381103515625
v 0.07076263427734375 0.041774749755859375 0.209381103515625
v 0.07079315185546875 -0.1342010498046875 0.25689697265625
v 0.07079315185546875 -0.1342010498046875 0.25689697265625
v 0.07082366943359375 0.070343017578125 -0.439208984375
v 0.07082366943359375 0.070343017578125 -0.439208984375
v 0.070892333984375 -0.046482086181640625 -0.419586181640625
v 0.0710296630859375 0.19281005859375 -0.0485687255859375
v 0.07103729248046875 0.06395721435546875 0.1308746337890625
v 0.0712127685546875 0.0013642311096191406 -0.486541748046875
v 0.0712127685546875 0.0013642311096191406 -0.486541748046875
v 0.07125091552734375 -0.040210723876953125 0.211883544921875
v 0.07125091552734375 -0.040210723876953125 0.211883544921875
v 0.07125091552734375 -0.040210723876953125 0.211883544921875
v 0.071502685546875 -0.087982177734375 0.1872100830078125
v 0.07152557373046875 -0.11876678466796875 -0.448760986328125
v 0.07161712646484375 -0.027462005615234375 0.210784912109375
v 0.0716705322265625 -0.058841705322265625 -0.4759521484375
v 0.0717010498046875 -0.222564697265625 0.433868408203125
v 0.0717010498046875 -0.222564697265625 0.433868408203125
v 0.0718231201171875 -0.056873321533203125 -0.47454833984375
v 0.07196807861328125 -0.0797576904296875 -0.482696533203125
v 0.07202911376953125 0.009439468383789062 0.2181854248046875
v 0.07202911376953125 0.009439468383789062 0.2181854248046875
v 0.0721435546875 0.011278152465820312 0.1881256103515625
v 0.072174072265625 -0.118377685546875 0.383941650390625
v 0.07221221923828125 -0.2176055908203125 0.39166259765625
v 0.07230377197265625 0.04557037353515625 0.43414306640625
v 0.07234954833984375 0.2142333984375 -0.180694580078125
v 0.07234954833984375 0.2142333984375 -0.180694580078125
v 0.0723724365234375 -0.04817962646484375 -0.4283447265625
v 0.072723388671875 -0.1277313232421875 -0.4403076171875
v 0.07275390625 0.11249542236328125 0.329681396484375
v 0.07275390625 0.11249542236328125 0.329681396484375
v 0.07282257080078125 0.20166015625 -0.0742340087890625
v 0.0728759765625 0.031095504760742188 -0.466217041015625
v 0.07293701171875 -0.1934814453125 -0.350921630859375
v 0.07311248779296875 -0.1045074462890625 -0.461395263671875
v 0.0731658935546875 0.1065216064453125 -0.418975830078125
v 0.07320404052734375 -0.08391571044921875 0.1882476806640625
v 0.0732574462890625 -0.2070159912109375 0.322540283203125
v 0.07330322265625 0.048004150390625 0.220977783203125
v 0.07330322265625 0.048004150390625 0.220977783203125
v 0.0735015869140625 0.04035186767578125 0.2209625244140625
v 0.07355499267578125 -0.04808807373046875 -0.460296630859375
v 0.0735626220703125 0.188262939453125 -0.301849365234375
v 0.07378387451171875 -0.22113037109375 0.037872314453125
v 0.07384490966796875 -0.01226043701171875 -0.492523193359375
v 0.07384490966796875 -0.11382293701171875 -0.452301025390625
v 0.07387542724609375 -0.08298492431640625 -0.47967529296875
v 0.073883056640625 -0.11737060546875 0.256591796875
v 0.073883056640625 -0.11737060546875 0.256591796875
v 0.07399749755859375 0.1306915283203125 0.3619384765625
v 0.07399749755859375 0.1306915283203125 0.3619384765625
v 0.07415771484375 -0.07645416259765625 0.2423858642578125
v 0.07415771484375 -0.07645416259765625 0.2423858642578125
v 0.07416534423828125 -0.1453094482421875 0.267120361328125
v 0.07437896728515625 0.1326141357421875 0.480316162109375
v 0.0744781494140625 -0.048664093017578125 -0.47100830078125
v 0.0745086669921875 -0.0869293212890625 0.1438140869140625
v 0.0746002197265625 -0.049823760986328125 -0.43988037109375
v 0.07470703125 -0.2036285400390625 -0.3353271484375
v 0.07480621337890625 0.141998291015625 0.051258087158203125
v 0.07480621337890625 0.141998291015625 0.051258087158203125
v 0.07480621337890625 0.141998291015625 0.051258087158203125
v 0.0748748779296875 -0.2698974609375 -0.1526336669921875
v 0.0749969482421875 -0.1758575439453125 -0.377685546875
v 0.07506561279296875 -0.052959442138671875 -0.4501953125
v 0.07518768310546875 -0.26544189453125 -0.192657470703125
v 0.07535552978515625 -0.1459808349609375 0.405364990234375
v 0.07538604736328125 -0.1328125 -0.43353271484375
v 0.07540130615234375 0.0486297607421875 0.13720703125
v 0.075408935546875 -0.25439453125 -0.2234954833984375
v 0.07572174072265625 -0.2190093994140625 0.423126220703125
v 0.07576751708984375 -0.0013480186462402344 0.2208099365234375
v 0.07576751708984375 -0.0013480186462402344 0.2208099365234375
v 0.0758819580078125 -0.037631988525390625 0.2205352783203125
v 0.0758819580078125 -0.037631988525390625 0.2205352783203125
v 0.0758819580078125 -0.037631988525390625 0.2205352783203125
v 0.07588958740234375 -0.2067718505859375 0.354034423828125
v 0.07595062255859375 -0.26025390625 -0.05382537841796875
v 0.0761566162109375 0.07238006591796875 0.45068359375
v 0.0762481689453125 0.05420684814453125 0.2322998046875
v 0.0762481689453125 0.05420684814453125 0.2322998046875
v 0.07627105712890625 0.037097930908203125 0.1446685791015625
v 0.0764923095703125 -0.002742290496826172 0.1880035400390625
v 0.0764923095703125 -0.002742290496826172 0.1880035400390625
v 0.076690673828125 -0.0699920654296875 0.34942626953125
v 0.07703399658203125 -0.26629638671875 -0.1259918212890625
v 0.0772552490234375 -0.213714599609375 0.43035888671875
v 0.0772552490234375 -0.213714599609375 0.43035888671875
v 0.07733917236328125 0.1333465576171875 0.459747314453125
v 0.0774078369140625 -0.075164794921875 -0.48077392578125
v 0.07741546630859375 0.1250152587890625 0.352630615234375
v 0.07741546630859375 0.1250152587890625 0.352630615234375
v 0.07779693603515625 0.1327056884765625 0.478118896484375
v 0.07779693603515625 -0.15057373046875 0.11449432373046875
v 0.0778045654296875 0.03368377685546875 0.1614227294921875
v 0.0778045654296875 0.03368377685546875 0.1614227294921875
v 0.0778045654296875 0.03368377685546875 0.1614227294921875
v 0.07793426513671875 0.1296234130859375 0.408477783203125
v 0.07793426513671875 -0.009007453918457031 0.375762939453125
v 0.07793426513671875 -0.009007453918457031 0.375762939453125
v 0.07805633544921875 -0.1834716796875 0.421661376953125
v 0.0781097412109375 0.02625274658203125 0.242919921875
v 0.07813262939453125 -0.119903564453125 0.1290740966796875
v 0.0781707763671875 -0.0526275634765625 -0.449432373046875
v 0.078216552734375 0.120391845703125 0.473785400390625
v 0.078369140625 0.022190093994140625 0.186767578125
v 0.078399658203125 -0.1579437255859375 0.279632568359375
v 0.078399658203125 -0.1579437255859375 0.279632568359375
v 0.0785675048828125 -0.1683197021484375 0.28765869140625
v 0.078643798828125 0.0311279296875 0.18585205078125
v 0.07865142822265625 -0.0479278564453125 0.2319183349609375
v 0.0787200927734375 -0.1441497802734375 -0.41900634765625
v 0.0787353515625 0.014574050903320312 0.2373199462890625
v 0.07880401611328125 0.031768798828125 -0.46240234375
v 0.07883453369140625 0.0596923828125 0.242706298828125
v 0.07918548583984375 -0.172332763671875 0.0959625244140625
v 0.07918548583984375 -0.172332763671875 0.0959625244140625
v 0.0793609619140625 -0.05142974853515625 -0.4691162109375
v 0.079376220703125 -0.0808868408203125 0.14654541015625
v 0.07958221435546875 0.04718780517578125 -0.451690673828125
v 0.07958221435546875 0.04718780517578125 -0.451690673828125
v 0.07959747314453125 0.020153045654296875 0.406005859375
v 0.07967376708984375 0.06960296630859375 0.1260986328125
v 0.07967376708984375 -0.176513671875 0.29522705078125
v 0.07967376708984375 -0.176513671875 0.29522705078125
v 0.07976531982421875 0.1306304931640625 0.0655517578125
v 0.07976531982421875 0.1306304931640625 0.0655517578125
v 0.080047607421875 0.2030029296875 -0.258392333984375
v 0.08034515380859375 -0.194915771484375 0.312042236328125
v 0.0803680419921875 -0.1424102783203125 0.2781982421875
v 0.0803680419921875 -0.1424102783203125 0.2781982421875
v 0.0804443359375 0.0924072265625 0.10858154296875
v 0.0804443359375 0.0924072265625 0.10858154296875
v 0.0805511474609375 0.0819854736328125 0.116790771484375
v 0.080596923828125 -0.07857513427734375 0.1858367919921875
v 0.08089447021484375 0.11972808837890625 0.34423828125
v 0.08089447021484375 0.11972808837890625 0.34423828125
v 0.08099365234375 0.04862213134765625 0.25372314453125
v 0.08103179931640625 -0.21240234375 0.04921722412109375
v 0.0811614990234375 -0.209808349609375 0.4227294921875
v 0.0812225341796875 -0.05280303955078125 -0.457061767578125
v 0.0812530517578125 -0.1674041748046875 0.289215087890625
v 0.0812530517578125 -0.1674041748046875 0.289215087890625
v 0.081298828125 -0.06845855712890625 0.2474822998046875
v 0.08141326904296875 0.051715850830078125 -0.4473876953125
v 0.08141326904296875 0.051715850830078125 -0.4473876953125
v 0.081512451171875 -0.20672607421875 0.4278564453125
v 0.081512451171875 -0.20672607421875 0.4278564453125
v 0.082000732421875 0.06787109375 0.256988525390625
v 0.08219146728515625 0.1058197021484375 0.09326171875
v 0.08219146728515625 0.1058197021484375 0.09326171875
v 0.08226776123046875 -0.2286376953125 0.017423629760742188
v 0.08243560791015625 -0.162261962890625 -0.39617919921875
v 0.08267974853515625 -0.0767822265625 0.171142578125
v 0.0826873779296875 -0.01663970947265625 -0.489013671875
v 0.08269500732421875 0.03942108154296875 0.26141357421875
v 0.0827178955078125 -0.194183349609375 0.07762908935546875
v 0.0827484130859375 0.028799057006835938 0.183135986328125
v 0.0828094482421875 -0.2023162841796875 -0.334747314453125
v 0.0829620361328125 0.12212371826171875 0.0750579833984375
v 0.0829620361328125 0.12212371826171875 0.0750579833984375
v 0.0830230712890625 -0.11985015869140625 -0.439422607421875
v 0.08306121826171875 -0.20477294921875 0.408721923828125
v 0.08310699462890625 -0.048625946044921875 0.33526611328125
v 0.08310699462890625 -0.048625946044921875 0.33526611328125
v 0.08316802978515625 -0.0573272705078125 -0.472076416015625
v 0.08321380615234375 -0.134490966796875 0.12195587158203125
v 0.0835113525390625 -0.1985626220703125 -0.3255615234375
v 0.08351898193359375 -0.2435150146484375 -0.016071319580078125
v 0.083648681640625 -0.2418365478515625 -0.255950927734375
v 0.08365631103515625 -0.1740875244140625 0.2962646484375
v 0.0838623046875 0.131927490234375 0.063201904296875
v 0.08403778076171875 -0.2020111083984375 -0.3321533203125
v 0.08404541015625 -0.14862060546875 0.1153564453125
v 0.08408355712890625 0.1950836181640625 -0.060482025146484375
v 0.08417510986328125 -0.054828643798828125 -0.4581298828125
v 0.08426666259765625 0.07233428955078125 0.266357421875
v 0.08426666259765625 -0.1307373046875 -0.42822265625
v 0.0845947265625 -0.27130126953125 -0.1734619140625
v 0.0845947265625 -0.27130126953125 -0.1734619140625
v 0.08461761474609375 0.1226348876953125 -0.407928466796875
v 0.0847320556640625 0.171142578125 0.0004684031009674072
v 0.08473968505859375 -0.157958984375 0.2921142578125
v 0.08477020263671875 -0.1907501220703125 0.33099365234375
v 0.0848236083984375 0.046817779541015625 0.1343994140625
v 0.08489227294921875 0.07759857177734375 0.275238037109375
v 0.085174560546875 0.138885498046875 0.05393218994140625
v 0.085174560546875 0.138885498046875 0.05393218994140625
v 0.085174560546875 -0.1613616943359375 0.10411834716796875
v 0.08518218994140625 -0.058349609375 -0.47320556640625
v 0.085235595703125 -0.196624755859375 0.382049560546875
v 0.08525848388671875 -0.022714614868164062 -0.487152099609375
v 0.085357666015625 0.05405426025390625 0.1291046142578125
v 0.08545684814453125 -0.033599853515625 0.1875762939453125
v 0.0854644775390625 0.028795242309570312 0.146026611328125
v 0.0854644775390625 0.028795242309570312 0.146026611328125
v 0.0854949951171875 -0.1896209716796875 0.081695556640625
v 0.0854949951171875 -0.1896209716796875 0.081695556640625
v 0.0855255126953125 -0.251220703125 -0.034759521484375
v 0.0855560302734375 -0.09234619140625 0.1372528076171875
v 0.08563995361328125 -0.186187744140625 0.30462646484375
v 0.085784912109375 0.069915771484375 -0.436431884765625
v 0.08579254150390625 0.2087860107421875 -0.2109527587890625
v 0.08585357666015625 0.11452484130859375 0.361328125
v 0.08594512939453125 -0.10414886474609375 0.127288818359375
v 0.08602142333984375 0.111480712890625 0.331451416015625
v 0.08602142333984375 0.111480712890625 0.331451416015625
v 0.08602142333984375 0.111480712890625 0.331451416015625
v 0.08603668212890625 0.122039794921875 0.472076416015625
v 0.086151123046875 -0.041690826416015625 0.244110107421875
v 0.086151123046875 -0.041690826416015625 0.244110107421875
v 0.08625030517578125 0.1452484130859375 0.043048858642578125
v 0.08626556396484375 -0.0015251636505126953 0.2448272705078125
v 0.086334228515625 -0.17510986328125 0.09246063232421875
v 0.086334228515625 -0.17510986328125 0.09246063232421875
v 0.08649444580078125 0.0673980712890625 0.11749267578125
v 0.08660888671875 -0.1085052490234375 0.277801513671875
v 0.08670806884765625 0.029880523681640625 0.26483154296875
v 0.0867767333984375 0.0548248291015625 0.279541015625
v 0.08685302734375 -0.0714111328125 0.1881103515625
v 0.08702850341796875 0.02642822265625 0.1705780029296875
v 0.08702850341796875 0.02642822265625 0.1705780029296875
v 0.08722686767578125 0.08153533935546875 0.282379150390625
v 0.08728790283203125 -0.2038726806640625 0.06102752685546875
v 0.0872955322265625 -0.1407470703125 0.290496826171875
v 0.087371826171875 -0.010970115661621094 0.37152099609375
v 0.087371826171875 -0.010970115661621094 0.37152099609375
v 0.087799072265625 -0.0774993896484375 -0.471954345703125
v 0.0878448486328125 -0.093414306640625 0.364837646484375
v 0.0879669189453125 -0.00013430416584014893 0.382659912109375
v 0.08798980712890625 -0.196075439453125 0.4237060546875
v 0.08798980712890625 -0.196075439453125 0.4237060546875
v 0.08814239501953125 -0.0806427001953125 -0.470672607421875
v 0.0882110595703125 0.09389495849609375 -0.422821044921875
v 0.0882720947265625 -0.1297454833984375 0.1173248291015625
v 0.08838653564453125 0.1566314697265625 0.02327728271484375
v 0.0885772705078125 0.08032989501953125 0.28424072265625
v 0.0888824462890625 -0.1816558837890625 0.308807373046875
v 0.0889129638671875 0.10245513916015625 0.08371734619140625
v 0.089019775390625 -0.17578125 -0.373260498046875
v 0.08904266357421875 -0.0638580322265625 -0.47430419921875
v 0.08908843994140625 -0.08103179931640625 0.1430511474609375
v 0.0891265869140625 -0.029659271240234375 0.352813720703125
v 0.0891571044921875 0.1507415771484375 0.031467437744140625
v 0.08933258056640625 -0.11981964111328125 0.28643798828125
v 0.0893402099609375 0.1280059814453125 -0.397796630859375
v 0.0893707275390625 -0.09331512451171875 -0.45794677734375
v 0.08937835693359375 0.1060791015625 -0.4158935546875
v 0.08950042724609375 -0.1509552001953125 0.10565948486328125
v 0.08954620361328125 -0.07709503173828125 0.272308349609375
v 0.08956146240234375 -0.2212982177734375 -0.286865234375
v 0.08956146240234375 -0.2212982177734375 -0.286865234375
v 0.08963775634765625 0.11693572998046875 0.47015380859375
v 0.08980560302734375 0.0836181640625 0.09902191162109375
v 0.08984375 0.02417755126953125 -0.457977294921875
v 0.08984375 0.02417755126953125 -0.457977294921875
v 0.08984375 0.02417755126953125 -0.457977294921875
v 0.08984375 0.02417755126953125 -0.457977294921875
v 0.08991241455078125 0.03293609619140625 0.1405181884765625
v 0.090087890625 0.13311767578125 -0.388946533203125
v 0.090087890625 -0.010884284973144531 -0.479736328125
v 0.090087890625 -0.010884284973144531 -0.479736328125
v 0.09020233154296875 0.139312744140625 -0.3792724609375
v 0.09021759033203125 -0.0507659912109375 0.334625244140625
v 0.09032440185546875 -0.25909423828125 -0.07900238037109375
v 0.0903778076171875 0.0212554931640625 0.1849212646484375
v 0.09040069580078125 0.1498260498046875 -0.361236572265625
v 0.09061431884765625 0.1217803955078125 -0.40692138671875
v 0.09062957763671875 0.16143798828125 0.014744758605957031
v 0.09064483642578125 0.0871734619140625 0.2930908203125
v 0.09067535400390625 -0.262359619140625 -0.10919952392578125
v 0.09069061279296875 -0.0687713623046875 0.187164306640625
v 0.09082794189453125 0.163970947265625 -0.337127685546875
v 0.09088897705078125 0.095001220703125 0.45928955078125
v 0.09102630615234375 -0.193603515625 0.416046142578125
v 0.0910491943359375 0.11553192138671875 0.456298828125
v 0.09111785888671875 -0.07181549072265625 -0.47515869140625
v 0.09117889404296875 0.055934906005859375 -0.439453125
v 0.09125518798828125 -0.1041717529296875 0.12342071533203125
v 0.091400146484375 -0.06809234619140625 0.17340087890625
v 0.0914154052734375 0.0013881921768188477 0.2578125
v 0.09148406982421875 0.1174163818359375 0.06807708740234375
v 0.091552734375 -0.044925689697265625 0.2567138671875
v 0.091552734375 -0.044925689697265625 0.2567138671875
v 0.091583251953125 0.1097412109375 0.3951416015625
v 0.09160614013671875 -0.1685791015625 0.0906219482421875
v 0.09169769287109375 -0.067657470703125 0.1521453857421875
v 0.09185028076171875 -0.137664794921875 0.395050048828125
v 0.09197235107421875 -0.165863037109375 0.308502197265625
v 0.09210205078125 -0.055919647216796875 0.2642822265625
v 0.09218597412109375 -0.08975982666015625 0.281707763671875
v 0.09224700927734375 0.055538177490234375 0.43988037109375
v 0.09224700927734375 0.113250732421875 0.4678955078125
v 0.09229278564453125 -0.0033416748046875 0.1854705810546875
v 0.09229278564453125 -0.0033416748046875 0.1854705810546875
v 0.092376708984375 -0.11528778076171875 0.3797607421875
v 0.0923919677734375 -0.052906036376953125 -0.45880126953125
v 0.09241485595703125 0.10076904296875 0.31585693359375
v 0.0924224853515625 -0.1927947998046875 0.07335662841796875
v 0.0924224853515625 -0.1927947998046875 0.07335662841796875
v 0.09252166748046875 0.020782470703125 0.18316650390625
v 0.09252166748046875 0.020782470703125 0.18316650390625
v 0.09252166748046875 0.175048828125 -0.007720947265625
v 0.09252166748046875 0.175048828125 -0.007720947265625
v 0.092559814453125 0.1302490234375 0.054553985595703125
v 0.092559814453125 0.1302490234375 0.054553985595703125
v 0.09262847900390625 0.10289764404296875 0.335723876953125
v 0.09262847900390625 0.10289764404296875 0.335723876953125
v 0.09264373779296875 -0.03284454345703125 -0.4803466796875
v 0.09276580810546875 0.0746307373046875 0.3035888671875
v 0.09284210205078125 0.1064910888671875 0.464508056640625
v 0.092864990234375 0.168182373046875 -0.329437255859375
v 0.0930328369140625 0.11104583740234375 0.430877685546875
v 0.0931396484375 0.1805877685546875 -0.02242279052734375
v 0.09314727783203125 -0.071258544921875 0.274139404296875
v 0.09328460693359375 -0.04322052001953125 0.1871795654296875
v 0.093414306640625 -0.151214599609375 0.40582275390625
v 0.09342193603515625 0.10463714599609375 0.372650146484375
v 0.0934600830078125 -0.148590087890625 -0.40081787109375
v 0.09351348876953125 -0.18707275390625 0.420379638671875
v 0.09351348876953125 -0.18707275390625 0.420379638671875
v 0.0935211181640625 -0.05748748779296875 0.187530517578125
v 0.0936279296875 0.10268402099609375 0.353179931640625
v 0.09368896484375 0.021772384643554688 0.1653594970703125
v 0.09368896484375 0.021772384643554688 0.1653594970703125
v 0.09368896484375 -0.05480194091796875 -0.449249267578125
v 0.093902587890625 -0.1771697998046875 0.327880859375
v 0.09400177001953125 0.187286376953125 -0.042293548583984375
v 0.09407806396484375 0.0947265625 0.30841064453125
v 0.0941009521484375 0.1824798583984375 -0.305023193359375
v 0.0941925048828125 -0.026277542114257812 0.1858673095703125
v 0.09420013427734375 -0.159423828125 0.41217041015625
v 0.0943603515625 0.1071319580078125 0.408935546875
v 0.09442138671875 0.10784912109375 0.463134765625
v 0.0944366455078125 0.10460662841796875 0.390869140625
v 0.0946502685546875 -0.01543426513671875 0.1832427978515625
v 0.0946502685546875 -0.01543426513671875 0.1832427978515625
v 0.09484100341796875 -0.123992919921875 0.10968780517578125
v 0.094940185546875 -0.016277313232421875 0.175567626953125
v 0.094940185546875 -0.016277313232421875 0.175567626953125
v 0.09494781494140625 0.038272857666015625 0.28814697265625
v 0.09506988525390625 -0.1864471435546875 0.405303955078125
v 0.09508514404296875 -0.062007904052734375 -0.466949462890625
v 0.0951080322265625 -0.085601806640625 0.1348724365234375
v 0.09527587890625 -0.059314727783203125 0.15191650390625
v 0.09529876708984375 0.0881500244140625 0.31695556640625
v 0.09539031982421875 0.1221923828125 -0.402618408203125
v 0.0954437255859375 0.020883560180664062 0.146514892578125
v 0.0954437255859375 0.020883560180664062 0.146514892578125
v 0.09549713134765625 0.09290313720703125 0.3408203125
v 0.09549713134765625 0.09290313720703125 0.3408203125
v 0.09552764892578125 0.1925506591796875 -0.058429718017578125
v 0.0955657958984375 -0.201202392578125 -0.332611083984375
v 0.09574127197265625 -0.1862640380859375 0.410064697265625
v 0.09578704833984375 0.06528472900390625 0.1086273193359375
v 0.09578704833984375 0.19903564453125 -0.07714080810546875
v 0.09583282470703125 -0.210845947265625 0.048984527587890625
v 0.095855712890625 0.002023935317993164 0.1492919921875
v 0.09595489501953125 -0.0361785888671875 0.1849822998046875
v 0.09597015380859375 0.2037353515625 -0.11745452880859375
v 0.09597015380859375 0.2037353515625 -0.11745452880859375
v 0.095977783203125 -0.018781661987304688 -0.473480224609375
v 0.095977783203125 -0.1945343017578125 -0.342041015625
v 0.09600830078125 0.044498443603515625 0.12603759765625
v 0.09609222412109375 -0.145416259765625 0.308929443359375
v 0.09627532958984375 -0.1142425537109375 0.11203765869140625
v 0.0963897705078125 0.206787109375 -0.1433258056640625
v 0.0963897705078125 0.206787109375 -0.1433258056640625
v 0.0963897705078125 0.206787109375 -0.1433258056640625
v 0.09645843505859375 -0.014374732971191406 0.150390625
v 0.09649658203125 -0.2155303955078125 0.040924072265625
v 0.09671783447265625 0.17108154296875 -0.007391929626464844
v 0.09671783447265625 0.17108154296875 -0.007391929626464844
v 0.0968017578125 -0.045764923095703125 0.1857147216796875
v 0.0969085693359375 -0.1436004638671875 0.39874267578125
v 0.09697723388671875 -0.010582923889160156 0.269744873046875
v 0.09703826904296875 0.10182952880859375 0.432891845703125
v 0.09709930419921875 -0.19940185546875 0.059833526611328125
v 0.09712982177734375 -0.0583343505859375 -0.45928955078125
v 0.09714508056640625 0.2111663818359375 -0.181732177734375
v 0.09735870361328125 -0.039905548095703125 0.341827392578125
v 0.09735870361328125 -0.039905548095703125 0.341827392578125
v 0.09735870361328125 -0.1271514892578125 0.1037445068359375
v 0.09745025634765625 -0.053272247314453125 0.176422119140625
v 0.0974578857421875 0.018489837646484375 0.399932861328125
v 0.09746551513671875 0.210357666015625 -0.1747894287109375
v 0.09746551513671875 0.210357666015625 -0.1747894287109375
v 0.09752655029296875 -0.0467529296875 -0.470947265625
v 0.09752655029296875 -0.05649566650390625 -0.45318603515625
v 0.0976104736328125 -0.0707855224609375 0.283477783203125
v 0.09761810302734375 -0.1248779296875 0.3856201171875
v 0.0976409912109375 -0.256134033203125 -0.052463531494140625
v 0.09771728515625 0.1973724365234375 -0.27825927734375
v 0.097808837890625 -0.15924072265625 -0.385833740234375
v 0.0978240966796875 -0.07830810546875 0.2884521484375
v 0.09790802001953125 -0.020763397216796875 0.148345947265625
v 0.097991943359375 -0.044734954833984375 0.1503448486328125
v 0.0980224609375 -0.001817941665649414 -0.467010498046875
v 0.0980224609375 -0.001817941665649414 -0.467010498046875
v 0.0981597900390625 0.1789398193359375 -0.028980255126953125
v 0.09832000732421875 -0.052127838134765625 0.1508026123046875
v 0.0983428955078125 -0.2589111328125 -0.087432861328125
v 0.098419189453125 0.08747100830078125 0.378631591796875
v 0.098602294921875 -0.035533905029296875 -0.4736328125
v 0.0986328125 0.0735321044921875 0.31695556640625
v 0.09864044189453125 -0.172393798828125 0.3443603515625
v 0.0986785888671875 0.201873779296875 -0.246429443359375
v 0.09868621826171875 0.19854736328125 -0.269989013671875
v 0.09871673583984375 -0.1602935791015625 0.3338623046875
v 0.0987396240234375 -0.1973876953125 -0.322998046875
v 0.09874725341796875 -0.264984130859375 -0.1411895751953125
v 0.09880828857421875 0.2069091796875 -0.20904541015625
v 0.0989837646484375 0.046604156494140625 0.42926025390625
v 0.09905242919921875 -0.11856842041015625 0.10694122314453125
v 0.099090576171875 0.1480560302734375 0.0204010009765625
v 0.09912872314453125 0.02486419677734375 0.139404296875
v 0.09923553466796875 -0.0648956298828125 0.28369140625
v 0.09928131103515625 0.193450927734375 -0.284332275390625
v 0.09928131103515625 0.193450927734375 -0.284332275390625
v 0.099334716796875 -0.0680694580078125 0.146209716796875
v 0.09941864013671875 0.09540557861328125 0.4571533203125
v 0.09944915771484375 0.005504608154296875 0.27911376953125
v 0.09944915771484375 -0.14166259765625 0.09203338623046875
v 0.09967803955078125 -0.1262969970703125 0.308441162109375
v 0.09976959228515625 -0.048587799072265625 0.332977294921875
v 0.09980010986328125 0.0889892578125 0.415802001953125
v 0.09986114501953125 0.003564119338989258 0.38433837890625
v 0.09986114501953125 0.003564119338989258 0.38433837890625
v 0.10001373291015625 0.0363922119140625 -0.439544677734375
v 0.10002899169921875 0.159210205078125 0.0037698745727539062
v 0.1002960205078125 -0.05460357666015625 0.1480865478515625
v 0.1002960205078125 -0.1758270263671875 0.390106201171875
v 0.10037994384765625 -0.2007293701171875 -0.329803466796875
v 0.1004180908203125 -0.1641845703125 0.0760650634765625
v 0.1004180908203125 -0.1641845703125 0.0760650634765625
v 0.10045623779296875 0.017259597778320312 -0.45245361328125
v 0.10045623779296875 0.017259597778320312 -0.45245361328125
v 0.10047149658203125 0.05777740478515625 -0.433074951171875
v 0.100555419921875 -0.1086273193359375 -0.43536376953125
v 0.10062408447265625 -0.0731964111328125 -0.46551513671875
v 0.1006317138671875 -0.20635986328125 -0.308258056640625
v 0.10064697265625 -0.095611572265625 0.121124267578125
v 0.1006622314453125 0.03267669677734375 0.414276123046875
v 0.10068511962890625 -0.06583404541015625 -0.46441650390625
v 0.10076141357421875 -0.1407318115234375 0.326385498046875
v 0.10085296630859375 0.195281982421875 -0.07659912109375
v 0.10085296630859375 0.195281982421875 -0.07659912109375
v 0.10095977783203125 -0.2231597900390625 0.0206451416015625
v 0.10095977783203125 -0.2231597900390625 0.0206451416015625
v 0.1011505126953125 0.09185028076171875 0.445343017578125
v 0.10118865966796875 0.0907745361328125 0.455596923828125
v 0.1012420654296875 -0.1766510009765625 0.415985107421875
v 0.1012420654296875 -0.1766510009765625 0.415985107421875
v 0.10131072998046875 0.001051187515258789 0.28070068359375
v 0.10155487060546875 0.014429092407226562 0.142486572265625
v 0.10160064697265625 0.06592559814453125 0.338409423828125
v 0.10160064697265625 0.06592559814453125 0.338409423828125
v 0.10161590576171875 -0.205841064453125 0.04721832275390625
v 0.1016845703125 -0.1347808837890625 -0.40838623046875
v 0.1021575927734375 0.06893157958984375 0.36175537109375
v 0.10223388671875 -0.1844482421875 0.060699462890625
v 0.10223388671875 -0.1844482421875 0.060699462890625
v 0.10228729248046875 -0.1008148193359375 0.11518096923828125
v 0.102386474609375 -0.047222137451171875 0.28118896484375
v 0.102386474609375 -0.047222137451171875 0.28118896484375
v 0.1024627685546875 0.1886444091796875 -0.0631256103515625
v 0.1025390625 -0.2305145263671875 0.004669666290283203
v 0.1025390625 -0.2305145263671875 0.004669666290283203
v 0.10257720947265625 -0.212371826171875 -0.297698974609375
v 0.10257720947265625 -0.212371826171875 -0.297698974609375
v 0.10262298583984375 0.05583953857421875 0.315399169921875
v 0.1026611328125 0.07444000244140625 0.395660400390625
v 0.10268402099609375 -0.031341552734375 0.2821044921875
v 0.10268402099609375 -0.031341552734375 0.2821044921875
v 0.1030426025390625 -0.16595458984375 0.07155609130859375
v 0.1030426025390625 -0.16595458984375 0.07155609130859375
v 0.103118896484375 0.0426788330078125 0.1207275390625
v 0.1031341552734375 0.000615537166595459 0.1419677734375
v 0.10323333740234375 -0.05080413818359375 -0.46697998046875
v 0.103271484375 -0.054576873779296875 0.336151123046875
v 0.1036376953125 -0.061046600341796875 0.1443328857421875
v 0.10367584228515625 -0.1045989990234375 0.3084716796875
v 0.10411834716796875 -0.2189788818359375 -0.2864990234375
v 0.10414886474609375 -0.166961669921875 0.365203857421875
v 0.1042938232421875 -0.09732818603515625 -0.4422607421875
v 0.1043548583984375 0.030307769775390625 -0.438751220703125
v 0.1043548583984375 0.030307769775390625 -0.438751220703125
v 0.10436248779296875 -0.210357666015625 0.041355133056640625
v 0.1044921875 -0.023710250854492188 0.1417236328125
v 0.10462188720703125 -0.07927703857421875 -0.459381103515625
v 0.1049346923828125 -0.054912567138671875 -0.44268798828125
v 0.10498809814453125 -0.051486968994140625 0.142822265625
v 0.10507965087890625 -0.10569000244140625 0.10803985595703125
v 0.10515594482421875 -0.1936492919921875 -0.317291259765625
v 0.10532379150390625 0.08203125 0.428192138671875
v 0.10535430908203125 0.165252685546875 -0.009939193725585938
v 0.10535430908203125 -0.2257843017578125 -0.27557373046875
v 0.10540771484375 -0.2390289306640625 -0.015550613403320312
v 0.10543060302734375 0.120086669921875 -0.3973388671875
v 0.10555267333984375 -0.09214019775390625 0.362152099609375
v 0.1056365966796875 -0.013277053833007812 -0.460296630859375
v 0.1056365966796875 -0.013277053833007812 -0.460296630859375
v 0.10614776611328125 0.010062217712402344 0.1378173828125
v 0.10625457763671875 -0.197723388671875 -0.324554443359375
v 0.10626220703125 -0.0725250244140625 0.30194091796875
v 0.10659027099609375 0.051849365234375 0.365264892578125
v 0.1066436767578125 -0.1454925537109375 0.357208251953125
v 0.10691070556640625 0.07900238037109375 0.44891357421875
v 0.10692596435546875 0.11614227294921875 0.05326080322265625
v 0.1070098876953125 0.10727691650390625 -0.40423583984375
v 0.10720062255859375 -0.1273345947265625 0.34368896484375
v 0.10721588134765625 -0.08556365966796875 0.308685302734375
v 0.10739898681640625 0.20098876953125 -0.1577911376953125
v 0.107635498046875 -0.08066558837890625 0.1251373291015625
v 0.107696533203125 -0.035064697265625 0.1390228271484375
v 0.10770416259765625 0.023138046264648438 0.1334075927734375
v 0.10770416259765625 0.023138046264648438 0.1334075927734375
v 0.1081695556640625 0.20404052734375 -0.1779327392578125
v 0.10819244384765625 0.1258544921875 -0.389190673828125
v 0.10820770263671875 0.094573974609375 0.071258544921875
v 0.10825347900390625 0.0724945068359375 0.091522216796875
v 0.108306884765625 -0.06160736083984375 -0.451873779296875
v 0.10863494873046875 -0.1969757080078125 -0.325531005859375
v 0.10870361328125 -0.0036499500274658203 0.297027587890625
v 0.10881805419921875 -0.25921630859375 -0.1033782958984375
v 0.10884857177734375 0.026430130004882812 0.312713623046875
v 0.10887908935546875 0.13677978515625 0.021680831909179688
v 0.10887908935546875 0.13677978515625 0.021680831909179688
v 0.10890960693359375 -0.2442169189453125 -0.029150009155273438
v 0.10892486572265625 0.03594207763671875 0.344085693359375
v 0.10892486572265625 0.03594207763671875 0.344085693359375
v 0.10894775390625 -0.036563873291015625 -0.460693359375
v 0.10900115966796875 -0.022687911987304688 0.356842041015625
v 0.1090240478515625 -0.004258632659912109 -0.449310302734375
v 0.10904693603515625 -0.2387847900390625 -0.25433349609375
v 0.10910797119140625 -0.214599609375 0.026590347290039062
v 0.10951995849609375 0.056476593017578125 0.389678955078125
v 0.1095733642578125 0.1930389404296875 -0.255218505859375
v 0.10959625244140625 -0.1643524169921875 0.41119384765625
v 0.10959625244140625 -0.1643524169921875 0.41119384765625
v 0.10971832275390625 0.0734710693359375 0.445648193359375
v 0.1098175048828125 0.0035982131958007812 0.300048828125
v 0.1099090576171875 0.1580352783203125 -0.33636474609375
v 0.10993194580078125 -0.2432403564453125 -0.242095947265625
v 0.10994720458984375 -0.103118896484375 0.10414886474609375
v 0.11002349853515625 -0.1614227294921875 0.38714599609375
v 0.1103515625 -0.108489990234375 0.34173583984375
v 0.110382080078125 -0.123046875 -0.414093017578125
v 0.1104583740234375 -0.050647735595703125 0.2999267578125
v 0.1104583740234375 -0.050647735595703125 0.2999267578125
v 0.11046600341796875 -0.189056396484375 -0.33416748046875
v 0.11053466796875 -0.251068115234375 -0.0448150634765625
v 0.11069488525390625 0.1765289306640625 -0.049983978271484375
v 0.11069488525390625 -0.143585205078125 0.397552490234375
v 0.11069488525390625 -0.143585205078125 0.397552490234375
v 0.11083984375 -0.143280029296875 0.374237060546875
v 0.11096954345703125 -0.033061981201171875 -0.456085205078125
v 0.11102294921875 0.0213775634765625 0.327667236328125
v 0.11106109619140625 0.012187957763671875 -0.436309814453125
v 0.11130523681640625 0.011855125427246094 0.30975341796875
v 0.11171722412109375 0.0680694580078125 0.42523193359375
v 0.11182403564453125 -0.250762939453125 -0.2208404541015625
v 0.11187744140625 -0.1807403564453125 -0.34307861328125
v 0.112030029296875 -0.1579132080078125 0.407470703125
v 0.112030029296875 -0.1579132080078125 0.407470703125
v 0.11205291748046875 -0.007632255554199219 0.1335601806640625
v 0.11214447021484375 -0.2079620361328125 -0.28826904296875
v 0.11214447021484375 -0.2079620361328125 -0.28826904296875
v 0.11219024658203125 -0.05735015869140625 -0.440155029296875
v 0.11225128173828125 -0.2071685791015625 0.037242889404296875
v 0.1124267578125 -0.0856475830078125 -0.447174072265625
v 0.11252593994140625 -0.054840087890625 -0.440887451171875
v 0.11255645751953125 -0.1893310546875 -0.31134033203125
v 0.11257171630859375 -0.0457916259765625 0.133453369140625
v 0.1126708984375 -0.254791259765625 -0.0672149658203125
v 0.1126861572265625 0.08795166015625 -0.410430908203125
v 0.11269378662109375 -0.257476806640625 -0.09203338623046875
v 0.11279296875 0.028528213500976562 0.1261444091796875
v 0.11299896240234375 0.060882568359375 -0.42401123046875
v 0.1130523681640625 0.0674285888671875 0.442047119140625
v 0.1131591796875 0.0452423095703125 0.382476806640625
v 0.11318206787109375 -0.2532958984375 -0.0521392822265625
v 0.11328125 -0.05773162841796875 0.31109619140625
v 0.1133575439453125 -0.123931884765625 0.0883026123046875
v 0.113372802734375 -0.05701446533203125 0.1323089599609375
v 0.11346435546875 0.004431247711181641 0.309417724609375
v 0.1136322021484375 0.1779022216796875 -0.058574676513671875
v 0.1136322021484375 0.1779022216796875 -0.058574676513671875
v 0.11377716064453125 -0.23651123046875 -0.020948410034179688
v 0.11377716064453125 -0.23651123046875 -0.020948410034179688
v 0.1138153076171875 0.0179901123046875 0.1261749267578125
v 0.1138153076171875 0.0179901123046875 0.1261749267578125
v 0.11391448974609375 -0.06583404541015625 0.129730224609375
v 0.1140594482421875 -0.03379058837890625 0.30938720703125
v 0.1140594482421875 -0.03379058837890625 0.30938720703125
v 0.11407470703125 -0.0362548828125 -0.4510498046875
v 0.11407470703125 -0.0362548828125 -0.4510498046875
v 0.11434173583984375 0.19415283203125 -0.2228851318359375
v 0.1143951416015625 -0.267242431640625 -0.1751251220703125
v 0.1143951416015625 -0.267242431640625 -0.1751251220703125
v 0.11441802978515625 -0.020040512084960938 -0.449188232421875
v 0.11441802978515625 -0.020040512084960938 -0.449188232421875
v 0.11447906494140625 0.0516357421875 0.1030426025390625
v 0.1145172119140625 0.010614395141601562 0.324066162109375
v 0.114532470703125 -0.1571197509765625 0.40325927734375
v 0.11456298828125 -0.10406494140625 0.35760498046875
v 0.1145782470703125 0.1923370361328125 -0.1346435546875
v 0.1145782470703125 0.1923370361328125 -0.1346435546875
v 0.1146087646484375 -0.2613525390625 -0.129669189453125
v 0.1146392822265625 -0.25787353515625 -0.09990692138671875
v 0.11466217041015625 -0.042392730712890625 0.33709716796875
v 0.11466217041015625 -0.042392730712890625 0.33709716796875
v 0.11466217041015625 -0.255462646484375 -0.08052825927734375
v 0.1147918701171875 -0.050628662109375 0.311248779296875
v 0.11480712890625 0.17449951171875 -0.305999755859375
v 0.11480712890625 -0.25335693359375 -0.061733245849609375
v 0.11481475830078125 -0.011632919311523438 0.322540283203125
v 0.1148529052734375 -0.1048126220703125 0.37005615234375
v 0.1148529052734375 -0.1048126220703125 0.37005615234375
v 0.11487579345703125 -0.06787872314453125 -0.44915771484375
v 0.1148834228515625 -0.264007568359375 -0.1838531494140625
v 0.115142822265625 -0.194183349609375 -0.301422119140625
v 0.115142822265625 -0.194183349609375 -0.301422119140625
v 0.115234375 -0.07639312744140625 0.33734130859375
v 0.115234375 -0.1231231689453125 0.376739501953125
v 0.1152801513671875 0.02025604248046875 0.344940185546875
v 0.11545562744140625 -0.15203857421875 0.40228271484375
v 0.11547088623046875 0.014569282531738281 0.336822509765625
v 0.115478515625 -0.13482666015625 0.387969970703125
v 0.11551666259765625 -0.04604339599609375 0.332794189453125
v 0.11553955078125 0.1523895263671875 -0.0017701387405395508
v 0.11553955078125 0.1523895263671875 -0.0017701387405395508
v 0.11554718017578125 -0.265045166015625 -0.160430908203125
v 0.1155548095703125 -0.11968231201171875 0.380584716796875
v 0.1155548095703125 -0.11968231201171875 0.380584716796875
v 0.11557769775390625 -0.09192657470703125 0.361083984375
v 0.11557769775390625 -0.09192657470703125 0.361083984375
v 0.11566925048828125 -0.127716064453125 0.3857421875
v 0.11566925048828125 -0.127716064453125 0.3857421875
v 0.11573028564453125 -0.139251708984375 0.393035888671875
v 0.11574554443359375 0.003549337387084961 -0.43310546875
v 0.115753173828125 -0.08599853515625 0.356842041015625
v 0.115753173828125 -0.08599853515625 0.356842041015625
v 0.115875244140625 0.11278533935546875 -0.3946533203125
v 0.11598968505859375 -0.058628082275390625 0.325714111328125
v 0.1160430908203125 -0.1006011962890625 0.36358642578125
v 0.116058349609375 -0.037342071533203125 0.341461181640625
v 0.1161651611328125 -0.052577972412109375 -0.451934814453125
v 0.11618804931640625 -0.05167388916015625 0.32098388671875
v 0.11618804931640625 -0.05167388916015625 0.32098388671875
v 0.1162261962890625 -0.1093597412109375 0.371337890625
v 0.116241455078125 -0.0005119442939758301 0.1284027099609375
v 0.11629486083984375 0.0223846435546875 0.3543701171875
v 0.11632537841796875 -0.0806427001953125 0.115020751953125
v 0.11637115478515625 -0.008607864379882812 0.34356689453125
v 0.11639404296875 -0.08512115478515625 0.352081298828125
v 0.1164703369140625 0.02027130126953125 0.398101806640625
v 0.1166534423828125 0.133209228515625 -0.37353515625
v 0.11669158935546875 -0.0670928955078125 0.34326171875
v 0.11669158935546875 -0.0670928955078125 0.34326171875
v 0.11669921875 0.009963035583496094 0.38775634765625
v 0.1167449951171875 -0.0782623291015625 -0.442626953125
v 0.11676025390625 0.0018898248672485352 0.380126953125
v 0.11676788330078125 0.025968551635742188 0.3621826171875
v 0.11676788330078125 0.025968551635742188 0.3621826171875
v 0.1167755126953125 -0.02387237548828125 0.34002685546875
v 0.1167755126953125 -0.194488525390625 -0.32000732421875
v 0.11679840087890625 0.011455535888671875 0.12445068359375
v 0.11679840087890625 0.011455535888671875 0.12445068359375
v 0.11679840087890625 -0.01729583740234375 0.360870361328125
v 0.11679840087890625 -0.01729583740234375 0.360870361328125
v 0.11681365966796875 -0.042644500732421875 -0.4515380859375
v 0.11681365966796875 -0.0490875244140625 0.331024169921875
v 0.11681365966796875 -0.0490875244140625 0.331024169921875
v 0.1168670654296875 0.05474853515625 0.4337158203125
v 0.1168670654296875 -0.039752960205078125 0.3349609375
v 0.1168670654296875 -0.039752960205078125 0.3349609375
v 0.1168670654296875 -0.039752960205078125 0.3349609375
v 0.1168670654296875 -0.039752960205078125 0.3349609375
v 0.11688995361328125 -0.05942535400390625 0.337982177734375
v 0.11688995361328125 -0.05942535400390625 0.337982177734375
v 0.1170196533203125 0.03658294677734375 0.414794921875
v 0.117095947265625 0.009215354919433594 0.360015869140625
v 0.117095947265625 0.009215354919433594 0.360015869140625
v 0.1171417236328125 -0.262359619140625 -0.149322509765625
v 0.11717987060546875 0.058727264404296875 0.43707275390625
v 0.11717987060546875 -0.07401275634765625 0.347412109375
v 0.11717987060546875 -0.07401275634765625 0.347412109375
v 0.1174468994140625 0.03302764892578125 0.37957763671875
v 0.1176605224609375 -0.021654129028320312 0.354156494140625
v 0.1176605224609375 -0.021654129028320312 0.354156494140625
v 0.1176910400390625 -0.1864013671875 -0.307403564453125
v 0.11818695068359375 0.040195465087890625 -0.426849365234375
v 0.11818695068359375 0.040195465087890625 -0.426849365234375
v 0.11820220947265625 0.040462493896484375 0.39483642578125
v 0.11823272705078125 0.1682281494140625 -0.044399261474609375
v 0.11823272705078125 0.1682281494140625 -0.044399261474609375
v 0.11824798583984375 -0.004844188690185547 0.370941162109375
v 0.11824798583984375 -0.004844188690185547 0.370941162109375
v 0.11824798583984375 -0.004844188690185547 0.370941162109375
v 0.1183624267578125 -0.135833740234375 -0.392852783203125
v 0.11846160888671875 0.052974700927734375 0.423736572265625
v 0.118499755859375 -0.011656761169433594 0.1260833740234375
v 0.1185760498046875 0.03256988525390625 0.1180572509765625
v 0.11865997314453125 0.011391639709472656 0.387115478515625
v 0.11885833740234375 0.048801422119140625 0.413787841796875
v 0.11887359619140625 0.023809432983398438 0.399444580078125
v 0.1190643310546875 -0.0944366455078125 0.1010589599609375
v 0.11914825439453125 0.165191650390625 -0.319244384765625
v 0.11917877197265625 -0.091827392578125 -0.43603515625
v 0.1192779541015625 -0.264251708984375 -0.1735076904296875
v 0.1192779541015625 -0.264251708984375 -0.1735076904296875
v 0.1193084716796875 0.01526641845703125 -0.427734375
v 0.1193084716796875 0.01526641845703125 -0.427734375
v 0.119354248046875 0.049877166748046875 0.42681884765625
v 0.11957550048828125 0.024698257446289062 0.117401123046875
v 0.1196746826171875 0.035015106201171875 0.11605072021484375
v 0.11968994140625 -0.057247161865234375 -0.43621826171875
v 0.119903564453125 0.07051849365234375 -0.414398193359375
v 0.120025634765625 -0.135498046875 0.0730133056640625
v 0.12003326416015625 0.11309814453125 0.038875579833984375
v 0.12003326416015625 0.11309814453125 0.038875579833984375
v 0.1200408935546875 -0.256439208984375 -0.12184906005859375
v 0.12006378173828125 0.1841583251953125 -0.09828948974609375
v 0.1202239990234375 -0.10170745849609375 0.0943450927734375
v 0.1202392578125 -0.03734588623046875 0.1237640380859375
v 0.12067413330078125 0.052337646484375 -0.42205810546875
v 0.12123870849609375 -0.1728515625 0.048065185546875
v 0.12123870849609375 -0.1728515625 0.048065185546875
v 0.12133026123046875 -0.182891845703125 0.0407257080078125
v 0.12136077880859375 0.07996368408203125 -0.40850830078125
v 0.121368408203125 0.1939239501953125 -0.184295654296875
v 0.12165069580078125 -0.0639495849609375 -0.43914794921875
v 0.12166595458984375 0.1592559814453125 -0.028076171875
v 0.12174224853515625 -0.2202606201171875 -0.0011886358261108398
v 0.12174224853515625 -0.2202606201171875 -0.0011886358261108398
v 0.12189483642578125 0.1867523193359375 -0.271484375
v 0.12264251708984375 -0.019521713256835938 -0.432769775390625
v 0.12268829345703125 0.038482666015625 -0.4241943359375
v 0.1227264404296875 0.09860992431640625 0.05425262451171875
v 0.12274932861328125 0.1405487060546875 -0.357940673828125
v 0.12285614013671875 -0.165313720703125 -0.3516845703125
v 0.12296295166015625 -0.191925048828125 -0.316741943359375
v 0.1230316162109375 -0.1512451171875 0.059947967529296875
v 0.12323760986328125 0.11959075927734375 -0.38433837890625
v 0.12340545654296875 -0.04824066162109375 -0.442535400390625
v 0.12340545654296875 -0.04824066162109375 -0.442535400390625
v 0.12371826171875 -0.056026458740234375 -0.43817138671875
v 0.12389373779296875 0.021226882934570312 -0.423065185546875
v 0.12389373779296875 0.021226882934570312 -0.423065185546875
v 0.12397003173828125 0.06606292724609375 0.0834503173828125
v 0.12398529052734375 -0.0557861328125 0.11847686767578125
v 0.1242218017578125 -0.03993988037109375 -0.43218994140625
v 0.1242218017578125 -0.03993988037109375 -0.43218994140625
v 0.12442779541015625 0.014434814453125 0.11240386962890625
v 0.12442779541015625 0.014434814453125 0.11240386962890625
v 0.12442779541015625 0.1790313720703125 -0.078369140625
v 0.12442779541015625 0.1790313720703125 -0.078369140625
v 0.12470245361328125 -0.0819854736328125 -0.428558349609375
v 0.12493133544921875 -0.189666748046875 0.0360260009765625
v 0.1251373291015625 0.040744781494140625 0.107025146484375
v 0.12548828125 -0.09815216064453125 -0.424896240234375
v 0.12567138671875 0.090179443359375 -0.40087890625
v 0.12579345703125 -0.2364654541015625 -0.03759765625
v 0.1258392333984375 -0.0206298828125 0.1164093017578125
v 0.1261749267578125 0.169647216796875 -0.059810638427734375
v 0.1261749267578125 0.169647216796875 -0.059810638427734375
v 0.126190185546875 0.18438720703125 -0.2339324951171875
v 0.126312255859375 0.057712554931640625 -0.423004150390625
v 0.1263427734375 -0.2090606689453125 0.014224052429199219
v 0.1263427734375 -0.2090606689453125 0.014224052429199219
v 0.1267242431640625 -0.106781005859375 -0.41656494140625
v 0.1267242431640625 -0.2430572509765625 -0.204864501953125
v 0.1268157958984375 -0.0081939697265625 -0.42041015625
v 0.126922607421875 -0.181060791015625 -0.299591064453125
v 0.126922607421875 -0.181060791015625 -0.299591064453125
v 0.1269378662109375 -0.2451629638671875 -0.0753326416015625
v 0.127044677734375 0.1870269775390625 -0.2109832763671875
v 0.1270751953125 0.191253662109375 -0.17169189453125
v 0.1272125244140625 0.18218994140625 -0.1256561279296875
v 0.1273956298828125 -0.1237335205078125 -0.398284912109375
v 0.1274261474609375 0.1473388671875 -0.010370254516601562
v 0.1274261474609375 0.1473388671875 -0.010370254516601562
v 0.1274261474609375 0.1473388671875 -0.010370254516601562
v 0.1274566650390625 0.1582489013671875 -0.32586669921875
v 0.12750244140625 0.1014404296875 0.045101165771484375
v 0.1275177001953125 -0.026004791259765625 0.11426544189453125
v 0.1275482177734375 0.1758880615234375 -0.28778076171875
v 0.1275482177734375 0.1758880615234375 -0.28778076171875
v 0.12762451171875 -0.2229766845703125 -0.2484893798828125
v 0.127655029296875 -0.09734344482421875 0.08824920654296875
v 0.1278839111328125 -0.07946014404296875 0.1011505126953125
v 0.12799072265625 0.005737781524658203 -0.418670654296875
v 0.1280670166015625 0.12274169921875 0.02162933349609375
v 0.1280670166015625 0.12274169921875 0.02162933349609375
v 0.1280670166015625 -0.1824188232421875 -0.303131103515625
v 0.128173828125 0.138763427734375 0.003548860549926758
v 0.128173828125 0.138763427734375 0.003548860549926758
v 0.12823486328125 0.165435791015625 -0.30950927734375
v 0.128326416015625 0.0237274169921875 0.105438232421875
v 0.1284027099609375 -0.10132598876953125 -0.419403076171875
v 0.12841796875 -0.2473907470703125 -0.1039886474609375
v 0.128448486328125 -0.06539154052734375 0.1110382080078125
v 0.1287994384765625 0.1874847412109375 -0.1565399169921875
v 0.1288604736328125 0.07407379150390625 -0.41656494140625
v 0.1288604736328125 -0.1364898681640625 -0.381591796875
v 0.12908935546875 0.073211669921875 0.0716400146484375
v 0.129241943359375 -0.1900787353515625 -0.28607177734375
v 0.1292877197265625 0.09540557861328125 -0.39556884765625
v 0.1293182373046875 -0.053813934326171875 -0.42523193359375
v 0.1293182373046875 -0.053813934326171875 -0.42523193359375
v 0.1296844482421875 0.1114501953125 -0.386016845703125
v 0.129730224609375 -0.2467803955078125 -0.188995361328125
v 0.1300201416015625 0.020498275756835938 -0.424774169921875
v 0.1302490234375 -0.055400848388671875 0.1096954345703125
v 0.1303253173828125 -0.11505126953125 0.07456207275390625
v 0.13037109375 -0.25213623046875 -0.1511077880859375
v 0.130615234375 0.040660858154296875 -0.42742919921875
v 0.130615234375 0.040660858154296875 -0.42742919921875
v 0.1307373046875 -0.024539947509765625 -0.416839599609375
v 0.1309051513671875 0.06371307373046875 0.08188629150390625
v 0.130950927734375 -0.06587982177734375 -0.419464111328125
v 0.130950927734375 -0.06587982177734375 -0.419464111328125
v 0.13104248046875 0.0503692626953125 0.09368896484375
v 0.131072998046875 -0.0289764404296875 0.109039306640625
v 0.131317138671875 -0.001407623291015625 -0.4146728515625
v 0.13134765625 -0.2484283447265625 -0.129486083984375
v 0.1314697265625 0.1544952392578125 -0.03591156005859375
v 0.1314697265625 0.1544952392578125 -0.03591156005859375
v 0.1315155029296875 -0.16986083984375 -0.336395263671875
v 0.132415771484375 -0.1567535400390625 0.04676055908203125
v 0.132415771484375 -0.1567535400390625 0.04676055908203125
v 0.1325836181640625 -0.02108001708984375 -0.412933349609375
v 0.1327056884765625 -0.03499603271484375 -0.4124755859375
v 0.132965087890625 -0.252899169921875 -0.169281005859375
v 0.132965087890625 -0.252899169921875 -0.169281005859375
v 0.133026123046875 -0.049732208251953125 -0.416046142578125
v 0.133056640625 0.044124603271484375 0.09427642822265625
v 0.133270263671875 0.18096923828125 -0.13787841796875
v 0.1334686279296875 -0.2213287353515625 -0.019636154174804688
v 0.1335296630859375 -0.0060329437255859375 -0.41180419921875
v 0.1336212158203125 -0.22900390625 -0.2218475341796875
v 0.133636474609375 -0.13470458984375 0.0587158203125
v 0.133636474609375 -0.186920166015625 -0.31121826171875
v 0.1336822509765625 -0.0009173154830932617 0.099761962890625
v 0.1336822509765625 -0.0009173154830932617 0.099761962890625
v 0.1339569091796875 -0.04461669921875 -0.412445068359375
v 0.134185791015625 -0.1580657958984375 -0.3492431640625
v 0.134246826171875 -0.08734893798828125 -0.41162109375
v 0.1346893310546875 -0.20623779296875 -0.259490966796875
v 0.13470458984375 0.1710357666015625 -0.07586669921875
v 0.1347503662109375 0.032985687255859375 0.09577178955078125
v 0.1347808837890625 0.1498260498046875 -0.33514404296875
v 0.13494873046875 -0.176055908203125 -0.2947998046875
v 0.13494873046875 -0.176055908203125 -0.2947998046875
v 0.1350860595703125 -0.069793701171875 -0.411376953125
v 0.1350860595703125 -0.069793701171875 -0.411376953125
v 0.1351165771484375 -0.050029754638671875 0.103515625
v 0.13519287109375 -0.23785400390625 -0.0532989501953125
v 0.13525390625 -0.16375732421875 0.039081573486328125
v 0.13525390625 -0.16375732421875 0.039081573486328125
v 0.1355743408203125 0.1318206787109375 -0.360748291015625
v 0.135650634765625 -0.21624755859375 -0.2464141845703125
v 0.1357421875 -0.175048828125 0.034320831298828125
v 0.1359405517578125 0.182403564453125 -0.197296142578125
v 0.1360626220703125 0.173248291015625 -0.108123779296875
v 0.13623046875 0.013075828552246094 0.09561920166015625
v 0.13623046875 0.013075828552246094 0.09561920166015625
v 0.1363983154296875 0.08470916748046875 0.055294036865234375
v 0.136444091796875 -0.010743141174316406 -0.408172607421875
v 0.136688232421875 0.10120391845703125 -0.384918212890625
v 0.1368865966796875 -0.11019134521484375 -0.40423583984375
v 0.137359619140625 -0.1394805908203125 -0.369140625
v 0.1375732421875 0.027744293212890625 -0.4281005859375
v 0.1376953125 0.1785430908203125 -0.2701416015625
v 0.13818359375 -0.1517181396484375 0.044132232666015625
v 0.1382598876953125 -0.0844879150390625 -0.40478515625
v 0.1382598876953125 -0.0844879150390625 -0.40478515625
v 0.1387176513671875 -0.1978302001953125 0.020120620727539062
v 0.1388092041015625 -0.14501953125 0.04752349853515625
v 0.138824462890625 0.1207427978515625 0.015040397644042969
v 0.138824462890625 0.1207427978515625 0.015040397644042969
v 0.138824462890625 0.1583099365234375 -0.311737060546875
v 0.1390228271484375 0.073028564453125 0.06470489501953125
v 0.1392822265625 -0.2382049560546875 -0.09869384765625
v 0.139312744140625 0.1399078369140625 -0.34893798828125
v 0.139312744140625 0.1743316650390625 -0.1226348876953125
v 0.139434814453125 -0.24298095703125 -0.1764373779296875
v 0.1396331787109375 -0.08686065673828125 0.08155059814453125
v 0.1396484375 0.0591278076171875 0.08057403564453125
v 0.139892578125 -0.1805267333984375 -0.28277587890625
v 0.140045166015625 -0.0653228759765625 0.095977783203125
v 0.140228271484375 0.0861053466796875 -0.41070556640625
v 0.1402435302734375 -0.023679733276367188 0.0928955078125
v 0.140289306640625 0.1768035888671875 -0.2167816162109375
v 0.1403350830078125 -0.05474090576171875 -0.40399169921875
v 0.1403656005859375 0.048938751220703125 -0.42889404296875
v 0.1403656005859375 0.048938751220703125 -0.42889404296875
v 0.1405792236328125 0.1334381103515625 -0.353759765625
v 0.1412200927734375 -0.031091690063476562 -0.402587890625
v 0.1412506103515625 0.1173248291015625 -0.36676025390625
v 0.141265869140625 0.1820220947265625 -0.1669921875
v 0.1413421630859375 0.093902587890625 -0.401519775390625
v 0.1413726806640625 0.039035797119140625 0.0843048095703125
v 0.14141845703125 -0.0467987060546875 0.0952606201171875
v 0.141448974609375 -0.2341461181640625 -0.06291961669921875
v 0.1415557861328125 0.1763916015625 -0.245330810546875
v 0.1416168212890625 0.0519866943359375 0.0803375244140625
v 0.1416473388671875 0.0592803955078125 -0.42669677734375
v 0.1416778564453125 0.010415077209472656 -0.424072265625
v 0.1420135498046875 -0.22216796875 -0.033275604248046875
v 0.142547607421875 0.0823516845703125 -0.4144287109375
v 0.1426849365234375 0.101898193359375 0.032314300537109375
v 0.1428985595703125 0.1398773193359375 -0.023296356201171875
v 0.143157958984375 -0.162872314453125 0.03408050537109375
v 0.143157958984375 -0.162872314453125 0.03408050537109375
v 0.14337158203125 -0.182373046875 -0.306243896484375
v 0.14337158203125 -0.182373046875 -0.306243896484375
v 0.1434783935546875 0.1337738037109375 -0.00994873046875
v 0.1434783935546875 0.1337738037109375 -0.00994873046875
v 0.1435699462890625 -0.014558792114257812 0.087432861328125
v 0.1435699462890625 -0.014558792114257812 0.087432861328125
v 0.1437225341796875 -0.1742401123046875 0.027853012084960938
v 0.1439361572265625 -0.017147064208984375 -0.39996337890625
v 0.1440887451171875 0.064239501953125 0.07355499267578125
v 0.144195556640625 0.06845855712890625 -0.423370361328125
v 0.144256591796875 0.022876739501953125 0.0820159912109375
v 0.144317626953125 0.03401947021484375 -0.430023193359375
v 0.144317626953125 0.03401947021484375 -0.430023193359375
v 0.1443634033203125 -0.170379638671875 -0.288238525390625
v 0.1445159912109375 0.1599578857421875 -0.06609344482421875
v 0.1446380615234375 -0.1152191162109375 -0.3907470703125
v 0.1446380615234375 -0.1152191162109375 -0.3907470703125
v 0.1447601318359375 -0.2328948974609375 -0.07867431640625
v 0.144989013671875 -0.0004482567310333252 -0.417877197265625
v 0.1450958251953125 -0.188720703125 -0.266632080078125
v 0.1452484130859375 0.046688079833984375 0.0772857666015625
v 0.1453094482421875 -0.2067413330078125 -0.006350517272949219
v 0.1453094482421875 -0.2067413330078125 -0.006350517272949219
v 0.1454010009765625 -0.10828399658203125 0.06298065185546875
v 0.1457672119140625 0.1631927490234375 -0.29217529296875
v 0.145782470703125 0.10626983642578125 -0.37060546875
v 0.1461029052734375 0.165283203125 -0.10009765625
v 0.1461639404296875 -0.1472320556640625 0.038177490234375
v 0.1462249755859375 -0.058620452880859375 0.08852386474609375
v 0.1462249755859375 -0.071685791015625 -0.393280029296875
v 0.146881103515625 -0.05495452880859375 -0.3948974609375
v 0.147186279296875 -0.1692047119140625 -0.32000732421875
v 0.1474151611328125 -0.0653839111328125 0.08642578125
v 0.147552490234375 -0.0886688232421875 -0.38739013671875
v 0.147552490234375 -0.0886688232421875 -0.38739013671875
v 0.1477203369140625 0.067352294921875 0.0655975341796875
v 0.147857666015625 -0.026275634765625 -0.394927978515625
v 0.1480865478515625 -0.009943008422851562 -0.410400390625
v 0.148590087890625 0.0636749267578125 0.06554412841796875
v 0.148651123046875 0.10262298583984375 -0.386016845703125
v 0.1486663818359375 0.049163818359375 0.069671630859375
v 0.149139404296875 0.12115478515625 -0.353668212890625
v 0.1491851806640625 0.0418548583984375 0.072906494140625
v 0.14947509765625 0.024030685424804688 -0.4288330078125
v 0.15045166015625 0.09516143798828125 -0.400726318359375
v 0.15087890625 0.1664581298828125 -0.11911773681640625
v 0.1509552001953125 -0.126251220703125 0.04645538330078125
v 0.1511383056640625 -0.048076629638671875 0.08141326904296875
v 0.1512298583984375 -0.022487640380859375 -0.39154052734375
v 0.1512451171875 0.134674072265625 -0.33984375
v 0.1515350341796875 -0.144500732421875 -0.34844970703125
v 0.1516265869140625 0.17108154296875 -0.268707275390625
v 0.1516265869140625 0.17108154296875 -0.268707275390625
v 0.151824951171875 -0.2118377685546875 -0.02559661865234375
v 0.152130126953125 0.1399688720703125 -0.33270263671875
v 0.1522369384765625 0.074188232421875 0.052425384521484375
v 0.1524658203125 0.07342529296875 -0.421142578125
v 0.1524810791015625 -0.2299957275390625 -0.1120452880859375
v 0.152679443359375 0.10546875 -0.376434326171875
v 0.1529541015625 -0.025213241577148438 0.076263427734375
v 0.1534423828125 0.1541900634765625 -0.303558349609375
v 0.153564453125 0.17034912109375 -0.145721435546875
v 0.15380859375 -0.2304229736328125 -0.12453460693359375
v 0.1538543701171875 -0.1774444580078125 -0.300750732421875
v 0.1538543701171875 -0.1774444580078125 -0.300750732421875
v 0.1539154052734375 0.1273651123046875 -0.014534950256347656
v 0.1539154052734375 0.1273651123046875 -0.014534950256347656
v 0.15399169921875 -0.08605194091796875 -0.3760986328125
v 0.1540374755859375 -0.1643524169921875 -0.2818603515625
v 0.1543731689453125 -0.121734619140625 -0.373504638671875
v 0.154388427734375 0.080780029296875 0.044170379638671875
v 0.1545867919921875 0.056636810302734375 -0.427734375
v 0.1545867919921875 0.056636810302734375 -0.427734375
v 0.15472412109375 0.114837646484375 0.006901264190673828
v 0.15472412109375 0.114837646484375 0.006901264190673828
v 0.154754638671875 0.15606689453125 -0.07367706298828125
v 0.154815673828125 -0.06551361083984375 0.0788421630859375
v 0.1551055908203125 -0.1698760986328125 -0.274322509765625
v 0.1552734375 -0.050945281982421875 -0.381805419921875
v 0.1553802490234375 -0.22357177734375 -0.055400848388671875
v 0.155487060546875 -0.007606983184814453 0.07115936279296875
v 0.155487060546875 -0.007606983184814453 0.07115936279296875
v 0.1555023193359375 0.014008522033691406 -0.425933837890625
v 0.1555023193359375 -0.2248992919921875 -0.1817169189453125
v 0.155517578125 -0.2161865234375 -0.20166015625
v 0.155609130859375 0.09033203125 -0.407257080078125
v 0.1556243896484375 -0.2346343994140625 -0.1611480712890625
v 0.1556243896484375 -0.2346343994140625 -0.1611480712890625
v 0.155853271484375 -0.025157928466796875 -0.384674072265625
v 0.1558990478515625 0.159027099609375 -0.289947509765625
v 0.1558990478515625 0.159027099609375 -0.289947509765625
v 0.1558990478515625 -0.1524505615234375 -0.3336181640625
v 0.1559295654296875 -0.0843048095703125 0.066680908203125
v 0.1562957763671875 -0.0352325439453125 -0.381591796875
v 0.1566619873046875 -0.07135772705078125 -0.374359130859375
v 0.15673828125 0.0038678646087646484 -0.421051025390625
v 0.1568145751953125 0.1099700927734375 0.011569023132324219
v 0.1568145751953125 0.1099700927734375 0.011569023132324219
v 0.1568603515625 0.045017242431640625 -0.429534912109375
v 0.1568603515625 0.045017242431640625 -0.429534912109375
v 0.156890869140625 0.025583267211914062 0.0649261474609375
v 0.156890869140625 -0.10794830322265625 -0.370391845703125
v 0.156890869140625 -0.10794830322265625 -0.370391845703125
v 0.15704345703125 0.1067047119140625 -0.356658935546875
v 0.1576080322265625 -0.1663665771484375 -0.311767578125
v 0.1576080322265625 -0.1663665771484375 -0.311767578125
v 0.1576080322265625 -0.1663665771484375 -0.311767578125
v 0.1579437255859375 0.1674957275390625 -0.192901611328125
v 0.15802001953125 -0.138397216796875 0.033290863037109375
v 0.1580657958984375 0.100677490234375 -0.39080810546875
v 0.1584320068359375 0.03406524658203125 -0.4296875
v 0.1584625244140625 0.084625244140625 -0.41253662109375
v 0.1590118408203125 0.02350616455078125 -0.428070068359375
v 0.1598968505859375 -0.1957550048828125 -0.2391204833984375
v 0.15997314453125 0.09691619873046875 0.023424148559570312
v 0.160003662109375 0.026796340942382812 0.058506011962890625
v 0.160003662109375 0.03836822509765625 0.0550384521484375
v 0.1601104736328125 -0.1396636962890625 -0.34552001953125
v 0.16021728515625 -0.1899566650390625 0.006370067596435547
v 0.16021728515625 -0.1899566650390625 0.006370067596435547
v 0.16033935546875 -0.1611480712890625 -0.27642822265625
v 0.16064453125 -0.1994781494140625 -0.014061927795410156
v 0.160797119140625 0.1663360595703125 -0.2287139892578125
v 0.161224365234375 0.055011749267578125 0.042926788330078125
v 0.1613006591796875 0.128143310546875 -0.333404541015625
v 0.1613922119140625 -0.16925048828125 0.015657424926757812
v 0.16192626953125 0.16583251953125 -0.26702880859375
v 0.1619873046875 -0.019258499145507812 -0.39776611328125
v 0.1620025634765625 -0.009033203125 -0.411041259765625
v 0.1622467041015625 -0.1262969970703125 -0.36016845703125
v 0.1622467041015625 -0.1262969970703125 -0.36016845703125
v 0.162353515625 0.1526641845703125 -0.08939361572265625
v 0.16253662109375 0.16802978515625 -0.1610565185546875
v 0.162750244140625 -0.12420654296875 0.035625457763671875
v 0.1629180908203125 -0.1722259521484375 -0.294097900390625
v 0.162994384765625 -0.1177215576171875 -0.360931396484375
v 0.162994384765625 -0.1177215576171875 -0.360931396484375
v 0.163116455078125 -0.03865814208984375 0.06667327880859375
v 0.1632232666015625 0.04421234130859375 -0.428802490234375
v 0.1632232666015625 0.04421234130859375 -0.428802490234375
v 0.1634368896484375 0.06241607666015625 -0.4246826171875
v 0.1634521484375 -0.18463134765625 -0.2469024658203125
v 0.1637420654296875 0.1372528076171875 -0.320587158203125
v 0.1637420654296875 0.1442413330078125 -0.30877685546875
v 0.1638336181640625 0.10572052001953125 -0.369110107421875
v 0.16387939453125 -0.14178466796875 0.027225494384765625
v 0.16387939453125 -0.14178466796875 0.027225494384765625
v 0.163970947265625 0.094512939453125 -0.400238037109375
v 0.1640472412109375 -0.1591033935546875 -0.27667236328125
v 0.16424560546875 -0.045162200927734375 -0.3677978515625
v 0.1643829345703125 0.0732269287109375 0.026098251342773438
v 0.1646728515625 -0.02734375 -0.371124267578125
v 0.1648712158203125 -0.188995361328125 0.001232743263244629
v 0.1648712158203125 -0.188995361328125 0.001232743263244629
v 0.165069580078125 0.138946533203125 -0.052165985107421875
v 0.1651458740234375 -0.1983489990234375 -0.22076416015625
v 0.1651611328125 -0.140625 -0.336883544921875
v 0.1651611328125 -0.140625 -0.336883544921875
v 0.1651763916015625 -0.1712188720703125 -0.259765625
v 0.165252685546875 -0.08695220947265625 0.0560150146484375
v 0.1652984619140625 -0.1038360595703125 0.045772552490234375
v 0.1653289794921875 0.017259597778320312 -0.425384521484375
v 0.1659698486328125 0.0798187255859375 -0.41497802734375
v 0.1661224365234375 0.162139892578125 -0.1431121826171875
v 0.166259765625 0.10013580322265625 0.014883995056152344
v 0.166259765625 0.10013580322265625 0.014883995056152344
v 0.1662750244140625 -0.021093368530273438 -0.3931884765625
v 0.166473388671875 -0.03939056396484375 -0.3658447265625
v 0.166717529296875 -0.05467987060546875 -0.363494873046875
v 0.166717529296875 -0.2180023193359375 -0.171966552734375
v 0.166717529296875 -0.2180023193359375 -0.171966552734375
v 0.166748046875 0.008790969848632812 -0.421661376953125
v 0.166748046875 -0.1674652099609375 -0.288299560546875
v 0.1669769287109375 0.0007417201995849609 0.056125640869140625
v 0.1671600341796875 0.02435302734375 -0.426544189453125
v 0.1672821044921875 -0.215728759765625 -0.06610870361328125
v 0.1673126220703125 0.10398101806640625 -0.346405029296875
v 0.1677398681640625 -0.0680694580078125 0.065032958984375
v 0.1678009033203125 0.053897857666015625 0.02877044677734375
v 0.1678314208984375 0.016077041625976562 0.049770355224609375
v 0.167877197265625 0.16204833984375 -0.1800537109375
v 0.1680755615234375 0.088958740234375 -0.40545654296875
v 0.1680908203125 -0.156402587890625 -0.272308349609375
v 0.16827392578125 0.1074066162109375 0.0008997321128845215
v 0.16827392578125 0.1074066162109375 0.0008997321128845215
v 0.16827392578125 0.1074066162109375 0.0008997321128845215
v 0.168426513671875 0.035175323486328125 -0.427398681640625
v 0.1686859130859375 -0.0892486572265625 -0.3580322265625
v 0.1688385009765625 0.07032012939453125 -0.419708251953125
v 0.169189453125 -0.174591064453125 0.005712032318115234
v 0.1695709228515625 -0.150970458984375 -0.315460205078125
v 0.1695709228515625 -0.150970458984375 -0.315460205078125
v 0.1695709228515625 -0.150970458984375 -0.315460205078125
v 0.1695709228515625 -0.150970458984375 -0.315460205078125
v 0.1695709228515625 -0.213531494140625 -0.056056976318359375
v 0.169586181640625 -0.1280059814453125 -0.3475341796875
v 0.169586181640625 -0.1280059814453125 -0.3475341796875
v 0.169708251953125 -0.168212890625 0.008947372436523438
v 0.1699066162109375 -0.1692352294921875 -0.255645751953125
v 0.169952392578125 0.141143798828125 -0.3048095703125
v 0.1701202392578125 -0.00003835931420326233 -0.415924072265625
v 0.17022705078125 -0.2222442626953125 -0.1551361083984375
v 0.170257568359375 -0.1081695556640625 0.038333892822265625
v 0.1705322265625 -0.154693603515625 -0.27154541015625
v 0.171356201171875 0.05776214599609375 -0.42413330078125
v 0.171356201171875 0.05776214599609375 -0.42413330078125
v 0.17138671875 -0.160400390625 -0.265380859375
v 0.1715087890625 0.10088348388671875 -0.38427734375
v 0.1715545654296875 -0.013653755187988281 0.053668975830078125
v 0.1715545654296875 -0.013653755187988281 0.053668975830078125
v 0.171600341796875 0.10424041748046875 -0.353607177734375
v 0.17169189453125 -0.011091232299804688 -0.405609130859375
v 0.1717681884765625 -0.215484619140625 -0.103759765625
v 0.1718597412109375 -0.21722412109375 -0.1308746337890625
v 0.172119140625 -0.026611328125 -0.3614501953125
v 0.172149658203125 0.12204742431640625 -0.02962493896484375
v 0.1722564697265625 0.1489715576171875 -0.287841796875
v 0.1723175048828125 -0.1057586669921875 -0.349273681640625
v 0.1727142333984375 -0.1649017333984375 -0.288482666015625
v 0.1727142333984375 -0.1649017333984375 -0.288482666015625
v 0.1732177734375 0.1432037353515625 -0.07823944091796875
v 0.173248291015625 0.028799057006835938 0.03156280517578125
v 0.1735076904296875 -0.160186767578125 -0.280364990234375
v 0.1739349365234375 -0.150665283203125 0.013959884643554688
v 0.1739349365234375 -0.150665283203125 0.013959884643554688
v 0.174468994140625 -0.140106201171875 -0.323577880859375
v 0.1744842529296875 0.1601715087890625 -0.1581268310546875
v 0.17449951171875 -0.200897216796875 -0.193695068359375
v 0.1748809814453125 0.08237457275390625 -0.4093017578125
v 0.174896240234375 0.0907135009765625 -0.400604248046875
v 0.1753387451171875 -0.1546478271484375 0.010378837585449219
v 0.1753387451171875 -0.1546478271484375 0.010378837585449219
v 0.17547607421875 -0.1288604736328125 -0.33734130859375
v 0.1755523681640625 0.03033447265625 -0.4249267578125
v 0.1756439208984375 -0.069305419921875 0.056713104248046875
v 0.175689697265625 -0.049846649169921875 0.05396270751953125
v 0.1757354736328125 0.1512298583984375 -0.121917724609375
v 0.1758880615234375 0.046352386474609375 -0.42474365234375
v 0.1759796142578125 -0.029199600219726562 -0.35546875
v 0.1763153076171875 -0.11452484130859375 0.030199050903320312
v 0.176788330078125 -0.1625823974609375 -0.25616455078125
v 0.17694091796875 0.157684326171875 -0.262664794921875
v 0.17694091796875 -0.1943206787109375 -0.02930450439453125
v 0.177001953125 -0.0755462646484375 -0.349395751953125
v 0.1770782470703125 -0.1037139892578125 0.034091949462890625
v 0.17724609375 0.07167816162109375 -0.416107177734375
v 0.17755126953125 0.05027008056640625 0.019578933715820312
v 0.1775665283203125 0.1528472900390625 -0.273468017578125
v 0.1775665283203125 0.1528472900390625 -0.273468017578125
v 0.1776275634765625 0.15679931640625 -0.1661224365234375
v 0.177734375 0.1339263916015625 -0.059886932373046875
v 0.17779541015625 0.139190673828125 -0.07291412353515625
v 0.17779541015625 -0.170562744140625 -0.006968021392822266
v 0.17779541015625 -0.170562744140625 -0.006968021392822266
v 0.178009033203125 0.0983734130859375 -0.3377685546875
v 0.1781005859375 0.1288604736328125 -0.310882568359375
v 0.1782073974609375 -0.013987541198730469 0.0426025390625
v 0.1782073974609375 -0.013987541198730469 0.0426025390625
v 0.17822265625 -0.016529083251953125 -0.394622802734375
v 0.1783599853515625 0.00977325439453125 -0.418182373046875
v 0.178619384765625 0.08832550048828125 0.0013779401779174805
v 0.178619384765625 0.08832550048828125 0.0013779401779174805
v 0.1786956787109375 -0.024614334106445312 -0.36968994140625
v 0.178863525390625 -0.028652191162109375 0.047027587890625
v 0.178863525390625 -0.028652191162109375 0.047027587890625
v 0.1789093017578125 -0.024110794067382812 -0.352996826171875
v 0.17901611328125 -0.1522064208984375 -0.268341064453125
v 0.179046630859375 0.0986175537109375 -0.3834228515625
v 0.1791839599609375 -0.15533447265625 0.0028066635131835938
v 0.1791839599609375 -0.15533447265625 0.0028066635131835938
v 0.1791839599609375 -0.15533447265625 0.0028066635131835938
v 0.17919921875 -0.18731689453125 -0.2149200439453125
v 0.179229736328125 0.156097412109375 -0.240631103515625
v 0.179290771484375 -0.020856857299804688 -0.385040283203125
v 0.1793365478515625 -0.131072998046875 -0.32916259765625
v 0.179351806640625 0.07051849365234375 0.010546684265136719
v 0.179351806640625 -0.12436676025390625 -0.332794189453125
v 0.1796112060546875 -0.187255859375 -0.027135848999023438
v 0.1797332763671875 -0.140289306640625 0.013828277587890625
v 0.1797332763671875 -0.140289306640625 0.013828277587890625
v 0.17974853515625 -0.008310317993164062 -0.404327392578125
v 0.179840087890625 -0.1585693359375 -0.26226806640625
v 0.1799163818359375 0.1515045166015625 -0.26470947265625
v 0.18048095703125 0.1406707763671875 -0.089111328125
v 0.1805267333984375 0.101531982421875 -0.37103271484375
v 0.1806182861328125 0.1376495361328125 -0.07936859130859375
v 0.180633544921875 0.1020050048828125 -0.358734130859375
v 0.1806793212890625 0.0258941650390625 -0.42205810546875
v 0.180694580078125 0.1439971923828125 -0.1049041748046875
v 0.18115234375 0.1329498291015625 -0.06854248046875
v 0.18133544921875 0.1548004150390625 -0.21514892578125
v 0.181610107421875 -0.2127227783203125 -0.1508941650390625
v 0.1820220947265625 -0.1970062255859375 -0.0424652099609375
v 0.1822052001953125 0.1380767822265625 -0.290679931640625
v 0.1822052001953125 0.1380767822265625 -0.290679931640625
v 0.1822967529296875 0.08324432373046875 -0.4044189453125
v 0.1824188232421875 0.1411590576171875 -0.1016693115234375
v 0.182586669921875 -0.022275924682617188 -0.34954833984375
v 0.182586669921875 -0.11365509033203125 -0.330596923828125
v 0.182708740234375 0.1458740234375 -0.11914825439453125
v 0.1829071044921875 0.10996246337890625 -0.322540283203125
v 0.1832275390625 0.1417236328125 -0.2572021484375
v 0.183319091796875 0.153656005859375 -0.1918792724609375
v 0.1834869384765625 -0.0048675537109375 0.0309295654296875
v 0.1835174560546875 -0.06456756591796875 -0.342498779296875
v 0.183807373046875 -0.176513671875 -0.229339599609375
v 0.1839752197265625 -0.08675384521484375 -0.335968017578125
v 0.1840362548828125 0.04828643798828125 -0.420654296875
v 0.18414306640625 0.1454620361328125 -0.222686767578125
v 0.1842193603515625 0.09458160400390625 -0.332305908203125
v 0.18438720703125 -0.1514434814453125 -0.271575927734375
v 0.18438720703125 -0.1514434814453125 -0.271575927734375
v 0.1845245361328125 0.1507110595703125 -0.1429595947265625
v 0.184722900390625 0.10448455810546875 -0.037322998046875
v 0.1847686767578125 -0.1541900634765625 -0.283538818359375
v 0.18499755859375 0.1484222412109375 -0.264251708984375
v 0.18499755859375 0.1484222412109375 -0.264251708984375
v 0.18511962890625 0.031219482421875 -0.42071533203125
v 0.185150146484375 0.152374267578125 -0.169158935546875
v 0.185150146484375 -0.144744873046875 -0.30023193359375
v 0.185150146484375 -0.144744873046875 -0.30023193359375
v 0.185150146484375 -0.144744873046875 -0.30023193359375
v 0.185333251953125 0.1132354736328125 -0.314483642578125
v 0.1853790283203125 0.08922576904296875 -0.394989013671875
v 0.18548583984375 -0.20721435546875 -0.1234130859375
v 0.1856689453125 0.003386974334716797 -0.4102783203125
v 0.18572998046875 0.08043670654296875 -0.004929542541503906
v 0.18572998046875 0.08043670654296875 -0.004929542541503906
v 0.18572998046875 0.08043670654296875 -0.004929542541503906
v 0.185821533203125 -0.1533050537109375 -0.2774658203125
v 0.185821533203125 -0.1533050537109375 -0.2774658203125
v 0.1858367919921875 -0.1580352783203125 -0.2520751953125
v 0.1859283447265625 -0.2021636962890625 -0.05780029296875
v 0.1859893798828125 0.0616302490234375 -0.416229248046875
v 0.1859893798828125 0.0616302490234375 -0.416229248046875
v 0.186065673828125 -0.167633056640625 -0.23626708984375
v 0.1861114501953125 -0.021505355834960938 -0.3656005859375
v 0.186126708984375 0.1295166015625 -0.295654296875
v 0.1861724853515625 -0.07047271728515625 0.04520416259765625
v 0.186187744140625 0.09848785400390625 -0.34613037109375
v 0.18634033203125 -0.084564208984375 0.036609649658203125
v 0.1863555908203125 -0.166900634765625 -0.020925521850585938
v 0.1865081787109375 -0.115814208984375 0.020391464233398438
v 0.1865692138671875 0.1516876220703125 -0.1566925048828125
v 0.186614990234375 -0.1810150146484375 -0.21209716796875
v 0.1868743896484375 0.1324005126953125 -0.251068115234375
v 0.1868743896484375 -0.1358795166015625 -0.310760498046875
v 0.1868743896484375 -0.1358795166015625 -0.310760498046875
v 0.1868896484375 0.07483673095703125 -0.408416748046875
v 0.1868896484375 0.07483673095703125 -0.408416748046875
v 0.18695068359375 0.013580322265625 -0.41497802734375
v 0.18695068359375 0.1454925537109375 -0.1822662353515625
v 0.1869964599609375 0.138458251953125 -0.1204376220703125
v 0.187225341796875 -0.207611083984375 -0.145782470703125
v 0.1875762939453125 0.09308624267578125 -0.385986328125
v 0.187652587890625 -0.200042724609375 -0.056255340576171875
v 0.187713623046875 -0.06793212890625 -0.334136962890625
v 0.1877593994140625 -0.01940155029296875 -0.3427734375
v 0.187774658203125 0.1356964111328125 -0.2209930419921875
v 0.187896728515625 -0.027303695678710938 -0.341156005859375
v 0.1881866455078125 -0.1511383056640625 -0.25042724609375
v 0.188201904296875 0.116790771484375 -0.06349945068359375
v 0.1882781982421875 0.04510498046875 0.009830474853515625
v 0.188751220703125 -0.014688491821289062 -0.3870849609375
v 0.1887969970703125 -0.0918426513671875 -0.32568359375
v 0.1888427734375 -0.1411590576171875 -0.004359245300292969
v 0.1888427734375 -0.1411590576171875 -0.004359245300292969
v 0.188873291015625 -0.033397674560546875 0.033527374267578125
v 0.188873291015625 -0.033397674560546875 0.033527374267578125
v 0.18902587890625 -0.2016754150390625 -0.0831298828125
v 0.189117431640625 -0.1512298583984375 -0.279205322265625
v 0.1892242431640625 -0.191375732421875 -0.1824188232421875
v 0.1892547607421875 -0.15032958984375 -0.266998291015625
v 0.1892547607421875 -0.15032958984375 -0.266998291015625
v 0.1893157958984375 0.08972930908203125 -0.328460693359375
v 0.1893310546875 -0.1603851318359375 -0.26263427734375
v 0.1893463134765625 -0.1612396240234375 -0.25927734375
v 0.189453125 -0.1287689208984375 -0.31536865234375
v 0.1894989013671875 -0.003567218780517578 -0.401641845703125
v 0.1894989013671875 -0.161407470703125 -0.2295989990234375
v 0.1895294189453125 0.10027313232421875 -0.31951904296875
v 0.1896209716796875 -0.048595428466796875 -0.336761474609375
v 0.1899261474609375 0.1384429931640625 -0.187713623046875
v 0.189971923828125 -0.1937255859375 -0.0548095703125
v 0.1899871826171875 -0.2018890380859375 -0.1012115478515625
v 0.19012451171875 0.058345794677734375 0.00033587217330932617
v 0.19012451171875 0.058345794677734375 0.00033587217330932617
v 0.1902313232421875 0.1268463134765625 -0.1063232421875
v 0.190277099609375 0.143768310546875 -0.1520538330078125
v 0.190277099609375 -0.05200958251953125 0.03762054443359375
v 0.1903228759765625 0.08383941650390625 -0.022556304931640625
v 0.1903228759765625 0.08383941650390625 -0.022556304931640625
v 0.19061279296875 -0.017766952514648438 -0.376708984375
v 0.190643310546875 -0.0185546875 -0.34869384765625
v 0.1907806396484375 -0.147613525390625 -0.268341064453125
v 0.1907806396484375 -0.147613525390625 -0.268341064453125
v 0.19091796875 -0.1517333984375 -0.016370773315429688
v 0.191009521484375 -0.1471405029296875 -0.2480010986328125
v 0.191009521484375 -0.19976806640625 -0.159210205078125
v 0.191009521484375 -0.19976806640625 -0.159210205078125
v 0.191070556640625 0.1407012939453125 -0.25836181640625
v 0.1910858154296875 0.12454986572265625 -0.2453765869140625
v 0.191253662109375 0.10906982421875 -0.30401611328125
v 0.19140625 -0.0973358154296875 0.025470733642578125
v 0.191680908203125 0.141204833984375 -0.26141357421875
v 0.191680908203125 0.141204833984375 -0.26141357421875
v 0.1917724609375 -0.19403076171875 -0.07694244384765625
v 0.1917877197265625 -0.164642333984375 -0.2200927734375
v 0.1918182373046875 0.13092041015625 -0.27923583984375
v 0.191864013671875 -0.202484130859375 -0.1271209716796875
v 0.19195556640625 0.10288238525390625 -0.31304931640625
v 0.1919708251953125 -0.1531982421875 -0.267120361328125
v 0.1919708251953125 -0.1531982421875 -0.267120361328125
v 0.1919708251953125 -0.1582489013671875 -0.2535400390625
v 0.192138671875 0.0896148681640625 -0.3863525390625
v 0.192138671875 -0.14361572265625 -0.23870849609375
v 0.1926116943359375 0.11618804931640625 -0.298858642578125
v 0.192626953125 -0.138519287109375 -0.24383544921875
v 0.1927032470703125 -0.0744171142578125 -0.322418212890625
v 0.1927947998046875 -0.139007568359375 -0.2947998046875
v 0.192901611328125 -0.14630126953125 -0.2646484375
v 0.193145751953125 -0.2029571533203125 -0.1470184326171875
v 0.1933135986328125 -0.013556480407714844 -0.336578369140625
v 0.19354248046875 -0.167388916015625 -0.0369415283203125
v 0.1935882568359375 0.128387451171875 -0.1298828125
v 0.1935882568359375 -0.184814453125 -0.05435943603515625
v 0.193695068359375 0.08010101318359375 -0.3978271484375
v 0.193695068359375 -0.16900634765625 -0.259552001953125
v 0.193695068359375 -0.16900634765625 -0.259552001953125
v 0.19415283203125 0.0903167724609375 -0.33941650390625
v 0.1944427490234375 0.005764961242675781 0.015447616577148438
v 0.1945343017578125 -0.1310272216796875 -0.30572509765625
v 0.1945343017578125 -0.1310272216796875 -0.30572509765625
v 0.1945953369140625 0.040008544921875 -0.41412353515625
v 0.194732666015625 0.1336669921875 -0.1662139892578125
v 0.194732666015625 -0.1959075927734375 -0.152313232421875
v 0.1947784423828125 -0.032367706298828125 0.025556564331054688
v 0.1947784423828125 -0.032367706298828125 0.025556564331054688
v 0.1948089599609375 0.056976318359375 -0.41107177734375
v 0.1950836181640625 -0.1482696533203125 -0.2449951171875
v 0.19512939453125 0.009309768676757812 -0.406280517578125
v 0.19537353515625 0.0682373046875 -0.013941764831542969
v 0.19537353515625 0.0682373046875 -0.013941764831542969
v 0.1954803466796875 0.0997161865234375 -0.058574676513671875
v 0.195526123046875 0.0925445556640625 -0.370574951171875
v 0.1956634521484375 0.1170806884765625 -0.241363525390625
v 0.195770263671875 -0.167633056640625 -0.198028564453125
v 0.19586181640625 -0.145751953125 -0.272705078125
v 0.1959381103515625 -0.139251708984375 -0.2435302734375
v 0.195953369140625 0.0814666748046875 -0.323883056640625
v 0.1962127685546875 -0.1722259521484375 -0.256072998046875
v 0.1962127685546875 -0.1722259521484375 -0.256072998046875
v 0.1962432861328125 -0.134185791015625 -0.2445220947265625
v 0.196319580078125 0.09271240234375 -0.35198974609375
v 0.1963653564453125 -0.1178741455078125 -0.305877685546875
v 0.1963653564453125 -0.1178741455078125 -0.305877685546875
v 0.1963653564453125 -0.1178741455078125 -0.305877685546875
v 0.1964874267578125 0.1012725830078125 -0.3062744140625
v 0.1965789794921875 0.025789260864257812 0.006206512451171875
v 0.1967010498046875 -0.1309661865234375 -0.302581787109375
v 0.1968536376953125 0.022098541259765625 -0.409912109375
v 0.196929931640625 -0.183990478515625 -0.0838623046875
v 0.1970977783203125 -0.0374298095703125 -0.32830810546875
v 0.1972198486328125 0.0893707275390625 -0.315521240234375
v 0.1972198486328125 -0.192901611328125 -0.143707275390625
v 0.19732666015625 -0.006817340850830078 -0.332061767578125
v 0.197509765625 -0.143463134765625 -0.275238037109375
v 0.19757080078125 -0.007618904113769531 -0.386444091796875
v 0.1975860595703125 -0.1616668701171875 -0.2657470703125
v 0.1975860595703125 -0.1616668701171875 -0.2657470703125
v 0.197723388671875 -0.01386260986328125 -0.358154296875
v 0.1977691650390625 -0.09337615966796875 -0.307830810546875
v 0.1977691650390625 -0.09337615966796875 -0.307830810546875
v 0.197906494140625 -0.1851806640625 -0.10578155517578125
v 0.198028564453125 0.11711883544921875 -0.286865234375
v 0.1981964111328125 0.12066650390625 -0.1990203857421875
v 0.1981964111328125 -0.07407379150390625 0.031078338623046875
v 0.19830322265625 0.07639312744140625 -0.032939910888671875
v 0.19830322265625 0.07639312744140625 -0.032939910888671875
v 0.1984405517578125 0.03513336181640625 -0.410858154296875
v 0.1984405517578125 -0.0695953369140625 0.03101348876953125
v 0.198455810546875 0.10839080810546875 -0.29766845703125
v 0.198577880859375 0.0012340545654296875 -0.396392822265625
v 0.198577880859375 -0.0182952880859375 0.016328811645507812
v 0.1987762451171875 0.10684967041015625 -0.1007232666015625
v 0.1990203857421875 0.076690673828125 -0.321746826171875
v 0.1990203857421875 0.076690673828125 -0.321746826171875
v 0.1990509033203125 -0.141387939453125 -0.2567138671875
v 0.1991729736328125 -0.1817626953125 -0.158935546875
v 0.1991729736328125 -0.1817626953125 -0.158935546875
v 0.1992645263671875 0.13360595703125 -0.256683349609375
v 0.199432373046875 -0.1770172119140625 -0.25701904296875
v 0.1994781494140625 0.063690185546875 -0.403961181640625
v 0.1994781494140625 0.063690185546875 -0.403961181640625
v 0.1994781494140625 -0.1362762451171875 -0.019687652587890625
v 0.199615478515625 -0.13287353515625 -0.25372314453125
v 0.199615478515625 -0.146392822265625 -0.2183074951171875
v 0.1997222900390625 0.0735626220703125 -0.39703369140625
v 0.1997222900390625 0.0735626220703125 -0.39703369140625
v 0.1997833251953125 0.090118408203125 -0.3623046875
v 0.1997833251953125 -0.1306610107421875 -0.2336883544921875
v 0.2000732421875 0.12358856201171875 -0.1435089111328125
v 0.2000885009765625 0.1252899169921875 -0.26922607421875
v 0.2000885009765625 0.1252899169921875 -0.26922607421875
v 0.200103759765625 0.1331787109375 -0.25390625
v 0.200347900390625 0.03798675537109375 -0.005007266998291016
v 0.200347900390625 0.03798675537109375 -0.005007266998291016
v 0.2006072998046875 -0.009730339050292969 -0.345184326171875
v 0.2006988525390625 0.010601997375488281 -0.400726318359375
v 0.2009429931640625 -0.1269073486328125 -0.251953125
v 0.200958251953125 -0.010890960693359375 -0.371307373046875
v 0.2010040283203125 -0.1332855224609375 -0.24298095703125
v 0.2010040283203125 -0.1332855224609375 -0.24298095703125
v 0.2013702392578125 -0.126129150390625 -0.247039794921875
v 0.2013702392578125 -0.126129150390625 -0.247039794921875
v 0.2015228271484375 -0.141082763671875 -0.26190185546875
v 0.2015533447265625 0.10675811767578125 -0.2349700927734375
v 0.2017669677734375 -0.061771392822265625 0.023481369018554688
v 0.202239990234375 -0.10637664794921875 -0.002539396286010742
v 0.202239990234375 -0.10637664794921875 -0.002539396286010742
v 0.2022857666015625 -0.168212890625 -0.2637939453125
v 0.2022857666015625 -0.168212890625 -0.2637939453125
v 0.2022857666015625 -0.168212890625 -0.2637939453125
v 0.2023773193359375 0.08008575439453125 -0.38507080078125
v 0.2023773193359375 0.08008575439453125 -0.38507080078125
v 0.202392578125 -0.153411865234375 -0.258575439453125
v 0.20263671875 0.00806427001953125 0.0030260086059570312
v 0.20263671875 0.00806427001953125 0.0030260086059570312
v 0.2027740478515625 0.0171051025390625 -0.40167236328125
v 0.2029266357421875 0.10221099853515625 -0.111358642578125
v 0.2029266357421875 0.10221099853515625 -0.111358642578125
v 0.2029571533203125 -0.05336761474609375 -0.316131591796875
v 0.202972412109375 0.050762176513671875 -0.404998779296875
v 0.2030029296875 0.083221435546875 -0.378570556640625
v 0.2030029296875 0.083221435546875 -0.378570556640625
v 0.203155517578125 -0.16888427734375 -0.07879638671875
v 0.2032470703125 -0.18365478515625 -0.251800537109375
v 0.2032470703125 -0.18365478515625 -0.251800537109375
v 0.203369140625 -0.1384735107421875 -0.2340087890625
v 0.2033843994140625 0.08526611328125 -0.37127685546875
v 0.203643798828125 -0.001689910888671875 -0.385009765625
v 0.2037506103515625 0.005564212799072266 -0.322906494140625
v 0.203765869140625 0.06818389892578125 -0.31939697265625
v 0.203887939453125 -0.126922607421875 -0.296844482421875
v 0.203887939453125 -0.126922607421875 -0.296844482421875
v 0.20391845703125 0.07857513427734375 -0.050655364990234375
v 0.20391845703125 0.07857513427734375 -0.050655364990234375
v 0.204071044921875 -0.143951416015625 -0.2081451416015625
v 0.204193115234375 -0.08248138427734375 -0.3031005859375
v 0.204193115234375 -0.08248138427734375 -0.3031005859375
v 0.2042694091796875 -0.175750732421875 -0.1367950439453125
v 0.20428466796875 -0.1350555419921875 -0.2356109619140625
v 0.20428466796875 -0.1350555419921875 -0.2356109619140625
v 0.2044830322265625 0.028039932250976562 -0.403472900390625
v 0.204559326171875 -0.007705211639404297 -0.35205078125
v 0.20458984375 0.0881500244140625 -0.08437347412109375
v 0.20458984375 0.0881500244140625 -0.08437347412109375
v 0.20501708984375 -0.1175689697265625 -0.2478485107421875
v 0.20501708984375 -0.1175689697265625 -0.2478485107421875
v 0.20501708984375 -0.1175689697265625 -0.2478485107421875
v 0.2050323486328125 0.00939178466796875 -0.393890380859375
v 0.2052459716796875 0.08684539794921875 -0.304534912109375
v 0.2052459716796875 0.08684539794921875 -0.304534912109375
v 0.2054595947265625 -0.07572174072265625 0.015072822570800781
v 0.205841064453125 0.10463714599609375 -0.28350830078125
v 0.205841064453125 0.1099395751953125 -0.1831207275390625
v 0.2059326171875 0.1262359619140625 -0.254486083984375
v 0.2059326171875 -0.1610260009765625 -0.1686859130859375
v 0.2059783935546875 0.11768341064453125 -0.26678466796875
v 0.2059783935546875 0.11768341064453125 -0.26678466796875
v 0.20635986328125 0.074951171875 -0.333282470703125
v 0.20635986328125 0.074951171875 -0.333282470703125
v 0.206451416015625 -0.1321258544921875 -0.2483673095703125
v 0.2066650390625 0.058597564697265625 -0.31787109375
v 0.2067108154296875 -0.004952430725097656 -0.3687744140625
v 0.2068328857421875 -0.1191558837890625 -0.2395477294921875
v 0.20684814453125 0.014946937561035156 -0.31988525390625
v 0.20684814453125 -0.1804656982421875 -0.258544921875
v 0.20684814453125 -0.1899871826171875 -0.252899169921875
v 0.2068634033203125 -0.1274261474609375 -0.026805877685546875
v 0.2069091796875 -0.150390625 -0.04923248291015625
v 0.2069549560546875 -0.1729278564453125 -0.24102783203125
v 0.207061767578125 -0.1736297607421875 -0.260986328125
v 0.207061767578125 -0.1736297607421875 -0.260986328125
v 0.2071380615234375 -0.117401123046875 -0.293914794921875
v 0.2071380615234375 -0.117401123046875 -0.293914794921875
v 0.2071990966796875 0.0800628662109375 -0.345703125
v 0.2071990966796875 0.0800628662109375 -0.345703125
v 0.207427978515625 0.0679168701171875 -0.312774658203125
v 0.20751953125 0.1259918212890625 -0.2498321533203125
v 0.20758056640625 -0.150909423828125 -0.25213623046875
v 0.2075958251953125 0.037342071533203125 -0.40032958984375
v 0.2076416015625 -0.157958984375 -0.23150634765625
v 0.2076873779296875 0.0963134765625 -0.2277984619140625
v 0.2078094482421875 0.05948638916015625 -0.39569091796875
v 0.2078399658203125 -0.1262664794921875 -0.288421630859375
v 0.207916259765625 0.05224609375 -0.024448394775390625
v 0.208038330078125 0.025390625 -0.31756591796875
v 0.20806884765625 -0.1605377197265625 -0.1528472900390625
v 0.20806884765625 -0.1605377197265625 -0.1528472900390625
v 0.208221435546875 -0.1448822021484375 -0.227142333984375
v 0.208587646484375 0.019779205322265625 -0.395233154296875
v 0.2086029052734375 -0.11670684814453125 -0.2493896484375
v 0.2086029052734375 -0.11670684814453125 -0.2493896484375
v 0.2086334228515625 0.048259735107421875 -0.31683349609375
v 0.208740234375 -0.00238037109375 -0.350189208984375
v 0.2087860107421875 -0.1610870361328125 -0.10711669921875
v 0.2088165283203125 -0.134124755859375 -0.234832763671875
v 0.2088470458984375 -0.1222991943359375 -0.220123291015625
v 0.20892333984375 0.037639617919921875 -0.31634521484375
v 0.209075927734375 -0.194244384765625 -0.24884033203125
v 0.209075927734375 -0.194244384765625 -0.24884033203125
v 0.2091217041015625 -0.04190826416015625 0.007428646087646484
v 0.2091217041015625 -0.04190826416015625 0.007428646087646484
v 0.209228515625 -0.09869384765625 -0.295562744140625
v 0.20941162109375 0.07964324951171875 -0.3551025390625
v 0.20941162109375 0.07964324951171875 -0.3551025390625
v 0.2094879150390625 -0.135498046875 -0.261749267578125
v 0.2096099853515625 -0.156402587890625 -0.08774566650390625
v 0.2100372314453125 -0.1305694580078125 -0.2436981201171875
v 0.2100982666015625 -0.1176910400390625 -0.2281646728515625
v 0.2100982666015625 -0.1176910400390625 -0.2281646728515625
v 0.21044921875 0.019224166870117188 -0.011925697326660156
v 0.21044921875 0.019224166870117188 -0.011925697326660156
v 0.210479736328125 0.009472846984863281 -0.384796142578125
v 0.2105712890625 0.0673828125 -0.385345458984375
v 0.2105865478515625 -0.10669708251953125 -0.24542236328125
v 0.210662841796875 0.09130859375 -0.224273681640625
v 0.21075439453125 0.07332611083984375 -0.37689208984375
v 0.21075439453125 0.07332611083984375 -0.37689208984375
v 0.2108001708984375 0.0029754638671875 -0.373748779296875
v 0.210906982421875 0.033702850341796875 -0.395599365234375
v 0.2109527587890625 -0.1318817138671875 -0.255401611328125
v 0.2110748291015625 0.11563873291015625 -0.2425537109375
v 0.2112274169921875 0.007039546966552734 -0.336578369140625
v 0.2113189697265625 0.0006438493728637695 -0.357421875
v 0.2113494873046875 0.07558441162109375 -0.08914947509765625
v 0.2113494873046875 0.07558441162109375 -0.08914947509765625
v 0.21142578125 0.045825958251953125 -0.39447021484375
v 0.2115325927734375 -0.13836669921875 -0.047168731689453125
v 0.211639404296875 0.07575225830078125 -0.35015869140625
v 0.21197509765625 -0.12104034423828125 -0.281158447265625
v 0.21197509765625 -0.12104034423828125 -0.281158447265625
v 0.2120208740234375 -0.016241073608398438 -0.30462646484375
v 0.2120361328125 0.0749664306640625 -0.366485595703125
v 0.2120361328125 0.0749664306640625 -0.366485595703125
v 0.2122955322265625 0.1192474365234375 -0.24676513671875
v 0.2122955322265625 0.1192474365234375 -0.24676513671875
v 0.2129669189453125 -0.12689208984375 -0.274322509765625
v 0.2130279541015625 0.057796478271484375 -0.3292236328125
v 0.2130584716796875 -0.07833099365234375 -0.294189453125
v 0.2130584716796875 -0.07833099365234375 -0.294189453125
v 0.21307373046875 -0.2007598876953125 -0.2475128173828125
v 0.2132110595703125 -0.06983184814453125 -0.294769287109375
v 0.2132110595703125 -0.06983184814453125 -0.294769287109375
v 0.2132720947265625 0.101959228515625 -0.264892578125
v 0.2132720947265625 0.101959228515625 -0.264892578125
v 0.2133636474609375 -0.142181396484375 -0.2445526123046875
v 0.2134552001953125 -0.09362030029296875 -0.288116455078125
v 0.21356201171875 -0.1013946533203125 -0.2433319091796875
v 0.2136077880859375 0.008698463439941406 -0.305206298828125
v 0.2136383056640625 -0.1081390380859375 -0.2339324951171875
v 0.2136383056640625 -0.1081390380859375 -0.2339324951171875
v 0.2138214111328125 0.030490875244140625 -0.32659912109375
v 0.2140655517578125 -0.186187744140625 -0.258026123046875
v 0.2140655517578125 -0.186187744140625 -0.258026123046875
v 0.2142333984375 0.06472015380859375 -0.33843994140625
v 0.214263916015625 -0.1391448974609375 -0.2191619873046875
v 0.2144317626953125 0.01721954345703125 -0.3336181640625
v 0.2144927978515625 -0.14251708984375 -0.157989501953125
v 0.2144927978515625 -0.14251708984375 -0.157989501953125
v 0.214599609375 -0.12375640869140625 -0.2031097412109375
v 0.2146148681640625 0.058681488037109375 -0.383392333984375
v 0.214630126953125 -0.1368560791015625 -0.2200469970703125
v 0.214630126953125 -0.1368560791015625 -0.2200469970703125
v 0.2147064208984375 -0.16192626953125 -0.2239227294921875
v 0.2147064208984375 -0.191680908203125 -0.2395782470703125
v 0.2147064208984375 -0.191680908203125 -0.2395782470703125
v 0.214752197265625 0.07918548583984375 -0.286041259765625
v 0.214752197265625 0.07918548583984375 -0.286041259765625
v 0.2147979736328125 0.051868438720703125 -0.041324615478515625
v 0.2148590087890625 0.08914947509765625 -0.198822021484375
v 0.2148590087890625 0.08914947509765625 -0.198822021484375
v 0.2148895263671875 -0.07967376708984375 -0.0060176849365234375
v 0.2148895263671875 -0.07967376708984375 -0.0060176849365234375
v 0.2148895263671875 -0.07967376708984375 -0.0060176849365234375
v 0.214935302734375 -0.195709228515625 -0.252960205078125
v 0.215057373046875 0.041057586669921875 -0.30322265625
v 0.2152252197265625 -0.1335296630859375 -0.1833648681640625
v 0.2152557373046875 0.014060020446777344 -0.3768310546875
v 0.2153167724609375 0.057865142822265625 -0.062435150146484375
v 0.215423583984375 0.09024810791015625 -0.1308746337890625
v 0.215423583984375 0.09024810791015625 -0.1308746337890625
v 0.21551513671875 -0.11103057861328125 -0.2146759033203125
v 0.21551513671875 -0.11103057861328125 -0.2146759033203125
v 0.2155914306640625 0.009604454040527344 -0.349853515625
v 0.2155914306640625 0.024852752685546875 -0.384796142578125
v 0.215728759765625 -0.04846954345703125 -0.29278564453125
v 0.215728759765625 -0.04846954345703125 -0.29278564453125
v 0.21575927734375 0.009298324584960938 -0.362518310546875
v 0.2158355712890625 0.002743244171142578 -0.014449119567871094
v 0.215911865234375 0.042537689208984375 -0.38641357421875
v 0.215911865234375 0.0876617431640625 -0.175323486328125
v 0.215911865234375 0.0876617431640625 -0.175323486328125
v 0.215911865234375 -0.11234283447265625 -0.032196044921875
v 0.215972900390625 -0.171966552734375 -0.25091552734375
v 0.216094970703125 0.03685760498046875 -0.33013916015625
v 0.2161712646484375 0.08167266845703125 -0.217529296875
v 0.2161712646484375 0.08167266845703125 -0.217529296875
v 0.216339111328125 0.04665374755859375 -0.299285888671875
v 0.216339111328125 -0.02089691162109375 -0.008702278137207031
v 0.216339111328125 -0.02089691162109375 -0.008702278137207031
v 0.2163543701171875 -0.09580230712890625 -0.2408447265625
v 0.216552734375 0.065032958984375 -0.3687744140625
v 0.2166595458984375 0.064697265625 -0.294036865234375
v 0.216766357421875 0.038848876953125 -0.030279159545898438
v 0.2168426513671875 0.018024444580078125 -0.340057373046875
v 0.216949462890625 -0.12346649169921875 -0.04444122314453125
v 0.2169647216796875 -0.1452178955078125 -0.1271209716796875
v 0.217041015625 0.1119537353515625 -0.24066162109375
v 0.2170867919921875 0.06461334228515625 -0.35467529296875
v 0.217132568359375 0.04953765869140625 -0.33416748046875
v 0.217315673828125 0.0280914306640625 -0.025793075561523438
v 0.217437744140625 -0.062358856201171875 -0.011749267578125
v 0.217437744140625 -0.062358856201171875 -0.011749267578125
v 0.217437744140625 -0.062358856201171875 -0.011749267578125
v 0.217498779296875 0.10254669189453125 -0.23333740234375
v 0.2175750732421875 0.012067794799804688 -0.019992828369140625
v 0.2175750732421875 -0.2071990966796875 -0.2442169189453125
v 0.217803955078125 -0.05947113037109375 -0.284576416015625
v 0.2179412841796875 -0.128631591796875 -0.2559814453125
v 0.2181243896484375 -0.1276092529296875 -0.257781982421875
v 0.2181243896484375 -0.1276092529296875 -0.257781982421875
v 0.2183990478515625 0.052532196044921875 -0.375274658203125
v 0.21844482421875 0.077667236328125 -0.21673583984375
v 0.218597412109375 -0.1111297607421875 -0.268096923828125
v 0.218597412109375 -0.1111297607421875 -0.268096923828125
v 0.2186431884765625 -0.124725341796875 -0.253082275390625
v 0.2187347412109375 0.02069854736328125 -0.370452880859375
v 0.2187957763671875 -0.13653564453125 -0.09563446044921875
v 0.21881103515625 -0.029048919677734375 -0.288909912109375
v 0.21881103515625 -0.029048919677734375 -0.288909912109375
v 0.21893310546875 0.039646148681640625 -0.378082275390625
v 0.21893310546875 -0.0970611572265625 -0.274810791015625
v 0.219024658203125 0.0958251953125 -0.254302978515625
v 0.219024658203125 0.0958251953125 -0.254302978515625
v 0.219024658203125 0.0958251953125 -0.254302978515625
v 0.2191925048828125 0.036701202392578125 -0.337982177734375
v 0.2194671630859375 0.08914947509765625 -0.2237396240234375
v 0.2194671630859375 0.08914947509765625 -0.2237396240234375
v 0.2195281982421875 0.020837783813476562 -0.353057861328125
v 0.2195281982421875 0.08083343505859375 -0.270477294921875
v 0.2195281982421875 0.08083343505859375 -0.270477294921875
v 0.2195892333984375 -0.07769012451171875 -0.28009033203125
v 0.2196197509765625 -0.1372528076171875 -0.11185455322265625
v 0.21966552734375 0.043979644775390625 -0.340087890625
v 0.2198333740234375 0.10697174072265625 -0.2381744384765625
v 0.2198944091796875 -0.1535186767578125 -0.21612548828125
v 0.2203369140625 -0.13348388671875 -0.23675537109375
v 0.2203826904296875 -0.0887298583984375 -0.2374114990234375
v 0.22039794921875 0.03707122802734375 -0.290924072265625
v 0.22039794921875 -0.2039947509765625 -0.236968994140625
v 0.2204132080078125 0.051609039306640625 -0.348663330078125
v 0.220428466796875 0.05274200439453125 -0.362945556640625
v 0.2204437255859375 -0.12017822265625 -0.251312255859375
v 0.2204437255859375 -0.12017822265625 -0.251312255859375
v 0.2204742431640625 -0.0072612762451171875 -0.01886749267578125
v 0.220550537109375 0.038860321044921875 -0.039264678955078125
v 0.2205657958984375 0.030879974365234375 -0.34637451171875
v 0.220855712890625 -0.12042999267578125 -0.06452178955078125
v 0.2209930419921875 0.020807266235351562 -0.28985595703125
v 0.2210693359375 -0.0493927001953125 -0.020084381103515625
v 0.2210845947265625 0.039516448974609375 -0.368316650390625
v 0.2210845947265625 0.06517791748046875 -0.106292724609375
v 0.2211151123046875 -0.099029541015625 -0.2231597900390625
v 0.22119140625 0.074859619140625 -0.198211669921875
v 0.2215118408203125 0.031681060791015625 -0.361053466796875
v 0.2215423583984375 -0.11444091796875 -0.1942138671875
v 0.2215423583984375 -0.11444091796875 -0.1942138671875
v 0.221832275390625 0.03971099853515625 -0.354888916015625
v 0.222137451171875 -0.1987762451171875 -0.250640869140625
v 0.2225189208984375 -0.005786895751953125 -0.28460693359375
v 0.2225189208984375 -0.005786895751953125 -0.28460693359375
v 0.22271728515625 -0.1389617919921875 -0.2104339599609375
v 0.22271728515625 -0.1389617919921875 -0.2104339599609375
v 0.2230987548828125 -0.1370086669921875 -0.2163543701171875
v 0.2232666015625 -0.0841064453125 -0.025358200073242188
v 0.2232666015625 -0.0841064453125 -0.025358200073242188
v 0.223419189453125 -0.08197784423828125 -0.2346343994140625
v 0.2234344482421875 -0.2045745849609375 -0.2498779296875
v 0.2234649658203125 -0.12148284912109375 -0.153411865234375
v 0.2234649658203125 -0.12148284912109375 -0.153411865234375
v 0.2234649658203125 -0.12148284912109375 -0.153411865234375
v 0.2235260009765625 -0.156219482421875 -0.2378692626953125
v 0.223724365234375 -0.11241912841796875 -0.2490997314453125
v 0.223724365234375 -0.11241912841796875 -0.2490997314453125
v 0.22381591796875 -0.0401458740234375 -0.27197265625
v 0.2243499755859375 0.021177291870117188 -0.03234100341796875
v 0.2243499755859375 -0.12339019775390625 -0.1352081298828125
v 0.22442626953125 -0.11103057861328125 -0.2508544921875
v 0.22442626953125 -0.11103057861328125 -0.2508544921875
v 0.2244415283203125 -0.17913818359375 -0.2184295654296875
v 0.2244415283203125 -0.17913818359375 -0.2184295654296875
v 0.22454833984375 0.0658111572265625 -0.21551513671875
v 0.224639892578125 -0.2169952392578125 -0.2378082275390625
v 0.2246856689453125 0.04131317138671875 -0.281951904296875
v 0.224700927734375 0.060398101806640625 -0.2781982421875
v 0.224761962890625 0.015863418579101562 -0.28314208984375
v 0.224761962890625 0.015863418579101562 -0.28314208984375
v 0.2248687744140625 0.06893157958984375 -0.125244140625
v 0.2248992919921875 -0.21136474609375 -0.2446136474609375
v 0.2251129150390625 -0.095947265625 -0.211944580078125
v 0.2252197265625 0.011471748352050781 -0.030712127685546875
v 0.2255706787109375 0.098663330078125 -0.2313079833984375
v 0.2255706787109375 0.098663330078125 -0.2313079833984375
v 0.226226806640625 0.08412933349609375 -0.24578857421875
v 0.226226806640625 0.08412933349609375 -0.24578857421875
v 0.226226806640625 0.08412933349609375 -0.24578857421875
v 0.2265625 -0.07378387451171875 -0.2307586669921875
v 0.2268829345703125 -0.11873626708984375 -0.10082244873046875
v 0.2268829345703125 -0.11873626708984375 -0.10082244873046875
v 0.227142333984375 -0.10472869873046875 -0.2462158203125
v 0.2271728515625 -0.2000274658203125 -0.2243194580078125
v 0.227264404296875 -0.0689239501953125 -0.227203369140625
v 0.2274169921875 -0.1207427978515625 -0.11853790283203125
v 0.227783203125 -0.1386260986328125 -0.2319488525390625
v 0.2278594970703125 -0.0970611572265625 -0.251190185546875
v 0.227935791015625 -0.07616424560546875 -0.263427734375
v 0.22802734375 0.060436248779296875 -0.1717376708984375
v 0.228118896484375 0.041820526123046875 -0.08087158203125
v 0.2281646728515625 -0.1009368896484375 -0.06488800048828125
v 0.2281646728515625 -0.1009368896484375 -0.06488800048828125
v 0.2281951904296875 -0.14776611328125 -0.232421875
v 0.2282562255859375 -0.009632110595703125 -0.26702880859375
v 0.2282562255859375 -0.009632110595703125 -0.26702880859375
v 0.2283172607421875 -0.0823822021484375 -0.21533203125
v 0.228363037109375 -0.1821441650390625 -0.2371063232421875
v 0.228363037109375 -0.1821441650390625 -0.2371063232421875
v 0.228485107421875 -0.09624481201171875 -0.1959381103515625
v 0.2285003662109375 -0.2093353271484375 -0.2453765869140625
v 0.22869873046875 0.02396392822265625 -0.27191162109375
v 0.22869873046875 0.02396392822265625 -0.27191162109375
v 0.2288055419921875 -0.03986358642578125 -0.038349151611328125
v 0.228851318359375 0.009397506713867188 -0.038837432861328125
v 0.228851318359375 -0.055988311767578125 -0.223663330078125
v 0.228973388671875 0.0620880126953125 -0.2637939453125
v 0.228973388671875 0.0620880126953125 -0.2637939453125
v 0.229034423828125 -0.07909393310546875 -0.038944244384765625
v 0.22906494140625 0.023151397705078125 -0.040195465087890625
v 0.2291412353515625 0.09212493896484375 -0.2268829345703125
v 0.2291412353515625 0.09212493896484375 -0.2268829345703125
v 0.2291412353515625 -0.08757781982421875 -0.039180755615234375
v 0.2291412353515625 -0.08757781982421875 -0.039180755615234375
v 0.229217529296875 -0.059123992919921875 -0.225982666015625
v 0.229400634765625 -0.149627685546875 -0.2061614990234375
v 0.22943115234375 -0.0987396240234375 -0.2434234619140625
v 0.2297821044921875 -0.2229156494140625 -0.2335968017578125
v 0.229949951171875 -0.1395111083984375 -0.201141357421875
v 0.229949951171875 -0.1395111083984375 -0.201141357421875
v 0.2300872802734375 -0.1656494140625 -0.2327423095703125
v 0.2301177978515625 -0.044391632080078125 -0.2212677001953125
v 0.2301483154296875 0.009217262268066406 -0.26611328125
v 0.2301483154296875 0.009217262268066406 -0.26611328125
v 0.2306976318359375 -0.09004974365234375 -0.1990509033203125
v 0.2307891845703125 -0.08286285400390625 -0.2028656005859375
v 0.2309722900390625 0.05162811279296875 -0.2142181396484375
v 0.23101806640625 -0.08011627197265625 -0.254119873046875
v 0.231353759765625 -0.045520782470703125 -0.2230072021484375
v 0.2313995361328125 -0.1021881103515625 -0.1471099853515625
v 0.2313995361328125 -0.1021881103515625 -0.1471099853515625
v 0.2314300537109375 -0.21856689453125 -0.240509033203125
v 0.23162841796875 -0.031070709228515625 -0.218841552734375
v 0.231689453125 -0.214935302734375 -0.2253875732421875
v 0.2317657470703125 -0.136749267578125 -0.225311279296875
v 0.231903076171875 -0.07187652587890625 -0.1946868896484375
v 0.2319183349609375 0.05193328857421875 -0.257476806640625
v 0.2319183349609375 0.05193328857421875 -0.257476806640625
v 0.23193359375 0.0836181640625 -0.2208404541015625
v 0.23223876953125 -0.061260223388671875 -0.202484130859375
v 0.2322540283203125 -0.08774566650390625 -0.061428070068359375
v 0.2323760986328125 0.05083465576171875 -0.14813232421875
v 0.23248291015625 -0.024480819702148438 -0.061309814453125
v 0.2326507568359375 -0.06488800048828125 -0.22802734375
v 0.2326812744140625 0.08553314208984375 -0.2236480712890625
v 0.23291015625 -0.054347991943359375 -0.252227783203125
v 0.23291015625 -0.09001922607421875 -0.1765594482421875
v 0.233001708984375 -0.02045440673828125 -0.2169036865234375
v 0.2330780029296875 -0.058849334716796875 -0.1807403564453125
v 0.2331085205078125 -0.13812255859375 -0.215606689453125
v 0.233245849609375 -0.05922698974609375 -0.06585693359375
v 0.2333526611328125 -0.141143798828125 -0.2254486083984375
v 0.2336578369140625 -0.0004922151565551758 -0.06817626953125
v 0.2339935302734375 0.03510284423828125 -0.09168243408203125
v 0.2340545654296875 -0.014673233032226562 -0.2138824462890625
v 0.234130859375 -0.03887939453125 -0.190765380859375
v 0.2341461181640625 -0.0316009521484375 -0.2200927734375
v 0.2342681884765625 -0.08770751953125 -0.23858642578125
v 0.2343597412109375 -0.026399612426757812 -0.2054443359375
v 0.2344818115234375 -0.012509346008300781 -0.2482147216796875
v 0.2347564697265625 -0.090606689453125 -0.1571044921875
v 0.2347564697265625 -0.2279510498046875 -0.227813720703125
v 0.2348480224609375 -0.08876800537109375 -0.08119964599609375
v 0.2349700927734375 -0.1024932861328125 -0.11598968505859375
v 0.2349700927734375 -0.1024932861328125 -0.11598968505859375
v 0.235076904296875 -0.219329833984375 -0.239410400390625
v 0.235137939453125 0.026155471801757812 -0.075958251953125
v 0.235137939453125 0.04204559326171875 -0.21331787109375
v 0.2353057861328125 -0.015016555786132812 -0.2029266357421875
v 0.2353363037109375 0.044979095458984375 -0.118011474609375
v 0.2354583740234375 -0.1469879150390625 -0.1962127685546875
v 0.2357177734375 0.0013676881790161133 -0.2142486572265625
v 0.235748291015625 -0.027120590209960938 -0.1546630859375
v 0.2359619140625 -0.1670989990234375 -0.2028961181640625
v 0.2360992431640625 0.011371612548828125 -0.249603271484375
v 0.2361602783203125 -0.013280868530273438 -0.2156982421875
v 0.236236572265625 0.0681304931640625 -0.2341461181640625
v 0.2362518310546875 0.005100250244140625 -0.2121124267578125
v 0.23626708984375 -0.016376495361328125 -0.162109375
v 0.236419677734375 -0.0911407470703125 -0.09629058837890625
v 0.236419677734375 -0.0911407470703125 -0.09629058837890625
v 0.2367095947265625 -0.053424835205078125 -0.08929443359375
v 0.23681640625 -0.009867668151855469 -0.0872344970703125
v 0.2371368408203125 -0.1387939453125 -0.217681884765625
v 0.2373809814453125 -0.09378814697265625 -0.10811614990234375
v 0.2373809814453125 -0.09378814697265625 -0.10811614990234375
v 0.2375030517578125 0.009613990783691406 -0.1794891357421875
v 0.2377777099609375 0.026136398315429688 -0.2118988037109375
v 0.2378387451171875 -0.141571044921875 -0.21929931640625
v 0.2378692626953125 -0.0896759033203125 -0.10382080078125
v 0.2378997802734375 0.03801727294921875 -0.240997314453125
v 0.23797607421875 0.07576751708984375 -0.217315673828125
v 0.2379913330078125 -0.0785980224609375 -0.234710693359375
v 0.2382659912109375 -0.07018280029296875 -0.2407989501953125
v 0.2382965087890625 0.003021717071533203 -0.132568359375
v 0.2384185791015625 0.03427886962890625 -0.2122650146484375
v 0.238739013671875 0.015031814575195312 -0.2135009765625
v 0.2388916015625 0.027696609497070312 -0.0991058349609375
v 0.2389678955078125 0.0335235595703125 -0.1844482421875
v 0.2390289306640625 -0.0917816162109375 -0.11399078369140625
v 0.23907470703125 -0.160888671875 -0.2215576171875
v 0.239410400390625 -0.2007598876953125 -0.2292022705078125
v 0.2394561767578125 -0.0663604736328125 -0.1131744384765625
v 0.23992919921875 -0.03461456298828125 -0.1121978759765625
v 0.2399444580078125 0.03216552734375 -0.145111083984375
v 0.2400970458984375 0.007625102996826172 -0.2379302978515625
v 0.2401275634765625 0.0626220703125 -0.215972900390625
v 0.2401275634765625 -0.031688690185546875 -0.2363433837890625
v 0.240203857421875 -0.05169677734375 -0.2254791259765625
v 0.2403717041015625 -0.005143165588378906 -0.1112060546875
v 0.2405853271484375 -0.1585845947265625 -0.19549560546875
v 0.24066162109375 -0.1417388916015625 -0.1884765625
v 0.24066162109375 -0.1417388916015625 -0.1884765625
v 0.2407379150390625 0.024713516235351562 -0.1105194091796875
v 0.24090576171875 0.031076431274414062 -0.11238861083984375
v 0.24102783203125 -0.19976806640625 -0.2052764892578125
v 0.2411346435546875 0.0687103271484375 -0.2186126708984375
v 0.24114990234375 -0.2277679443359375 -0.23333740234375
v 0.2415313720703125 -0.07071685791015625 -0.23077392578125
v 0.2418060302734375 -0.188232421875 -0.221893310546875
v 0.2418060302734375 -0.188232421875 -0.221893310546875
v 0.242156982421875 -0.2349700927734375 -0.219512939453125
v 0.2422943115234375 0.046794891357421875 -0.2144927978515625
v 0.2423248291015625 0.030324935913085938 -0.212738037109375
v 0.2426300048828125 -0.1444854736328125 -0.1826324462890625
v 0.2428741455078125 0.023334503173828125 -0.227264404296875
v 0.2429962158203125 -0.218109130859375 -0.2108001708984375
v 0.243072509765625 -0.06467437744140625 -0.229248046875
v 0.24322509765625 0.05542755126953125 -0.21636962890625
v 0.2436065673828125 -0.1913909912109375 -0.2003173828125
v 0.2436065673828125 -0.1913909912109375 -0.2003173828125
v 0.2438201904296875 -0.052822113037109375 -0.2271270751953125
v 0.244110107421875 -0.1627044677734375 -0.2159576416015625
v 0.244140625 -0.1400604248046875 -0.206634521484375
v 0.24456787109375 -0.2026214599609375 -0.2014923095703125
v 0.24468994140625 -0.040203094482421875 -0.2230224609375
v 0.2448272705078125 0.006875038146972656 -0.22430419921875
v 0.2450714111328125 0.03459930419921875 -0.2138214111328125
v 0.2450714111328125 0.038299560546875 -0.215972900390625
v 0.245361328125 0.0006288886070251465 -0.2153472900390625
v 0.245452880859375 -0.023824691772460938 -0.21917724609375
v 0.2454681396484375 0.024202346801757812 -0.2134246826171875
v 0.2460479736328125 -0.0244903564453125 -0.2219696044921875
v 0.2464141845703125 -0.015526771545410156 -0.2173614501953125
v 0.2466583251953125 -0.15283203125 -0.209259033203125
v 0.246856689453125 -0.1440582275390625 -0.174957275390625
v 0.246856689453125 -0.1440582275390625 -0.174957275390625
v 0.2469482421875 0.022037506103515625 -0.2149200439453125
v 0.2472686767578125 -0.233673095703125 -0.2266998291015625
v 0.247406005859375 0.003670930862426758 -0.215667724609375
v 0.2474517822265625 -0.010997772216796875 -0.218719482421875
v 0.2481689453125 -0.2411041259765625 -0.2126312255859375
v 0.24957275390625 -0.155670166015625 -0.1777496337890625
v 0.25030517578125 -0.1728363037109375 -0.1895751953125
v 0.250457763671875 -0.184783935546875 -0.1910858154296875
v 0.25079345703125 -0.2386322021484375 -0.2204742431640625
v 0.251495361328125 -0.1613922119140625 -0.2056884765625
v 0.251861572265625 -0.163360595703125 -0.1795196533203125
v 0.252044677734375 -0.2447357177734375 -0.206878662109375
v 0.25238037109375 -0.1456298828125 -0.1661834716796875
v 0.25238037109375 -0.1456298828125 -0.1661834716796875
v 0.25335693359375 -0.1423797607421875 -0.1914520263671875
v 0.253814697265625 -0.1845550537109375 -0.2077484130859375
v 0.253814697265625 -0.1845550537109375 -0.2077484130859375
v 0.254608154296875 -0.22479248046875 -0.1963958740234375
v 0.25543212890625 -0.21539306640625 -0.1914825439453125
v 0.25543212890625 -0.21539306640625 -0.1914825439453125
v 0.25567626953125 -0.2366485595703125 -0.216888427734375
v 0.255889892578125 -0.179534912109375 -0.1839141845703125
v 0.25592041015625 -0.149139404296875 -0.16119384765625
v 0.25592041015625 -0.2213287353515625 -0.2135772705078125
v 0.256195068359375 -0.2426605224609375 -0.215240478515625
v 0.256744384765625 -0.198272705078125 -0.20654296875
v 0.257415771484375 -0.250732421875 -0.1995086669921875
v 0.258209228515625 -0.242095947265625 -0.2141571044921875
v 0.258819580078125 -0.147430419921875 -0.1571044921875
v 0.258819580078125 -0.147430419921875 -0.1571044921875
v 0.258819580078125 -0.147430419921875 -0.1571044921875
v 0.259185791015625 -0.1701812744140625 -0.1970062255859375
v 0.259185791015625 -0.1701812744140625 -0.1970062255859375
v 0.2596435546875 -0.24749755859375 -0.209136962890625
v 0.26019287109375 -0.1495513916015625 -0.1527252197265625
v 0.26019287109375 -0.1495513916015625 -0.1527252197265625
v 0.260772705078125 -0.25396728515625 -0.1948394775390625
v 0.261199951171875 -0.1912078857421875 -0.1793670654296875
v 0.26190185546875 -0.1447296142578125 -0.177734375
v 0.2635498046875 -0.249237060546875 -0.2078857421875
v 0.26409912109375 -0.1727142333984375 -0.16485595703125
v 0.26409912109375 -0.1727142333984375 -0.16485595703125
v 0.2647705078125 -0.24066162109375 -0.1865692138671875
v 0.264923095703125 -0.1515960693359375 -0.1438446044921875
v 0.266204833984375 -0.221954345703125 -0.19976806640625
v 0.26654052734375 -0.25152587890625 -0.2039337158203125
v 0.266571044921875 -0.2584228515625 -0.1881103515625
v 0.267364501953125 -0.1972503662109375 -0.1923980712890625
v 0.267669677734375 -0.1464080810546875 -0.1686248779296875
v 0.267730712890625 -0.1497650146484375 -0.1455841064453125
v 0.26904296875 -0.1616058349609375 -0.14715576171875
v 0.2696533203125 -0.211334228515625 -0.172943115234375
v 0.2696533203125 -0.211334228515625 -0.172943115234375
v 0.2696533203125 -0.211334228515625 -0.172943115234375
v 0.2696533203125 -0.211334228515625 -0.172943115234375
v 0.2696533203125 -0.2360382080078125 -0.1971588134765625
v 0.270172119140625 -0.182891845703125 -0.1587982177734375
v 0.270172119140625 -0.182891845703125 -0.1587982177734375
v 0.270263671875 -0.1546478271484375 -0.13568115234375
v 0.2708740234375 -0.183685302734375 -0.184295654296875
v 0.27105712890625 -0.1954498291015625 -0.1631927490234375
v 0.27105712890625 -0.1954498291015625 -0.1631927490234375
v 0.2711181640625 -0.255645751953125 -0.1981964111328125
v 0.27178955078125 -0.151580810546875 -0.1363677978515625
v 0.2725830078125 -0.15264892578125 -0.1319427490234375
v 0.273468017578125 -0.2430877685546875 -0.1762847900390625
v 0.273468017578125 -0.2430877685546875 -0.1762847900390625
v 0.273590087890625 -0.1482696533203125 -0.158203125
v 0.273590087890625 -0.1482696533203125 -0.158203125
v 0.273681640625 -0.262969970703125 -0.180633544921875
v 0.273681640625 -0.262969970703125 -0.180633544921875
v 0.27374267578125 -0.161773681640625 -0.1349334716796875
v 0.27532958984375 -0.1561737060546875 -0.1284027099609375
v 0.276031494140625 -0.260894775390625 -0.1891326904296875
v 0.276031494140625 -0.260894775390625 -0.1891326904296875
v 0.276397705078125 -0.201416015625 -0.1808624267578125
v 0.276885986328125 -0.25823974609375 -0.1907196044921875
v 0.2772216796875 -0.1639556884765625 -0.12277984619140625
v 0.2779541015625 -0.2250518798828125 -0.1654205322265625
v 0.2779541015625 -0.2250518798828125 -0.1654205322265625
v 0.2781982421875 -0.2087554931640625 -0.1562347412109375
v 0.278350830078125 -0.15997314453125 -0.12380218505859375
v 0.278350830078125 -0.1787261962890625 -0.141265869140625
v 0.27850341796875 -0.215972900390625 -0.1815185546875
v 0.278778076171875 -0.23931884765625 -0.1678924560546875
v 0.279144287109375 -0.1498565673828125 -0.1492462158203125
v 0.279205322265625 -0.1864776611328125 -0.1719818115234375
v 0.279205322265625 -0.1864776611328125 -0.1719818115234375
v 0.279205322265625 -0.1864776611328125 -0.1719818115234375
v 0.2796630859375 -0.166015625 -0.16009521484375
v 0.2796630859375 -0.166015625 -0.16009521484375
v 0.279693603515625 -0.26190185546875 -0.1715087890625
v 0.280242919921875 -0.167510986328125 -0.11739349365234375
v 0.2802734375 -0.1925201416015625 -0.1440277099609375
v 0.280853271484375 -0.260345458984375 -0.1852264404296875
v 0.280853271484375 -0.260345458984375 -0.1852264404296875
v 0.281494140625 -0.2068634033203125 -0.1744842529296875
v 0.281494140625 -0.2068634033203125 -0.1744842529296875
v 0.281494140625 -0.2068634033203125 -0.1744842529296875
v 0.28155517578125 -0.2134552001953125 -0.15179443359375
v 0.282012939453125 -0.152618408203125 -0.1426544189453125
v 0.282318115234375 -0.151702880859375 -0.136627197265625
v 0.28277587890625 -0.167510986328125 -0.11505126953125
v 0.282806396484375 -0.2222900390625 -0.154327392578125
v 0.282806396484375 -0.2222900390625 -0.154327392578125
v 0.2828369140625 -0.1613922119140625 -0.147918701171875
v 0.283172607421875 -0.2446136474609375 -0.1604766845703125
v 0.28363037109375 -0.259521484375 -0.1635589599609375
v 0.283782958984375 -0.1800537109375 -0.1591339111328125
v 0.28411865234375 -0.1711273193359375 -0.112030029296875
v 0.284515380859375 -0.1551666259765625 -0.1304473876953125
v 0.284576416015625 -0.192230224609375 -0.163299560546875
v 0.284576416015625 -0.192230224609375 -0.163299560546875
v 0.285308837890625 -0.183685302734375 -0.12811279296875
v 0.285308837890625 -0.2371978759765625 -0.15216064453125
v 0.285400390625 -0.2646484375 -0.17724609375
v 0.286285400390625 -0.1571502685546875 -0.1316070556640625
v 0.28765869140625 -0.16131591796875 -0.122894287109375
v 0.287933349609375 -0.18194580078125 -0.1458892822265625
v 0.288055419921875 -0.16937255859375 -0.13616943359375
v 0.2884521484375 -0.246490478515625 -0.151123046875
v 0.2884521484375 -0.2486419677734375 -0.1730194091796875
v 0.2894287109375 -0.2615966796875 -0.172698974609375
v 0.289459228515625 -0.257781982421875 -0.15325927734375
v 0.28973388671875 -0.177093505859375 -0.109039306640625
v 0.28985595703125 -0.1927490234375 -0.153961181640625
v 0.289947509765625 -0.1729888916015625 -0.132904052734375
v 0.2900390625 -0.225189208984375 -0.16656494140625
v 0.2900390625 -0.225189208984375 -0.16656494140625
v 0.290191650390625 -0.2030792236328125 -0.131439208984375
v 0.290496826171875 -0.22601318359375 -0.14141845703125
v 0.290496826171875 -0.22601318359375 -0.14141845703125
v 0.290557861328125 -0.1637115478515625 -0.1223907470703125
v 0.291473388671875 -0.1823272705078125 -0.11046600341796875
v 0.292694091796875 -0.26239013671875 -0.16473388671875
v 0.293121337890625 -0.1900177001953125 -0.1178436279296875
v 0.29339599609375 -0.214141845703125 -0.13037109375
v 0.29388427734375 -0.2103271484375 -0.1531524658203125
v 0.29388427734375 -0.2103271484375 -0.1531524658203125
v 0.293975830078125 -0.2418365478515625 -0.165130615234375
v 0.295074462890625 -0.1835174560546875 -0.1062164306640625
v 0.29534912109375 -0.1658477783203125 -0.1169891357421875
v 0.29559326171875 -0.252593994140625 -0.1640777587890625
v 0.296142578125 -0.245513916015625 -0.1376953125
v 0.296142578125 -0.245513916015625 -0.1376953125
v 0.2965087890625 -0.16827392578125 -0.1142578125
v 0.296539306640625 -0.25836181640625 -0.1615753173828125
v 0.29669189453125 -0.254241943359375 -0.1390228271484375
v 0.29718017578125 -0.260772705078125 -0.15753173828125
v 0.29962158203125 -0.256683349609375 -0.1402740478515625
v 0.300323486328125 -0.18853759765625 -0.1341400146484375
v 0.300567626953125 -0.170623779296875 -0.11556243896484375
v 0.30126953125 -0.198455810546875 -0.1359100341796875
v 0.301666259765625 -0.24835205078125 -0.15032958984375
v 0.302032470703125 -0.1824951171875 -0.1073455810546875
v 0.302032470703125 -0.25469970703125 -0.1292572021484375
v 0.302032470703125 -0.25469970703125 -0.1292572021484375
v 0.302490234375 -0.2319183349609375 -0.1446075439453125
v 0.302490234375 -0.2319183349609375 -0.1446075439453125
v 0.303070068359375 -0.1986236572265625 -0.10491943359375
v 0.30322265625 -0.258636474609375 -0.1461334228515625
v 0.304534912109375 -0.2404022216796875 -0.11822509765625
v 0.30474853515625 -0.186859130859375 -0.1253814697265625
v 0.304779052734375 -0.197479248046875 -0.10045623779296875
v 0.3048095703125 -0.2201995849609375 -0.137054443359375
v 0.305145263671875 -0.2238616943359375 -0.11014556884765625
v 0.305328369140625 -0.25555419921875 -0.143463134765625
v 0.306488037109375 -0.1766204833984375 -0.1127777099609375
v 0.307098388671875 -0.2313690185546875 -0.1116790771484375
v 0.308319091796875 -0.223541259765625 -0.1049041748046875
v 0.308746337890625 -0.202911376953125 -0.12300872802734375
v 0.309600830078125 -0.250335693359375 -0.12664794921875
v 0.30975341796875 -0.2153778076171875 -0.09899139404296875
v 0.310028076171875 -0.1858673095703125 -0.1068267822265625
v 0.310943603515625 -0.25567626953125 -0.1318511962890625
v 0.310943603515625 -0.25567626953125 -0.1318511962890625
v 0.3123779296875 -0.235015869140625 -0.11444854736328125
v 0.312713623046875 -0.1929473876953125 -0.10364532470703125
v 0.313873291015625 -0.2234649658203125 -0.119293212890625
v 0.314453125 -0.2451324462890625 -0.12303924560546875
v 0.314544677734375 -0.1991424560546875 -0.1006011962890625
v 0.314697265625 -0.20831298828125 -0.097564697265625
v 0.315460205078125 -0.2115020751953125 -0.10742950439453125
v 0.31573486328125 -0.2219696044921875 -0.1046295166015625
v 0.31640625 -0.2372589111328125 -0.11765289306640625
v 0.317230224609375 -0.2327117919921875 -0.1140594482421875
v 0.31756591796875 -0.2136077880859375 -0.09874725341796875
v 0.31787109375 -0.22491455078125 -0.1094512939453125
v -0.00004160776734352112 -0.18890380859375 0.08829498291015625
v -0.00005301833152770996 0.31732177734375 -0.036693572998046875
v -0.00011715292930603027 0.08538055419921875 0.277130126953125
v -0.00011715292930603027 0.08538055419921875 0.277130126953125
v -0.00023061037063598633 0.143035888671875 0.06029510498046875
v -0.00023061037063598633 0.143035888671875 0.06029510498046875
v -0.00023061037063598633 0.143035888671875 0.06029510498046875
v -0.0005427002906799316 0.12364959716796875 0.08536529541015625
v -0.0005427002906799316 0.12364959716796875 0.08536529541015625
v -0.0006181597709655762 -0.09928131103515625 0.190460205078125
v -0.0006733536720275879 0.179443359375 -0.328094482421875
v -0.0007448196411132812 0.148590087890625 0.053813934326171875
v -0.0007650256156921387 0.2061767578125 0.0364837646484375
v -0.0008456707000732422 0.2215728759765625 0.029794692993164062
v -0.0010752677917480469 -0.035427093505859375 0.3587646484375
v -0.001093745231628418 0.1853485107421875 0.04091644287109375
v -0.0011489391326904297 0.1634674072265625 0.048992156982421875
v -0.001212000846862793 0.118255615234375 0.08957672119140625
v -0.001212000846862793 0.118255615234375 0.08957672119140625
v -0.0013620853424072266 0.2313232421875 -0.1719512939453125
v -0.0014903545379638672 -0.046356201171875 -0.406158447265625
v -0.0015038251876831055 -0.2400970458984375 0.0166015625
v -0.0015038251876831055 -0.2400970458984375 0.0166015625
v -0.001524209976196289 0.319854736328125 -0.07221221923828125
v -0.0015861988067626953 0.30474853515625 -0.052356719970703125
v -0.0016576051712036133 -0.1987457275390625 0.080108642578125
v -0.001844167709350586 0.15478515625 0.040325164794921875
v -0.001844167709350586 0.15478515625 0.040325164794921875
v -0.001855015754699707 0.32769775390625 -0.08864593505859375
v -0.0019571781158447266 -0.000049192458391189575 0.394927978515625
v -0.002076864242553711 -0.0834503173828125 0.19000244140625
v -0.0020864009857177734 0.1495513916015625 0.049358367919921875
v -0.0020864009857177734 0.1495513916015625 0.049358367919921875
v -0.002164602279663086 0.142913818359375 0.46929931640625
v -0.002314329147338867 0.320709228515625 -0.09888458251953125
v -0.0024063587188720703 0.11965179443359375 0.339874267578125
v -0.0026044845581054688 0.1613922119140625 0.029439926147460938
v -0.0026044845581054688 0.1613922119140625 0.029439926147460938
v -0.0026094913482666016 0.2716064453125 -0.1541595458984375
v -0.0026612281799316406 0.0667572021484375 0.24420166015625
v -0.0026612281799316406 0.0667572021484375 0.24420166015625
v -0.0026612281799316406 0.0667572021484375 0.24420166015625
v -0.002665281295776367 0.27032470703125 -0.005433082580566406
v -0.002665281295776367 0.27032470703125 -0.005433082580566406
v -0.0027163028717041016 0.123443603515625 -0.41949462890625
v -0.002769947052001953 0.251129150390625 -0.1632843017578125
v -0.002772808074951172 0.1453704833984375 0.448486328125
v -0.002846240997314453 -0.2242431640625 0.438385009765625
v -0.0029566287994384766 0.2194976806640625 -0.1773529052734375
v -0.003082275390625 0.304107666015625 -0.10387420654296875
v -0.003101348876953125 0.313720703125 -0.1078643798828125
v -0.0031096935272216797 0.26300048828125 -0.0009135603904724121
v -0.0031096935272216797 0.26300048828125 -0.0009135603904724121
v -0.0031096935272216797 0.26300048828125 -0.0009135603904724121
v -0.0031273365020751953 0.166534423828125 0.021343231201171875
v -0.0031273365020751953 0.166534423828125 0.021343231201171875
v -0.0031766891479492188 0.0506439208984375 0.1883087158203125
v -0.00331878662109375 0.303466796875 -0.0758819580078125
v -0.00344085693359375 -0.22528076171875 0.42779541015625
v -0.00354766845703125 -0.0214691162109375 -0.4522705078125
v -0.0036172866821289062 0.21905517578125 -0.17529296875
v -0.003666400909423828 -0.10431671142578125 0.1412200927734375
v -0.003666400909423828 -0.10431671142578125 0.1412200927734375
v -0.0037245750427246094 0.246307373046875 0.0008705854415893555
v -0.0037245750427246094 0.246307373046875 0.0008705854415893555
v -0.0037963390350341797 0.29071044921875 -0.1246795654296875
v -0.003921031951904297 0.201751708984375 0.014622688293457031
v -0.003921031951904297 0.201751708984375 0.014622688293457031
v -0.003925800323486328 0.2428741455078125 -0.165130615234375
v -0.003944873809814453 0.21875 -0.16015625
v -0.004012107849121094 -0.1952972412109375 0.4312744140625
v -0.004101276397705078 0.304229736328125 -0.120086669921875
v -0.004182338714599609 -0.05149078369140625 -0.449676513671875
v -0.004210948944091797 0.271484375 -0.1527252197265625
v -0.004220485687255859 0.25927734375 -0.15765380859375
v -0.004267215728759766 -0.2023773193359375 -0.333404541015625
v -0.004286766052246094 -0.1254425048828125 0.246978759765625
v -0.004317283630371094 0.216339111328125 -0.1479339599609375
v -0.004370689392089844 -0.2010345458984375 -0.353668212890625
v -0.004375934600830078 0.1498870849609375 0.394500732421875
v -0.004415035247802734 0.1738739013671875 0.009069442749023438
v -0.004450321197509766 0.28460693359375 -0.06816864013671875
v -0.004478931427001953 0.278106689453125 -0.1399993896484375
v -0.004506111145019531 -0.055255889892578125 -0.482147216796875
v -0.004531383514404297 0.297027587890625 -0.129669189453125
v -0.004582405090332031 0.2716064453125 -0.039936065673828125
v -0.004598140716552734 0.257110595703125 -0.012151718139648438
v -0.004611492156982422 0.041339874267578125 0.1910400390625
v -0.004611492156982422 0.041339874267578125 0.1910400390625
v -0.004633903503417969 0.2335662841796875 0.0020644664764404297
v -0.004688262939453125 0.275360107421875 -0.1045379638671875
v -0.004788875579833984 -0.024057388305664062 -0.41204833984375
v -0.004811286926269531 0.25250244140625 -0.1372222900390625
v -0.004896640777587891 -0.1013641357421875 0.2245025634765625
v -0.004897117614746094 0.215728759765625 -0.1302947998046875
v -0.004911899566650391 0.133392333984375 0.488983154296875
v -0.004924774169921875 0.1011199951171875 0.307464599609375
v -0.004924774169921875 0.1011199951171875 0.307464599609375
v -0.005017757415771484 -0.0220489501953125 -0.475677490234375
v -0.005077362060546875 0.1366729736328125 -0.396240234375
v -0.005084514617919922 0.2825927734375 -0.148834228515625
v -0.005096912384033203 0.2626953125 -0.030185699462890625
v -0.005104541778564453 0.1456298828125 0.4197998046875
v -0.005104541778564453 0.1456298828125 0.4197998046875
v -0.005138874053955078 0.260772705078125 -0.1191864013671875
v -0.005263328552246094 0.231353759765625 -0.003238677978515625
v -0.005263328552246094 0.231353759765625 -0.003238677978515625
v -0.005271434783935547 0.026624679565429688 -0.47943115234375
v -0.005284309387207031 0.265411376953125 -0.049694061279296875
v -0.005340576171875 0.26617431640625 -0.08789825439453125
v -0.005465507507324219 -0.0739593505859375 0.36199951171875
v -0.005523204803466797 0.1802215576171875 -0.0019342899322509766
v -0.005523204803466797 0.1802215576171875 -0.0019342899322509766
v -0.005537986755371094 0.2137451171875 -0.11464691162109375
v -0.005577564239501953 -0.1322479248046875 0.127777099609375
v -0.005631446838378906 0.2156219482421875 -0.004044532775878906
v -0.005631446838378906 0.2156219482421875 -0.004044532775878906
v -0.005631446838378906 0.2156219482421875 -0.004044532775878906
v -0.005640506744384766 0.2303924560546875 -0.10800933837890625
v -0.005742549896240234 -0.21844482421875 0.43670654296875
v -0.005821704864501953 0.288604736328125 -0.1410675048828125
v -0.0059108734130859375 0.240966796875 -0.0867156982421875
v -0.005939483642578125 0.26055908203125 -0.060733795166015625
v -0.005967140197753906 0.2143402099609375 -0.1355133056640625
v -0.006031513214111328 -0.08254241943359375 0.203521728515625
v -0.006056308746337891 0.1980743408203125 -0.008374214172363281
v -0.006056308746337891 0.1980743408203125 -0.008374214172363281
v -0.006056308746337891 0.1980743408203125 -0.008374214172363281
v -0.006068706512451172 0.239227294921875 -0.030384063720703125
v -0.006102085113525391 -0.027111053466796875 -0.3990478515625
v -0.006106853485107422 0.21112060546875 -0.0948638916015625
v -0.006124973297119141 0.1832733154296875 -0.009402275085449219
v -0.006124973297119141 0.1832733154296875 -0.009402275085449219
v -0.006142139434814453 0.216339111328125 -0.1548614501953125
v -0.0063724517822265625 0.21240234375 -0.1203155517578125
v -0.006466388702392578 0.041900634765625 0.20281982421875
v -0.006490230560302734 0.220245361328125 -0.0762786865234375
v -0.006506919860839844 0.18695068359375 -0.0158538818359375
v -0.006551265716552734 -0.2257537841796875 0.340240478515625
v -0.006551265716552734 -0.2257537841796875 0.340240478515625
v -0.006615161895751953 0.2084808349609375 -0.0807952880859375
v -0.006700992584228516 0.2498931884765625 -0.04778289794921875
v -0.006714820861816406 -0.1897430419921875 -0.369476318359375
v -0.006765842437744141 0.1904144287109375 -0.026111602783203125
v -0.006793498992919922 0.1325531005859375 0.486572265625
v -0.006815910339355469 0.2126922607421875 -0.03839111328125
v -0.006999969482421875 0.2406768798828125 -0.052154541015625
v -0.007025718688964844 0.15380859375 -0.367706298828125
v -0.007025718688964844 0.15380859375 -0.367706298828125
v -0.007115840911865234 0.22686767578125 -0.054561614990234375
v -0.007140636444091797 0.2076873779296875 -0.06964111328125
v -0.007181644439697266 0.210113525390625 -0.1000213623046875
v -0.007201194763183594 0.1986846923828125 -0.046733856201171875
v -0.007201194763183594 0.1986846923828125 -0.046733856201171875
v -0.007213592529296875 0.19415283203125 -0.035312652587890625
v -0.007213592529296875 0.19415283203125 -0.035312652587890625
v -0.0074443817138671875 0.2031707763671875 -0.060848236083984375
v -0.0074443817138671875 0.2031707763671875 -0.060848236083984375
v -0.0075130462646484375 -0.2206573486328125 0.386444091796875
v -0.007750988006591797 0.1770477294921875 0.0035343170166015625
v -0.007750988006591797 0.1770477294921875 0.0035343170166015625
v -0.007779598236083984 -0.2214202880859375 0.364166259765625
v -0.008065223693847656 -0.1359100341796875 -0.438690185546875
v -0.0081634521484375 -0.04448699951171875 -0.397308349609375
v -0.0081634521484375 -0.04448699951171875 -0.397308349609375
v -0.008474349975585938 -0.10260009765625 0.384613037109375
v -0.008783340454101562 0.1089935302734375 0.098541259765625
v -0.008783340454101562 0.1089935302734375 0.098541259765625
v -0.008800506591796875 0.206695556640625 -0.0728912353515625
v -0.008800506591796875 0.206695556640625 -0.0728912353515625
v -0.0088043212890625 -0.2698974609375 -0.19342041015625
v -0.008899688720703125 0.1956787109375 -0.298828125
v -0.008948326110839844 0.1867218017578125 -0.0179443359375
v -0.009100914001464844 -0.218292236328125 -0.30633544921875
v -0.009100914001464844 -0.218292236328125 -0.30633544921875
v -0.009251594543457031 -0.0298919677734375 -0.397613525390625
v -0.0094146728515625 0.11965179443359375 0.0884857177734375
v -0.009547233581542969 0.1310577392578125 0.364105224609375
v -0.009737014770507812 -0.07828521728515625 0.1911163330078125
v -0.009929656982421875 0.011264801025390625 -0.490447998046875
v -0.009930610656738281 0.075714111328125 0.1255340576171875
v -0.009984970092773438 -0.0824432373046875 0.2081451416015625
v -0.009984970092773438 -0.0824432373046875 0.2081451416015625
v -0.010117530822753906 0.018888473510742188 0.413726806640625
v -0.010256767272949219 0.2102813720703125 -0.253326416015625
v -0.010321617126464844 -0.162109375 0.282806396484375
v -0.010402679443359375 -0.2136077880859375 0.421875
v -0.010483741760253906 -0.023159027099609375 -0.486602783203125
v -0.010506629943847656 -0.22247314453125 0.04315948486328125
v -0.010575294494628906 -0.026090621948242188 0.368316650390625
v -0.010575294494628906 -0.026090621948242188 0.368316650390625
v -0.010580062866210938 -0.00023242831230163574 -0.498016357421875
v -0.010643959045410156 -0.1425323486328125 0.264404296875
v -0.010720252990722656 0.14190673828125 0.384368896484375
v -0.010720252990722656 0.14190673828125 0.384368896484375
v -0.010729789733886719 0.13525390625 0.435333251953125
v -0.01085662841796875 -0.2098236083984375 0.4346923828125
v -0.010973930358886719 -0.07776641845703125 -0.489593505859375
v -0.011049270629882812 -0.07999420166015625 0.207122802734375
v -0.011365890502929688 -0.050811767578125 0.346099853515625
v -0.011430740356445312 -0.09270477294921875 -0.476165771484375
v -0.011579513549804688 -0.053863525390625 -0.47222900390625
v -0.011717796325683594 0.086029052734375 -0.437469482421875
v -0.011864662170410156 -0.260467529296875 -0.037139892578125
v -0.011932373046875 0.12445831298828125 0.48321533203125
v -0.011982917785644531 -0.08914947509765625 0.2147216796875
v -0.012067794799804688 0.11905670166015625 0.482177734375
v -0.01207733154296875 0.060787200927734375 0.135833740234375
v -0.012213706970214844 -0.170806884765625 0.102142333984375
v -0.012213706970214844 -0.170806884765625 0.102142333984375
v -0.012243270874023438 -0.0762786865234375 0.1895294189453125
v -0.012402534484863281 0.09690093994140625 -0.4315185546875
v -0.012461662292480469 -0.057086944580078125 -0.482147216796875
v -0.012482643127441406 0.045627593994140625 -0.463104248046875
v -0.012499809265136719 -0.1142120361328125 0.1363372802734375
v -0.012784957885742188 -0.007666587829589844 -0.494659423828125
v -0.012789726257324219 0.0893096923828125 0.464599609375
v -0.012873649597167969 0.062435150146484375 -0.449920654296875
v -0.012949943542480469 -0.2160491943359375 0.33331298828125
v -0.012949943542480469 -0.2160491943359375 0.33331298828125
v -0.013086318969726562 -0.0775146484375 0.2120361328125
v -0.013380050659179688 0.125152587890625 0.471435546875
v -0.013513565063476562 -0.2493896484375 -0.010506629943847656
v -0.013517379760742188 0.03836822509765625 0.190948486328125
v -0.013518333435058594 -0.0863494873046875 0.2170562744140625
v -0.013518333435058594 -0.0863494873046875 0.2170562744140625
v -0.013628005981445312 -0.02652740478515625 -0.41925048828125
v -0.013798713684082031 0.119781494140625 0.481658935546875
v -0.013813972473144531 -0.10443115234375 0.229339599609375
v -0.014093399047851562 -0.03564453125 0.3599853515625
v -0.014264106750488281 0.03900909423828125 0.2015533447265625
v -0.014287948608398438 -0.1268157958984375 -0.44744873046875
v -0.014483451843261719 -0.09833526611328125 0.166290283203125
v -0.014516830444335938 -0.2115631103515625 0.34930419921875
v -0.014558792114257812 0.2183685302734375 -0.1788177490234375
v -0.014581680297851562 -0.26861572265625 -0.08382415771484375
v -0.014719963073730469 -0.024972915649414062 -0.4735107421875
v -0.014804840087890625 -0.10005950927734375 0.1416778564453125
v -0.014804840087890625 -0.10005950927734375 0.1416778564453125
v -0.015044212341308594 -0.09954833984375 0.2263336181640625
v -0.015059471130371094 0.1400299072265625 -0.3880615234375
v -0.015117645263671875 -0.07372283935546875 0.2001953125
v -0.015200614929199219 0.0012981891632080078 -0.498016357421875
v -0.015377044677734375 -0.231719970703125 0.029470443725585938
v -0.015478134155273438 -0.0794677734375 -0.487640380859375
v -0.015516281127929688 0.132171630859375 0.073883056640625
v -0.015544891357421875 -0.27740478515625 -0.1700439453125
v -0.015589714050292969 0.047252655029296875 0.216552734375
v -0.015642166137695312 0.129669189453125 0.422943115234375
v -0.015668869018554688 0.0556182861328125 0.1849212646484375
v -0.015745162963867188 -0.2148895263671875 0.053241729736328125
v -0.015851974487304688 -0.024663925170898438 -0.484893798828125
v -0.015903472900390625 -0.09282684326171875 0.1901397705078125
v -0.016122817993164062 -0.09540557861328125 0.1892547607421875
v -0.016183853149414062 0.05727386474609375 0.1382598876953125
v -0.01619720458984375 -0.2062225341796875 0.383544921875
v -0.016309738159179688 -0.1422882080078125 -0.429901123046875
v -0.016553878784179688 -0.028011322021484375 -0.414031982421875
v -0.0165863037109375 -0.044677734375 0.352081298828125
v -0.0165863037109375 -0.044677734375 0.352081298828125
v -0.01668548583984375 -0.270111083984375 -0.116668701171875
v -0.016710281372070312 0.11972808837890625 0.346466064453125
v -0.016710281372070312 0.11972808837890625 0.346466064453125
v -0.016824722290039062 -0.06884002685546875 0.1890106201171875
v -0.016885757446289062 0.07430267333984375 -0.442413330078125
v -0.016923904418945312 -0.199798583984375 0.432098388671875
v -0.01709747314453125 -0.070587158203125 0.205596923828125
v -0.0171051025390625 -0.272003173828125 -0.1337432861328125
v -0.017253875732421875 -0.275604248046875 -0.157989501953125
v -0.017438888549804688 -0.011048316955566406 0.383270263671875
v -0.017499923706054688 0.1143646240234375 0.478973388671875
v -0.017526626586914062 0.1333465576171875 0.371002197265625
v -0.017526626586914062 0.1333465576171875 0.371002197265625
v -0.017599105834960938 0.04288482666015625 0.43743896484375
v -0.017648696899414062 0.04862213134765625 0.1879119873046875
v -0.017648696899414062 0.04862213134765625 0.1879119873046875
v -0.017801284790039062 -0.117950439453125 0.2427520751953125
v -0.017908096313476562 -0.047779083251953125 -0.41815185546875
v -0.017908096313476562 -0.047779083251953125 -0.41815185546875
v -0.017932891845703125 -0.07503509521484375 -0.487762451171875
v -0.01808929443359375 -0.11487579345703125 0.24163818359375
v -0.018184661865234375 0.205810546875 -0.27923583984375
v -0.018184661865234375 0.205810546875 -0.27923583984375
v -0.01840972900390625 -0.1591033935546875 0.421356201171875
v -0.018415451049804688 -0.2005615234375 0.417510986328125
v -0.018766403198242188 0.06037139892578125 -0.4500732421875
v -0.019052505493164062 -0.032196044921875 -0.397308349609375
v -0.019174575805664062 0.056606292724609375 0.155059814453125
v -0.01929473876953125 0.03890228271484375 0.4337158203125
v -0.019342422485351562 -0.1920166015625 0.430267333984375
v -0.01935577392578125 0.19622802734375 -0.0437469482421875
v -0.019430160522460938 -0.230438232421875 -0.284027099609375
v -0.019430160522460938 -0.230438232421875 -0.284027099609375
v -0.019634246826171875 -0.204315185546875 0.335845947265625
v -0.019754409790039062 -0.0630950927734375 0.1888885498046875
v -0.01981353759765625 -0.07628631591796875 0.2335052490234375
v -0.01981353759765625 -0.07628631591796875 0.2335052490234375
v -0.01981353759765625 -0.07628631591796875 0.2335052490234375
v -0.019952774047851562 -0.027713775634765625 -0.430572509765625
v -0.020023345947265625 0.035526275634765625 0.19744873046875
v -0.020053863525390625 -0.2047119140625 0.32476806640625
v -0.020053863525390625 -0.2047119140625 0.32476806640625
v -0.020092010498046875 -0.2075958251953125 -0.321075439453125
v -0.020092010498046875 -0.2075958251953125 -0.321075439453125
v -0.020092010498046875 -0.2075958251953125 -0.321075439453125
v -0.020183563232421875 0.11499786376953125 0.46856689453125
v -0.020322799682617188 0.033817291259765625 0.191131591796875
v -0.020322799682617188 0.033817291259765625 0.191131591796875
v -0.020372390747070312 0.06880950927734375 0.25640869140625
v -0.020372390747070312 0.06880950927734375 0.25640869140625
v -0.02056884765625 -0.1302642822265625 0.255218505859375
v -0.02068328857421875 -0.052875518798828125 0.345489501953125
v -0.020694732666015625 0.1269378662109375 0.38568115234375
v -0.020694732666015625 0.1269378662109375 0.38568115234375
v -0.020709991455078125 0.008344650268554688 0.18939208984375
v -0.020898818969726562 -0.077484130859375 -0.4879150390625
v -0.021139144897460938 -0.055309295654296875 -0.477935791015625
v -0.021146774291992188 0.1287994384765625 0.36376953125
v -0.021146774291992188 0.1287994384765625 0.36376953125
v -0.021333694458007812 0.1501922607421875 0.044429779052734375
v -0.02149200439453125 -0.09001922607421875 0.375396728515625
v -0.02158355712890625 -0.061473846435546875 0.221343994140625
v -0.02158355712890625 -0.061473846435546875 0.221343994140625
v -0.021602630615234375 -0.02805328369140625 -0.4456787109375
v -0.021646499633789062 0.1017303466796875 0.4732666015625
v -0.0217437744140625 0.1101837158203125 0.471343994140625
v -0.021749496459960938 0.2128143310546875 -0.13751220703125
v -0.021810531616210938 0.2135467529296875 -0.2152252197265625
v -0.021856307983398438 0.1211090087890625 0.08553314208984375
v -0.02207183837890625 -0.13134765625 0.402740478515625
v -0.022327423095703125 -0.126495361328125 0.1301116943359375
v -0.02234649658203125 -0.1394805908203125 0.2642822265625
v -0.022365570068359375 -0.026849746704101562 -0.46441650390625
v -0.02242279052734375 -0.2061767578125 -0.33990478515625
v -0.02242279052734375 -0.2061767578125 -0.33990478515625
v -0.022485733032226562 -0.09815216064453125 0.25030517578125
v -0.022485733032226562 -0.09815216064453125 0.25030517578125
v -0.0225830078125 0.08274078369140625 0.282684326171875
v -0.022790908813476562 -0.19207763671875 0.42889404296875
v -0.022878646850585938 0.056491851806640625 0.13775634765625
v -0.023065567016601562 -0.026529312133789062 -0.485015869140625
v -0.023195266723632812 0.026605606079101562 0.190460205078125
v -0.023441314697265625 0.0020215511322021484 0.39630126953125
v -0.023595809936523438 -0.056926727294921875 0.1895294189453125
v -0.023851394653320312 0.11324310302734375 0.4456787109375
v -0.023900985717773438 -0.057102203369140625 0.2088165283203125
v -0.024158477783203125 -0.028539657592773438 -0.4830322265625
v -0.0242767333984375 0.05744171142578125 0.2386016845703125
v -0.024400711059570312 -0.1833343505859375 0.0913238525390625
v -0.024435043334960938 0.139923095703125 0.0601043701171875
v -0.024435043334960938 0.139923095703125 0.0601043701171875
v -0.024454116821289062 0.0180511474609375 0.1880950927734375
v -0.024469375610351562 0.0724639892578125 0.456298828125
v -0.024660110473632812 0.016017913818359375 0.19366455078125
v -0.024702072143554688 -0.153228759765625 0.277984619140625
v -0.0248260498046875 -0.172760009765625 -0.38848876953125
v -0.024860382080078125 0.0013396739959716797 0.1934356689453125
v -0.024984359741210938 0.10080718994140625 0.471466064453125
v -0.025053024291992188 -0.052616119384765625 0.1893157958984375
v -0.025224685668945312 0.10758209228515625 0.328582763671875
v -0.025224685668945312 0.10758209228515625 0.328582763671875
v -0.025224685668945312 0.10758209228515625 0.328582763671875
v -0.025438308715820312 -0.07775115966796875 0.251007080078125
v -0.025552749633789062 0.033588409423828125 0.1903228759765625
v -0.025552749633789062 0.033588409423828125 0.1903228759765625
v -0.025598526000976562 -0.004233360290527344 0.189117431640625
v -0.025598526000976562 -0.004233360290527344 0.189117431640625
v -0.025661468505859375 -0.049732208251953125 0.2230987548828125
v -0.025661468505859375 -0.049732208251953125 0.2230987548828125
v -0.025661468505859375 -0.049732208251953125 0.2230987548828125
v -0.025661468505859375 -0.049732208251953125 0.2230987548828125
v -0.02593994140625 0.006571292877197266 0.2000579833984375
v -0.026098251342773438 -0.24493408203125 -0.0046443939208984375
v -0.026098251342773438 -0.24493408203125 -0.0046443939208984375
v -0.026224136352539062 0.053005218505859375 0.165191650390625
v -0.026224136352539062 -0.0921630859375 0.189239501953125
v -0.026376724243164062 -0.16162109375 0.28582763671875
v -0.026376724243164062 -0.16162109375 0.28582763671875
v -0.026462554931640625 0.03246307373046875 0.196807861328125
v -0.026502609252929688 0.1419219970703125 -0.3819580078125
v -0.026683807373046875 -0.044162750244140625 0.213104248046875
v -0.026683807373046875 -0.044162750244140625 0.213104248046875
v -0.026683807373046875 -0.044162750244140625 0.213104248046875
v -0.026689529418945312 -0.1943817138671875 0.316802978515625
v -0.026689529418945312 -0.1943817138671875 0.316802978515625
v -0.0268402099609375 -0.045780181884765625 -0.399017333984375
v -0.0268402099609375 -0.045780181884765625 -0.399017333984375
v -0.0269317626953125 0.0516815185546875 0.44610595703125
v -0.026973724365234375 -0.10413360595703125 -0.463623046875
v -0.0269927978515625 -0.1904144287109375 0.3492431640625
v -0.02701568603515625 -0.132843017578125 0.27783203125
v -0.02701568603515625 -0.132843017578125 0.27783203125
v -0.027132034301757812 -0.1860504150390625 0.42718505859375
v -0.027193069458007812 -0.1118316650390625 -0.457122802734375
v -0.027299880981445312 0.03484344482421875 0.201171875
v -0.027341842651367188 0.12096405029296875 0.3521728515625
v -0.027341842651367188 0.12096405029296875 0.3521728515625
v -0.0275421142578125 0.0968170166015625 0.10787200927734375
v -0.027574539184570312 -0.042026519775390625 0.198577880859375
v -0.027666091918945312 -0.034320831298828125 0.2102203369140625
v -0.027666091918945312 -0.034320831298828125 0.2102203369140625
v -0.027751922607421875 -0.051342010498046875 0.1882171630859375
v -0.027769088745117188 -0.00606536865234375 0.1993865966796875
v -0.027801513671875 -0.03050994873046875 -0.419952392578125
v -0.027896881103515625 0.208221435546875 -0.10433197021484375
v -0.0281982421875 -0.017686843872070312 0.1886444091796875
v -0.0281982421875 -0.017686843872070312 0.1886444091796875
v -0.028310775756835938 -0.18548583984375 0.386077880859375
v -0.02832794189453125 -0.009343147277832031 0.209869384765625
v -0.028377532958984375 -0.028446197509765625 0.197967529296875
v -0.028377532958984375 -0.028446197509765625 0.197967529296875
v -0.028390884399414062 -0.036685943603515625 0.2186126708984375
v -0.028390884399414062 -0.036685943603515625 0.2186126708984375
v -0.028415679931640625 0.11389923095703125 0.09128570556640625
v -0.028470993041992188 -0.03350067138671875 0.2176513671875
v -0.028472900390625 -0.035037994384765625 0.1886444091796875
v -0.028543472290039062 -0.1739501953125 0.298065185546875
v -0.028543472290039062 -0.1739501953125 0.298065185546875
v -0.028676986694335938 -0.029920578002929688 -0.458831787109375
v -0.028682708740234375 0.11116790771484375 0.41058349609375
v -0.028697967529296875 -0.1524505615234375 -0.415130615234375
v -0.028705596923828125 -0.012981414794921875 0.1984405517578125
v -0.028705596923828125 -0.012981414794921875 0.1984405517578125
v -0.028718948364257812 -0.017461776733398438 0.380157470703125
v -0.028718948364257812 -0.017461776733398438 0.380157470703125
v -0.029054641723632812 -0.0042209625244140625 0.2128448486328125
v -0.029079437255859375 0.042903900146484375 0.215728759765625
v -0.029148101806640625 -0.05892181396484375 0.2433319091796875
v -0.029169082641601562 -0.036285400390625 0.361114501953125
v -0.029169082641601562 -0.036285400390625 0.361114501953125
v -0.029268264770507812 0.19219970703125 -0.29827880859375
v -0.029268264770507812 0.19219970703125 -0.29827880859375
v -0.029367446899414062 -0.01906585693359375 -0.489288330078125
v -0.029399871826171875 -0.1785736083984375 0.30267333984375
v -0.029399871826171875 -0.1785736083984375 0.30267333984375
v -0.029399871826171875 -0.1785736083984375 0.30267333984375
v -0.029458999633789062 -0.271240234375 -0.182586669921875
v -0.029493331909179688 0.053127288818359375 0.1399993896484375
v -0.029500961303710938 0.167999267578125 -0.337646484375
v -0.029500961303710938 0.167999267578125 -0.337646484375
v -0.029577255249023438 -0.1811981201171875 0.42730712890625
v -0.029626846313476562 0.09917449951171875 0.4432373046875
v -0.029766082763671875 0.08880615234375 0.46673583984375
v -0.029872894287109375 -0.02974700927734375 -0.440399169921875
v -0.030057907104492188 -0.264312744140625 -0.055023193359375
v -0.030117034912109375 -0.179840087890625 0.416046142578125
v -0.030218124389648438 -0.08998870849609375 -0.476318359375
v -0.03033447265625 -0.0981903076171875 0.38018798828125
v -0.030393600463867188 0.0157623291015625 0.2168121337890625
v -0.03040313720703125 0.050197601318359375 0.229583740234375
v -0.030443191528320312 0.190704345703125 -0.0325927734375
v -0.030485153198242188 0.014318466186523438 0.40863037109375
v -0.030553817749023438 -0.0018445253372192383 -0.497222900390625
v -0.030603408813476562 0.216400146484375 -0.1751556396484375
v -0.030706405639648438 0.0913848876953125 0.459136962890625
v -0.030750274658203125 -0.0321502685546875 -0.480133056640625
v -0.0308685302734375 -0.18731689453125 0.311798095703125
v -0.0308685302734375 -0.18731689453125 0.311798095703125
v -0.030961990356445312 -0.0923919677734375 0.164215087890625
v -0.030988693237304688 0.0491943359375 0.18597412109375
v -0.030988693237304688 0.0491943359375 0.18597412109375
v -0.031042098999023438 -0.2108917236328125 0.056118011474609375
v -0.031042098999023438 -0.2108917236328125 0.056118011474609375
v -0.031091690063476562 -0.093597412109375 0.1431884765625
v -0.031091690063476562 -0.093597412109375 0.1431884765625
v -0.031187057495117188 0.003983020782470703 0.2205963134765625
v -0.0312347412109375 0.1588287353515625 0.029161453247070312
v -0.031253814697265625 -0.10428619384765625 0.2811279296875
v -0.031444549560546875 -0.193511962890625 -0.355804443359375
v -0.031444549560546875 -0.193511962890625 -0.355804443359375
v -0.031452178955078125 0.025926589965820312 0.2197418212890625
v -0.03165435791015625 -0.1573486328125 0.30267333984375
v -0.031887054443359375 -0.07654571533203125 0.26953125
v -0.03204345703125 0.10187530517578125 0.41400146484375
v -0.032073974609375 -0.1784210205078125 0.424041748046875
v -0.032196044921875 -0.079345703125 -0.48541259765625
v -0.03234100341796875 -0.09000396728515625 0.18609619140625
v -0.0323486328125 -0.0254669189453125 0.2342681884765625
v -0.032596588134765625 -0.18377685546875 0.315338134765625
v -0.03265380859375 -0.2584228515625 -0.2182769775390625
v -0.032665252685546875 0.029064178466796875 0.2262725830078125
v -0.032733917236328125 -0.03513336181640625 -0.39727783203125
v -0.032939910888671875 0.1132354736328125 0.341094970703125
v -0.032939910888671875 0.1132354736328125 0.341094970703125
v -0.0329437255859375 0.060771942138671875 0.2499237060546875
v -0.0329437255859375 0.060771942138671875 0.2499237060546875
v -0.03311920166015625 -0.0502777099609375 0.2491912841796875
v -0.033145904541015625 -0.099609375 0.1397552490234375
v -0.033294677734375 -0.1297607421875 0.12786865234375
v -0.03338623046875 -0.0668792724609375 0.357025146484375
v -0.033481597900390625 -0.1353759765625 0.299957275390625
v -0.033580780029296875 -0.052951812744140625 -0.46087646484375
v -0.033580780029296875 -0.052951812744140625 -0.46087646484375
v -0.03375244140625 -0.17333984375 0.425079345703125
v -0.033779144287109375 -0.054592132568359375 -0.468505859375
v -0.033779144287109375 -0.054592132568359375 -0.468505859375
v -0.033840179443359375 -0.009641647338867188 0.2378082275390625
v -0.03388214111328125 -0.1733551025390625 0.416473388671875
v -0.033885955810546875 -0.040740966796875 0.2420196533203125
v -0.033885955810546875 -0.040740966796875 0.2420196533203125
v -0.03392791748046875 -0.07981109619140625 0.367645263671875
v -0.03403472900390625 0.0788726806640625 0.461639404296875
v -0.03415679931640625 -0.161285400390625 -0.40289306640625
v -0.034267425537109375 0.009596824645996094 0.2354888916015625
v -0.034458160400390625 -0.056110382080078125 -0.477569580078125
v -0.034458160400390625 -0.056110382080078125 -0.477569580078125
v -0.034465789794921875 -0.1273193359375 -0.44281005859375
v -0.034610748291015625 -0.2021026611328125 0.0700836181640625
v -0.034816741943359375 0.105987548828125 0.37945556640625
v -0.034881591796875 0.028669357299804688 0.4229736328125
v -0.034893035888671875 -0.052654266357421875 0.346649169921875
v -0.03501129150390625 -0.03255462646484375 -0.418731689453125
v -0.035144805908203125 0.071014404296875 0.268585205078125
v -0.03530120849609375 -0.17474365234375 0.3551025390625
v -0.03551483154296875 -0.0007273554801940918 -0.496612548828125
v -0.035854339599609375 0.07997894287109375 0.45306396484375
v -0.0359954833984375 -0.1960601806640625 0.0797271728515625
v -0.036037445068359375 -0.027833938598632812 0.188323974609375
v -0.036235809326171875 0.024084091186523438 0.242401123046875
v -0.0362396240234375 0.216033935546875 -0.1770172119140625
v -0.036251068115234375 -0.1501922607421875 0.11733245849609375
v -0.03649139404296875 0.0498504638671875 0.14105224609375
v -0.03656768798828125 -0.2231903076171875 -0.291229248046875
v -0.03662109375 0.08274078369140625 0.437103271484375
v -0.036640167236328125 0.138275146484375 -0.385498046875
v -0.03670501708984375 0.030792236328125 -0.469146728515625
v -0.03672027587890625 0.077545166015625 0.281005859375
v -0.03676605224609375 -0.160980224609375 0.319915771484375
v -0.036983489990234375 0.2073822021484375 -0.24658203125
v -0.037097930908203125 0.1972198486328125 -0.286956787109375
v -0.037166595458984375 -0.03597259521484375 -0.466339111328125
v -0.037395477294921875 -0.07183837890625 0.283355712890625
v -0.03754425048828125 0.073150634765625 -0.43890380859375
v -0.03775787353515625 -0.1681976318359375 0.384368896484375
v -0.0378265380859375 -0.065521240234375 -0.480682373046875
v -0.0378265380859375 -0.065521240234375 -0.480682373046875
v -0.037841796875 -0.1613006591796875 0.355010986328125
v -0.037914276123046875 0.1223602294921875 -0.4119873046875
v -0.0379180908203125 0.08353424072265625 0.291961669921875
v -0.038028717041015625 -0.03692626953125 -0.47906494140625
v -0.038043975830078125 0.09279632568359375 0.307830810546875
v -0.0380859375 0.21533203125 -0.182891845703125
v -0.038204193115234375 -0.0650482177734375 0.2799072265625
v -0.0382537841796875 -0.027265548706054688 0.371307373046875
v -0.0382537841796875 -0.027265548706054688 0.371307373046875
v -0.038318634033203125 -0.199920654296875 -0.32891845703125
v -0.038318634033203125 -0.199920654296875 -0.32891845703125
v -0.038349151611328125 0.09600830078125 0.1068878173828125
v -0.03849029541015625 0.08414459228515625 0.416412353515625
v -0.038547515869140625 0.09825897216796875 -0.42510986328125
v -0.038593292236328125 -0.2439117431640625 -0.257110595703125
v -0.038898468017578125 -0.1646728515625 0.400390625
v -0.0389404296875 0.052135467529296875 0.44610595703125
v -0.038974761962890625 0.1031036376953125 0.348541259765625
v -0.0389862060546875 0.170806884765625 0.008322715759277344
v -0.039031982421875 0.010573387145996094 0.257476806640625
v -0.03912353515625 -0.268585205078125 -0.1306610107421875
v -0.039226531982421875 -0.1498565673828125 0.41351318359375
v -0.03924560546875 -0.165496826171875 0.422821044921875
v -0.0396270751953125 -0.081451416015625 0.1896209716796875
v -0.039630889892578125 -0.05651092529296875 0.278167724609375
v -0.039669036865234375 -0.010981559753417969 0.1881866455078125
v -0.039669036865234375 -0.010981559753417969 0.1881866455078125
v -0.03968048095703125 0.0404205322265625 0.434722900390625
v -0.039699554443359375 0.2032470703125 -0.276153564453125
v -0.039699554443359375 0.2032470703125 -0.276153564453125
v -0.039699554443359375 0.2032470703125 -0.276153564453125
v -0.03972625732421875 0.0997772216796875 0.321136474609375
v -0.03978729248046875 0.004904747009277344 -0.490478515625
v -0.03978729248046875 0.10417938232421875 0.328857421875
v -0.03978729248046875 0.10417938232421875 0.328857421875
v -0.03980255126953125 -0.04596710205078125 0.2667236328125
v -0.03980255126953125 -0.04596710205078125 0.2667236328125
v -0.03981781005859375 -0.1123046875 0.31085205078125
v -0.03992462158203125 -0.07741546630859375 -0.484649658203125
v -0.040073394775390625 0.061305999755859375 0.2884521484375
v -0.040111541748046875 0.09149169921875 0.309417724609375
v -0.040164947509765625 -0.0841827392578125 0.153564453125
v -0.040180206298828125 0.020154953002929688 0.261474609375
v -0.040180206298828125 0.020154953002929688 0.261474609375
v -0.0402984619140625 -0.013586997985839844 0.385345458984375
v -0.040325164794921875 -0.005476474761962891 0.267120361328125
v -0.040340423583984375 -0.1608734130859375 0.420623779296875
v -0.0404815673828125 0.08487701416015625 0.397857666015625
v -0.04055023193359375 -0.138031005859375 -0.42938232421875
v -0.040699005126953125 -0.1378631591796875 0.322998046875
v -0.04074859619140625 -0.0818634033203125 0.187347412109375
v -0.04083251953125 0.1761474609375 -0.320892333984375
v -0.04083251953125 0.1761474609375 -0.320892333984375
v -0.04102325439453125 -0.08919525146484375 0.30419921875
v -0.041164398193359375 -0.054866790771484375 0.34765625
v -0.0411834716796875 -0.036407470703125 -0.404296875
v -0.0412139892578125 0.186187744140625 -0.024204254150390625
v -0.04131317138671875 -0.1788330078125 -0.374664306640625
v -0.04131317138671875 -0.1788330078125 -0.374664306640625
v -0.04134368896484375 -0.1683197021484375 0.10234832763671875
v -0.04134368896484375 -0.1683197021484375 0.10234832763671875
v -0.041347503662109375 0.064239501953125 0.453948974609375
v -0.041484832763671875 0.0999755859375 0.323760986328125
v -0.041522979736328125 -0.152801513671875 0.413421630859375
v -0.041606903076171875 -0.2212066650390625 0.04022979736328125
v -0.0418243408203125 -0.08341217041015625 0.1471405029296875
v -0.041866302490234375 0.09801483154296875 0.340423583984375
v -0.041866302490234375 0.09801483154296875 0.340423583984375
v -0.042156219482421875 -0.1394195556640625 0.369659423828125
v -0.04222869873046875 0.129150390625 -0.39947509765625
v -0.042266845703125 0.043796539306640625 0.18572998046875
v -0.042266845703125 0.043796539306640625 0.18572998046875
v -0.0426177978515625 0.202972412109375 -0.07349395751953125
v -0.0426177978515625 0.202972412109375 -0.07349395751953125
v -0.042816162109375 -0.037731170654296875 -0.4232177734375
v -0.042827606201171875 -0.1434326171875 0.408935546875
v -0.0428466796875 0.017253875732421875 0.27337646484375
v -0.0428466796875 0.017253875732421875 0.27337646484375
v -0.04290008544921875 -0.1408843994140625 0.396240234375
v -0.043140411376953125 -0.041072845458984375 -0.47589111328125
v -0.043216705322265625 -0.11803436279296875 0.3919677734375
v -0.04323577880859375 0.009146690368652344 -0.486053466796875
v -0.04343414306640625 0.06227874755859375 0.448577880859375
v -0.043521881103515625 0.088653564453125 0.35845947265625
v -0.043521881103515625 0.088653564453125 0.35845947265625
v -0.04352569580078125 -0.039264678955078125 -0.44873046875
v -0.043567657470703125 -0.1325225830078125 0.40142822265625
v -0.0435943603515625 -0.03893280029296875 -0.39703369140625
v -0.0436553955078125 0.025836944580078125 0.1862640380859375
v -0.04370880126953125 -0.24786376953125 -0.2444000244140625
v -0.043735504150390625 0.1343841552734375 0.06395721435546875
v -0.043735504150390625 0.1343841552734375 0.06395721435546875
v -0.0440521240234375 0.04486083984375 0.161834716796875
v -0.0440826416015625 0.057544708251953125 -0.446746826171875
v -0.0441131591796875 0.07989501953125 0.324493408203125
v -0.0441131591796875 0.07989501953125 0.324493408203125
v -0.04494476318359375 -0.11346435546875 0.32659912109375
v -0.04498291015625 0.0662994384765625 0.12872314453125
v -0.045001983642578125 0.0343475341796875 0.294189453125
v -0.045124053955078125 -0.125885009765625 0.386627197265625
v -0.045154571533203125 -0.0076580047607421875 -0.494598388671875
v -0.045330047607421875 -0.123016357421875 0.392822265625
v -0.04534912109375 -0.04817962646484375 0.288299560546875
v -0.04534912109375 -0.04817962646484375 0.288299560546875
v -0.04534912109375 -0.04817962646484375 0.288299560546875
v -0.0453643798828125 0.1758880615234375 -0.0012508630752563477
v -0.0453643798828125 0.1758880615234375 -0.0012508630752563477
v -0.045391082763671875 0.0022869110107421875 0.287689208984375
v -0.045391082763671875 0.0022869110107421875 0.287689208984375
v -0.045406341552734375 0.054889678955078125 0.44879150390625
v -0.045543670654296875 -0.1154632568359375 0.3515625
v -0.045658111572265625 -0.10826873779296875 0.385162353515625
v -0.045803070068359375 -0.047252655029296875 -0.410797119140625
v -0.04592132568359375 -0.1024932861328125 0.381500244140625
v -0.046092987060546875 0.04450225830078125 0.144500732421875
v -0.046161651611328125 -0.26397705078125 -0.09624481201171875
v -0.04618072509765625 0.0659027099609375 0.325408935546875
v -0.04618072509765625 0.0659027099609375 0.325408935546875
v -0.046268463134765625 -0.09917449951171875 0.1363372802734375
v -0.046268463134765625 -0.09917449951171875 0.1363372802734375
v -0.046298980712890625 -0.05774688720703125 -0.4759521484375
v -0.046298980712890625 -0.05774688720703125 -0.4759521484375
v -0.046329498291015625 -0.060657501220703125 0.304473876953125
v -0.046405792236328125 -0.11407470703125 0.3681640625
v -0.046417236328125 0.1927947998046875 -0.045291900634765625
v -0.046630859375 0.07183074951171875 0.38677978515625
v -0.04671478271484375 -0.168487548828125 -0.3887939453125
v -0.046794891357421875 -0.1287841796875 -0.438934326171875
v -0.047107696533203125 -0.044689178466796875 -0.396759033203125
v -0.047245025634765625 -0.1093597412109375 0.379364013671875
v -0.0473175048828125 -0.10594940185546875 0.1339263916015625
v -0.0473175048828125 -0.10594940185546875 0.1339263916015625
v -0.04744720458984375 -0.20562744140625 0.06328582763671875
v -0.047588348388671875 -0.05572509765625 -0.468963623046875
v -0.047618865966796875 -0.07884979248046875 0.36566162109375
v -0.047634124755859375 -0.10115814208984375 0.378692626953125
v -0.048015594482421875 0.06423187255859375 0.399688720703125
v -0.048183441162109375 0.059627532958984375 0.373199462890625
v -0.0482177734375 -0.075408935546875 0.1762237548828125
v -0.048328399658203125 -0.04587554931640625 -0.472442626953125
v -0.048480987548828125 -0.2237396240234375 0.03304290771484375
v -0.048549652099609375 -0.07649993896484375 0.1511688232421875
v -0.04859161376953125 0.060436248779296875 0.40704345703125
v -0.04864501953125 -0.0453338623046875 -0.398956298828125
v -0.048656463623046875 0.043079376220703125 0.1410064697265625
v -0.048885345458984375 0.049175262451171875 0.443939208984375
v -0.048900604248046875 -0.045215606689453125 -0.44189453125
v -0.04894256591796875 0.09152984619140625 0.10943603515625
v -0.04895782470703125 -0.1176605224609375 0.1305999755859375
v -0.04895782470703125 -0.1176605224609375 0.1305999755859375
v -0.0490264892578125 -0.0460205078125 -0.4615478515625
v -0.049175262451171875 0.045444488525390625 0.32598876953125
v -0.049251556396484375 -0.0795745849609375 -0.482879638671875
v -0.0493316650390625 0.210968017578125 -0.2064361572265625
v -0.04964447021484375 -0.10064697265625 -0.464569091796875
v -0.04974365234375 -0.06398773193359375 0.35528564453125
v -0.04982757568359375 -0.0861663818359375 0.368255615234375
v -0.049922943115234375 0.03687286376953125 0.433746337890625
v -0.0499267578125 -0.1157379150390625 -0.4501953125
v -0.04994964599609375 0.019964218139648438 0.41845703125
v -0.049957275390625 0.012269020080566406 0.305999755859375
v -0.049957275390625 -0.029558181762695312 -0.483489990234375
v -0.0500030517578125 0.045803070068359375 0.44140625
v -0.050048828125 -0.2033233642578125 -0.33544921875
v -0.0500640869140625 -0.08893585205078125 0.351837158203125
v -0.050106048583984375 -0.051723480224609375 0.30841064453125
v -0.050106048583984375 -0.051723480224609375 0.30841064453125
v -0.0501251220703125 0.044513702392578125 0.355072021484375
v -0.0501251220703125 0.044513702392578125 0.355072021484375
v -0.050140380859375 -0.084930419921875 0.332061767578125
v -0.05016326904296875 -0.0462646484375 -0.408599853515625
v -0.05029296875 -0.1427764892578125 -0.4212646484375
v -0.050373077392578125 0.036334991455078125 0.32623291015625
v -0.05040740966796875 -0.08834075927734375 -0.47540283203125
v -0.050418853759765625 -0.2016754150390625 0.06949615478515625
v -0.050464630126953125 -0.1958770751953125 0.07788848876953125
v -0.050632476806640625 -0.050395965576171875 -0.436370849609375
v -0.0509185791015625 -0.2166595458984375 0.044887542724609375
v -0.050952911376953125 -0.047496795654296875 -0.420928955078125
v -0.05103302001953125 -0.133087158203125 -0.43212890625
v -0.051055908203125 -0.023694992065429688 0.3118896484375
v -0.051090240478515625 0.0445404052734375 0.406524658203125
v -0.05115509033203125 -0.08046722412109375 0.357635498046875
v -0.051239013671875 0.2082366943359375 -0.126129150390625
v -0.0513153076171875 0.10352325439453125 0.09778594970703125
v -0.05133056640625 0.045108795166015625 0.433990478515625
v -0.051433563232421875 -0.06732177734375 0.32501220703125
v -0.051486968994140625 -0.1365966796875 0.12298583984375
v -0.051486968994140625 -0.1365966796875 0.12298583984375
v -0.05156707763671875 -0.07161712646484375 0.3597412109375
v -0.051654815673828125 0.11339569091796875 0.0876922607421875
v -0.05181884765625 0.03835296630859375 0.432830810546875
v -0.051853179931640625 0.005839824676513672 0.4058837890625
v -0.0519561767578125 0.1238250732421875 0.07537078857421875
v -0.051998138427734375 -0.011469841003417969 0.389556884765625
v -0.05202484130859375 0.031246185302734375 0.18524169921875
v -0.05202484130859375 0.031246185302734375 0.18524169921875
v -0.0520782470703125 -0.029216766357421875 0.371795654296875
v -0.0520782470703125 -0.029216766357421875 0.371795654296875
v -0.052104949951171875 0.0336456298828125 0.378326416015625
v -0.052120208740234375 0.030429840087890625 0.42633056640625
v -0.05228424072265625 -0.048877716064453125 -0.4310302734375
v -0.0523529052734375 -0.06888580322265625 0.1889495849609375
v -0.0523834228515625 -0.084747314453125 0.1424407958984375
v -0.052394866943359375 0.036579132080078125 0.4205322265625
v -0.05240631103515625 0.02814483642578125 -0.46783447265625
v -0.052547454833984375 -0.112030029296875 0.1255950927734375
v -0.052623748779296875 -0.150238037109375 0.116180419921875
v -0.052623748779296875 -0.150238037109375 0.116180419921875
v -0.052646636962890625 -0.1443939208984375 -0.41851806640625
v -0.052646636962890625 -0.1443939208984375 -0.41851806640625
v -0.052669525146484375 -0.1859283447265625 0.0859375
v -0.05286407470703125 -0.0522613525390625 -0.449798583984375
v -0.052867889404296875 -0.252593994140625 -0.032733917236328125
v -0.052890777587890625 -0.1561431884765625 -0.404449462890625
v -0.052997589111328125 0.06201934814453125 0.124755859375
v -0.0530548095703125 0.02386474609375 0.40643310546875
v -0.0531768798828125 0.029903411865234375 0.400726318359375
v -0.053195953369140625 -0.000752568244934082 0.397735595703125
v -0.053211212158203125 -0.124298095703125 -0.439117431640625
v -0.053325653076171875 0.0040378570556640625 0.400238037109375
v -0.05338287353515625 0.1845703125 -0.30316162109375
v -0.053436279296875 -0.0752410888671875 0.14862060546875
v -0.053539276123046875 0.024364471435546875 0.387603759765625
v -0.053619384765625 -0.017223358154296875 0.38214111328125
v -0.053619384765625 -0.017223358154296875 0.38214111328125
v -0.053638458251953125 -0.2446136474609375 -0.015172958374023438
v -0.054012298583984375 0.11954498291015625 0.078765869140625
v -0.05401611328125 -0.05303192138671875 0.34844970703125
v -0.054042816162109375 -0.0692291259765625 0.1872100830078125
v -0.0540618896484375 -0.1041259765625 0.12713623046875
v -0.05406951904296875 -0.025659561157226562 0.3740234375
v -0.05406951904296875 -0.025659561157226562 0.3740234375
v -0.05406951904296875 -0.025659561157226562 0.3740234375
v -0.054096221923828125 -0.0473175048828125 0.35369873046875
v -0.054096221923828125 -0.0473175048828125 0.35369873046875
v -0.054111480712890625 0.01656341552734375 0.371917724609375
v -0.054111480712890625 0.01656341552734375 0.371917724609375
v -0.0541229248046875 -0.2242584228515625 -0.285125732421875
v -0.054157257080078125 0.0001243799924850464 0.373504638671875
v -0.054157257080078125 0.0001243799924850464 0.373504638671875
v -0.054256439208984375 -0.017093658447265625 0.3773193359375
v -0.054256439208984375 -0.017093658447265625 0.3773193359375
v -0.054279327392578125 0.032466888427734375 0.1451568603515625
v -0.054279327392578125 0.03487396240234375 -0.462005615234375
v -0.054401397705078125 0.1319427490234375 0.06517791748046875
v -0.054401397705078125 0.1319427490234375 0.06517791748046875
v -0.054409027099609375 -0.07640838623046875 -0.481689453125
v -0.054668426513671875 0.0029647350311279297 0.326019287109375
v -0.0546722412109375 -0.2124176025390625 0.0516510009765625
v -0.0546722412109375 -0.2124176025390625 0.0516510009765625
v -0.054843902587890625 -0.050457000732421875 -0.440826416015625
v -0.054851531982421875 -0.055629730224609375 0.34814453125
v -0.0548858642578125 0.011590957641601562 0.350433349609375
v -0.0548858642578125 0.011590957641601562 0.350433349609375
v -0.054920196533203125 -0.01712799072265625 0.351318359375
v -0.054965972900390625 0.029272079467773438 0.1665191650390625
v -0.054965972900390625 0.029272079467773438 0.1665191650390625
v -0.054965972900390625 0.029272079467773438 0.1665191650390625
v -0.0550537109375 -0.037097930908203125 0.361175537109375
v -0.0550537109375 -0.037097930908203125 0.361175537109375
v -0.0550537109375 -0.037097930908203125 0.361175537109375
v -0.05518341064453125 -0.070281982421875 0.1527099609375
v -0.05521392822265625 -0.054401397705078125 0.3291015625
v -0.05522918701171875 -0.032337188720703125 0.32916259765625
v -0.05522918701171875 -0.032337188720703125 0.32916259765625
v -0.0552825927734375 0.0453033447265625 0.1362762451171875
v -0.055328369140625 -0.056812286376953125 0.333343505859375
v -0.055332183837890625 0.138336181640625 0.056705474853515625
v -0.055332183837890625 0.138336181640625 0.056705474853515625
v -0.05542755126953125 0.004512786865234375 0.331787109375
v -0.055629730224609375 -0.09293365478515625 0.135498046875
v -0.055637359619140625 -0.054996490478515625 0.3431396484375
v -0.055667877197265625 -0.16162109375 0.10553741455078125
v -0.055667877197265625 -0.16162109375 0.10553741455078125
v -0.055767059326171875 -0.0529937744140625 0.33172607421875
v -0.055767059326171875 -0.0529937744140625 0.33172607421875
v -0.055896759033203125 -0.2149810791015625 -0.299652099609375
v -0.055896759033203125 -0.2149810791015625 -0.299652099609375
v -0.055896759033203125 -0.2149810791015625 -0.299652099609375
v -0.056262969970703125 -0.0873565673828125 -0.471466064453125
v -0.0562896728515625 -0.269683837890625 -0.1567840576171875
v -0.056468963623046875 -0.06396484375 0.18829345703125
v -0.056674957275390625 0.144744873046875 0.04631805419921875
v -0.056697845458984375 -0.201904296875 0.07108306884765625
v -0.056919097900390625 -0.1369171142578125 0.11046600341796875
v -0.05721282958984375 0.05423736572265625 -0.446136474609375
v -0.057544708251953125 -0.051685333251953125 -0.46868896484375
v -0.0576019287109375 0.033870697021484375 0.1417388916015625
v -0.057830810546875 -0.015850067138671875 -0.49102783203125
v -0.058063507080078125 0.1967926025390625 -0.06168365478515625
v -0.05810546875 -0.025823593139648438 0.1872100830078125
v -0.058124542236328125 -0.042407989501953125 0.1880035400390625
v -0.058200836181640625 -0.052215576171875 -0.44757080078125
v -0.05826568603515625 -0.054721832275390625 -0.4586181640625
v -0.058322906494140625 0.0023887157440185547 0.1860198974609375
v -0.058322906494140625 0.0023887157440185547 0.1860198974609375
v -0.058750152587890625 -0.05751800537109375 0.186309814453125
v -0.058956146240234375 -0.1728057861328125 0.09520721435546875
v -0.058956146240234375 -0.1728057861328125 0.09520721435546875
v -0.058956146240234375 -0.1728057861328125 0.09520721435546875
v -0.05919647216796875 0.020307540893554688 -0.46771240234375
v -0.059295654296875 0.20574951171875 -0.2346649169921875
v -0.059398651123046875 -0.031129837036132812 0.185333251953125
v -0.059413909912109375 -0.096282958984375 -0.46038818359375
v -0.059444427490234375 -0.1981048583984375 -0.325653076171875
v -0.05985260009765625 -0.1667327880859375 -0.387847900390625
v -0.05985260009765625 -0.1667327880859375 -0.387847900390625
v -0.060054779052734375 0.127349853515625 0.062835693359375
v -0.060054779052734375 -0.11893463134765625 0.11305999755859375
v -0.060077667236328125 0.05721282958984375 -0.443695068359375
v -0.0602874755859375 0.1582794189453125 0.023717880249023438
v -0.060298919677734375 -0.0018427371978759766 0.185089111328125
v -0.060298919677734375 -0.0018427371978759766 0.185089111328125
v -0.060398101806640625 -0.160980224609375 0.09781646728515625
v -0.060398101806640625 -0.160980224609375 0.09781646728515625
v -0.0605926513671875 -0.058780670166015625 0.1526641845703125
v -0.060756683349609375 -0.02982330322265625 0.1639404296875
v -0.060760498046875 -0.271148681640625 -0.1732635498046875
v -0.060939788818359375 0.019855499267578125 0.1840057373046875
v -0.060939788818359375 0.019855499267578125 0.1840057373046875
v -0.0612030029296875 -0.045215606689453125 0.15081787109375
v -0.061309814453125 0.06688690185546875 -0.438018798828125
v -0.061550140380859375 -0.044345855712890625 0.15020751953125
v -0.061702728271484375 0.009552955627441406 0.168914794921875
v -0.06182861328125 -0.2073211669921875 0.056339263916015625
v -0.061847686767578125 -0.025608062744140625 0.15020751953125
v -0.061893463134765625 0.1314544677734375 0.057231903076171875
v -0.061893463134765625 0.1314544677734375 0.057231903076171875
v -0.061981201171875 -0.18414306640625 0.08420562744140625
v -0.06198883056640625 -0.172821044921875 -0.377777099609375
v -0.062107086181640625 -0.0712738037109375 0.14630126953125
v -0.062175750732421875 0.021383285522460938 0.1478424072265625
v -0.062175750732421875 0.021383285522460938 0.1478424072265625
v -0.06241607666015625 -0.0056362152099609375 0.1504669189453125
v -0.06244659423828125 -0.059764862060546875 0.149444580078125
v -0.062488555908203125 0.0886993408203125 -0.425506591796875
v -0.06250762939453125 -0.043407440185546875 -0.47393798828125
v -0.06256866455078125 -0.265411376953125 -0.1295166015625
v -0.062591552734375 -0.2312469482421875 0.010747909545898438
v -0.062591552734375 -0.2312469482421875 0.010747909545898438
v -0.0626220703125 0.045253753662109375 0.130035400390625
v -0.062652587890625 -0.034168243408203125 0.14910888671875
v -0.06272125244140625 -0.127960205078125 -0.42755126953125
v -0.06298065185546875 -0.0786590576171875 0.1400604248046875
v -0.06302642822265625 -0.060211181640625 -0.474334716796875
v -0.06302642822265625 -0.060211181640625 -0.474334716796875
v -0.06304931640625 0.1636962890625 -0.335968017578125
v -0.0631256103515625 -0.052906036376953125 -0.46099853515625
v -0.0631866455078125 0.019016265869140625 0.1495513916015625
v -0.063201904296875 -0.24151611328125 -0.255218505859375
v -0.06349945068359375 -0.011631011962890625 0.1482391357421875
v -0.063568115234375 -0.02484130859375 -0.486083984375
v -0.0635833740234375 -0.10338592529296875 0.1195831298828125
v -0.0637054443359375 0.00881195068359375 0.1481475830078125
v -0.06385040283203125 0.1749725341796875 -0.0033729076385498047
v -0.06385040283203125 0.1749725341796875 -0.0033729076385498047
v -0.0638580322265625 0.0912933349609375 0.09595489501953125
v -0.0643768310546875 0.16937255859375 -0.325897216796875
v -0.06465911865234375 0.1522216796875 -0.354949951171875
v -0.06482696533203125 0.019357681274414062 0.1463775634765625
v -0.06482696533203125 0.019357681274414062 0.1463775634765625
v -0.06482696533203125 -0.2095489501953125 0.05096435546875
v -0.0649871826171875 -0.1389923095703125 0.09949493408203125
v -0.065032958984375 -0.07173919677734375 -0.47650146484375
v -0.065032958984375 -0.07173919677734375 -0.47650146484375
v -0.06533050537109375 -0.1910552978515625 0.07407379150390625
v -0.065399169921875 0.141387939453125 -0.3731689453125
v -0.06546783447265625 0.1783447265625 -0.010937690734863281
v -0.06557464599609375 0.12183380126953125 -0.405792236328125
v -0.0657958984375 -0.038890838623046875 0.146636962890625
v -0.06598663330078125 -0.2440338134765625 -0.246734619140625
v -0.06600189208984375 0.2126617431640625 -0.175445556640625
v -0.06600189208984375 0.2126617431640625 -0.175445556640625
v -0.06607818603515625 -0.2033843994140625 0.060535430908203125
v -0.06615447998046875 0.1854705810546875 -0.0322723388671875
v -0.06616973876953125 -0.2591552734375 -0.0776519775390625
v -0.066375732421875 -0.1844482421875 -0.358978271484375
v -0.0665130615234375 -0.0579681396484375 -0.472015380859375
v -0.06656646728515625 -0.07947540283203125 -0.470794677734375
v -0.06656646728515625 -0.07947540283203125 -0.470794677734375
v -0.066802978515625 -0.06679534912109375 0.1440887451171875
v -0.06711578369140625 0.1312103271484375 -0.389556884765625
v -0.06711578369140625 -0.1816253662109375 0.07871246337890625
v -0.06745147705078125 -0.057392120361328125 -0.4696044921875
v -0.06780242919921875 0.0556182861328125 0.1171875
v -0.06787872314453125 0.025409698486328125 0.139862060546875
v -0.067901611328125 0.1802215576171875 -0.305938720703125
v -0.06805419921875 -0.21453857421875 0.045406341552734375
v -0.06805419921875 -0.21453857421875 0.045406341552734375
v -0.06807708740234375 -0.06128692626953125 -0.47265625
v -0.068084716796875 -0.204803466796875 0.054553985595703125
v -0.0682525634765625 0.190582275390625 -0.047779083251953125
v -0.0682830810546875 -0.110107421875 -0.439605712890625
v -0.0684661865234375 0.1843414306640625 -0.031620025634765625
v -0.068756103515625 -0.08404541015625 -0.465911865234375
v -0.06891632080078125 0.043231964111328125 -0.442840576171875
v -0.06914520263671875 0.191680908203125 -0.28533935546875
v -0.06914520263671875 0.191680908203125 -0.28533935546875
v -0.06920623779296875 0.08263397216796875 0.09755706787109375
v -0.06935882568359375 -0.01392364501953125 0.1440277099609375
v -0.0693817138671875 -0.1322021484375 -0.417144775390625
v -0.0693817138671875 -0.1322021484375 -0.417144775390625
v -0.0693817138671875 -0.1322021484375 -0.417144775390625
v -0.0695953369140625 0.1126251220703125 0.06764984130859375
v -0.0697021484375 0.1925048828125 -0.0543212890625
v -0.07018280029296875 -0.1941375732421875 -0.342803955078125
v -0.07041168212890625 0.2095184326171875 -0.153411865234375
v -0.07041168212890625 0.2095184326171875 -0.153411865234375
v -0.07042694091796875 0.1980438232421875 -0.070281982421875
v -0.070465087890625 0.2035675048828125 -0.1054229736328125
v -0.070465087890625 0.2035675048828125 -0.1054229736328125
v -0.070892333984375 -0.033428192138671875 -0.479766845703125
v -0.07103729248046875 0.1998748779296875 -0.0756072998046875
v -0.07103729248046875 0.1998748779296875 -0.0756072998046875
v -0.0713653564453125 -0.036594390869140625 0.1413726806640625
v -0.07147216796875 -0.008711814880371094 -0.475372314453125
v -0.0717926025390625 0.10103607177734375 0.07741546630859375
v -0.072021484375 -0.16357421875 0.0800018310546875
v -0.072021484375 -0.16357421875 0.0800018310546875
v -0.07205963134765625 -0.259613037109375 -0.0885467529296875
v -0.0722198486328125 0.12250518798828125 -0.40057373046875
v -0.0722198486328125 -0.1971588134765625 -0.323699951171875
v -0.0724639892578125 -0.2179107666015625 0.03675079345703125
v -0.0724639892578125 -0.2179107666015625 0.03675079345703125
v -0.072540283203125 0.2010498046875 -0.0907135009765625
v -0.0725555419921875 0.2115478515625 -0.173583984375
v -0.07256317138671875 0.2047119140625 -0.12012481689453125
v -0.07275390625 0.209930419921875 -0.18865966796875
v -0.07275390625 0.209930419921875 -0.18865966796875
v -0.0727691650390625 -0.199066162109375 0.048908233642578125
v -0.07277679443359375 0.0069484710693359375 0.1411285400390625
v -0.07279205322265625 -0.1478424072265625 -0.39727783203125
v -0.07279205322265625 -0.1478424072265625 -0.39727783203125
v -0.07283782958984375 0.017353057861328125 0.140289306640625
v -0.07283782958984375 0.017353057861328125 0.140289306640625
v -0.07308197021484375 -0.054798126220703125 -0.45477294921875
v -0.07312774658203125 -0.256256103515625 -0.050861358642578125
v -0.07314300537109375 0.040760040283203125 0.1251983642578125
v -0.0731658935546875 0.0666961669921875 0.10468292236328125
v -0.07321929931640625 -0.2009429931640625 -0.331695556640625
v -0.0732421875 -0.1331024169921875 0.09123992919921875
v -0.073486328125 -0.08234405517578125 0.1267242431640625
v -0.07360076904296875 -0.1021575927734375 -0.44244384765625
v -0.07360076904296875 -0.1021575927734375 -0.44244384765625
v -0.07363128662109375 0.05646514892578125 -0.4356689453125
v -0.0737457275390625 -0.184600830078125 0.06551361083984375
v -0.0740203857421875 -0.2073211669921875 -0.30706787109375
v -0.0740203857421875 -0.2073211669921875 -0.30706787109375
v -0.07427978515625 -0.10904693603515625 0.10529327392578125
v -0.07428741455078125 0.2063446044921875 -0.2140350341796875
v -0.07428741455078125 0.2063446044921875 -0.2140350341796875
v -0.0742950439453125 0.1511993408203125 0.014825820922851562
v -0.0745391845703125 -0.055103302001953125 0.1373138427734375
v -0.074554443359375 -0.07436370849609375 -0.4700927734375
v -0.074554443359375 -0.07436370849609375 -0.4700927734375
v -0.07488250732421875 -0.008202552795410156 0.1391448974609375
v -0.07501220703125 0.00021204352378845215 -0.467132568359375
v -0.07563018798828125 0.1304779052734375 0.040973663330078125
v -0.07563018798828125 0.1304779052734375 0.040973663330078125
v -0.07584381103515625 -0.195159912109375 -0.320098876953125
v -0.07588958740234375 0.2023162841796875 -0.24200439453125
v -0.07588958740234375 0.2023162841796875 -0.24200439453125
v -0.076019287109375 -0.029535293579101562 -0.4732666015625
v -0.07604217529296875 0.11463165283203125 -0.4031982421875
v -0.07607269287109375 -0.11898040771484375 -0.425201416015625
v -0.07607269287109375 -0.11898040771484375 -0.425201416015625
v -0.0761871337890625 -0.061267852783203125 -0.463897705078125
v -0.0762786865234375 0.1568756103515625 -0.340545654296875
v -0.07640838623046875 -0.220794677734375 -0.28509521484375
v -0.07640838623046875 -0.220794677734375 -0.28509521484375
v -0.07645416259765625 -0.094146728515625 0.114501953125
v -0.07671356201171875 -0.2053985595703125 0.043758392333984375
v -0.07682037353515625 0.2087249755859375 -0.1716766357421875
v -0.07691192626953125 -0.2252349853515625 0.0178375244140625
v -0.07691192626953125 -0.2252349853515625 0.0178375244140625
v -0.07691192626953125 -0.2252349853515625 0.0178375244140625
v -0.0769805908203125 -0.071868896484375 0.1298980712890625
v -0.07712554931640625 0.01434326171875 -0.45587158203125
v -0.0771484375 0.1986083984375 -0.2698974609375
v -0.0771484375 0.1986083984375 -0.2698974609375
v -0.0771484375 0.1986083984375 -0.2698974609375
v -0.07740020751953125 -0.169342041015625 0.0694580078125
v -0.0775299072265625 -0.00858306884765625 -0.468353271484375
v -0.07763671875 -0.1989288330078125 0.05371856689453125
v -0.0776824951171875 0.023214340209960938 0.133636474609375
v -0.0776824951171875 0.023214340209960938 0.133636474609375
v -0.0778656005859375 -0.2143402099609375 0.03629302978515625
v -0.078033447265625 0.07216644287109375 -0.425048828125
v -0.0783233642578125 -0.2281494140625 -0.273040771484375
v -0.0783233642578125 -0.2281494140625 -0.273040771484375
v -0.078704833984375 -0.0697174072265625 -0.465606689453125
v -0.07875823974609375 0.16851806640625 -0.0114288330078125
v -0.0789337158203125 -0.04949951171875 -0.469451904296875
v -0.07920074462890625 -0.190155029296875 0.057369232177734375
v -0.080108642578125 0.08171844482421875 0.0877227783203125
v -0.08051300048828125 0.2036285400390625 -0.1558380126953125
v -0.0805511474609375 0.1942291259765625 -0.275115966796875
v -0.0807647705078125 0.155426025390625 0.0051631927490234375
v -0.0807647705078125 0.155426025390625 0.0051631927490234375
v -0.0807647705078125 0.155426025390625 0.0051631927490234375
v -0.0807647705078125 -0.050785064697265625 -0.46630859375
v -0.08086395263671875 0.031673431396484375 -0.439453125
v -0.08090972900390625 0.19293212890625 -0.076171875
v -0.08090972900390625 -0.1442718505859375 0.075164794921875
v -0.08090972900390625 -0.1442718505859375 0.075164794921875
v -0.0809173583984375 0.2008209228515625 -0.136383056640625
v -0.08104705810546875 -0.1361846923828125 0.0798492431640625
v -0.0810546875 0.1377105712890625 0.0237579345703125
v -0.0812835693359375 -0.263031005859375 -0.13250732421875
v -0.08133697509765625 -0.035533905029296875 0.130523681640625
v -0.0814208984375 -0.239013671875 -0.255126953125
v -0.0814208984375 -0.239013671875 -0.255126953125
v -0.08152008056640625 -0.058277130126953125 0.129180908203125
v -0.081756591796875 -0.1771087646484375 0.058940887451171875
v -0.08185577392578125 -0.242462158203125 -0.24609375
v -0.08185577392578125 -0.242462158203125 -0.24609375
v -0.08191680908203125 -0.2366180419921875 -0.009339332580566406
v -0.08208465576171875 -0.2066497802734375 0.039825439453125
v -0.0821990966796875 -0.18377685546875 0.05307769775390625
v -0.08220672607421875 -0.1988677978515625 0.049617767333984375
v -0.0823516845703125 -0.05327606201171875 -0.452850341796875
v -0.0824737548828125 -0.08527374267578125 -0.454681396484375
v -0.08300018310546875 0.01967620849609375 -0.443145751953125
v -0.08301544189453125 -0.1909332275390625 -0.31341552734375
v -0.0830841064453125 -0.07543182373046875 -0.462310791015625
v -0.083343505859375 -0.157073974609375 0.0662384033203125
v -0.08341217041015625 -0.11751556396484375 0.0904693603515625
v -0.08342742919921875 -0.054653167724609375 -0.444061279296875
v -0.0835113525390625 -0.10254669189453125 0.1011810302734375
v -0.0835723876953125 -0.150177001953125 -0.3858642578125
v -0.08358001708984375 -0.06507110595703125 -0.45989990234375
v -0.08368682861328125 0.1103973388671875 0.056438446044921875
v -0.08379364013671875 0.10245513916015625 0.06337738037109375
v -0.0840301513671875 -0.2431793212890625 -0.024744033813476562
v -0.08406829833984375 -0.055866241455078125 -0.4459228515625
v -0.08411407470703125 0.1934051513671875 -0.0975341796875
v -0.0841827392578125 0.00043264031410217285 -0.4522705078125
v -0.08431243896484375 -0.2159576416015625 -0.280059814453125
v -0.0843505859375 -0.038726806640625 -0.4647216796875
v -0.084442138671875 -0.249847412109375 -0.22467041015625
v -0.084442138671875 -0.249847412109375 -0.22467041015625
v -0.08461761474609375 0.0031058788299560547 0.1280670166015625
v -0.08461761474609375 0.0031058788299560547 0.1280670166015625
v -0.08504486083984375 -0.0670166015625 0.12430572509765625
v -0.0851287841796875 0.09091949462890625 0.07321929931640625
v -0.085479736328125 -0.20123291015625 -0.2969970703125
v -0.085479736328125 -0.20123291015625 -0.2969970703125
v -0.08548736572265625 -0.1751251220703125 0.054157257080078125
v -0.085540771484375 -0.158721923828125 -0.37371826171875
v -0.0863800048828125 -0.011372566223144531 0.1257781982421875
v -0.08670806884765625 -0.2148590087890625 0.024410247802734375
v -0.0868682861328125 -0.2041015625 0.038730621337890625
v -0.0869293212890625 -0.2593994140625 -0.1976165771484375
v -0.08712005615234375 0.18585205078125 -0.284942626953125
v -0.08719635009765625 -0.10765838623046875 0.09342193603515625
v -0.08740997314453125 -0.251312255859375 -0.04418182373046875
v -0.087799072265625 0.1268463134765625 0.030305862426757812
v -0.08807373046875 0.1284332275390625 -0.381744384765625
v -0.088104248046875 -0.11713409423828125 0.083526611328125
v -0.0884857177734375 0.11753082275390625 -0.392669677734375
v -0.088592529296875 0.1939849853515625 -0.1261749267578125
v -0.08869171142578125 0.151031494140625 -0.343170166015625
v -0.08869171142578125 0.1966094970703125 -0.1464080810546875
v -0.0888824462890625 -0.267333984375 -0.1751556396484375
v -0.0889129638671875 -0.258636474609375 -0.10063934326171875
v -0.08896636962890625 -0.06865692138671875 0.119873046875
v -0.0889892578125 -0.2557373046875 -0.073974609375
v -0.0890045166015625 -0.262054443359375 -0.13232421875
v -0.08902740478515625 -0.264892578125 -0.15618896484375
v -0.08904266357421875 0.04973602294921875 0.102752685546875
v -0.0892333984375 0.014775276184082031 -0.434967041015625
v -0.08928680419921875 -0.0765838623046875 0.112762451171875
v -0.08929443359375 -0.25341796875 -0.05092620849609375
v -0.0893402099609375 -0.1953887939453125 -0.322906494140625
v -0.08934783935546875 -0.16827392578125 -0.357635498046875
v -0.08971405029296875 -0.18829345703125 -0.331756591796875
v -0.0897369384765625 -0.0790252685546875 -0.452423095703125
v -0.0897369384765625 -0.0790252685546875 -0.452423095703125
v -0.0897369384765625 -0.0790252685546875 -0.452423095703125
v -0.08984375 -0.032001495361328125 -0.45587158203125
v -0.0899810791015625 0.177886962890625 -0.05722808837890625
v -0.0900421142578125 -0.02144622802734375 -0.454132080078125
v -0.09038543701171875 -0.05490875244140625 -0.44195556640625
v -0.090484619140625 0.024568557739257812 -0.432098388671875
v -0.09058380126953125 0.024150848388671875 0.1159210205078125
v -0.09058380126953125 0.024150848388671875 0.1159210205078125
v -0.09061431884765625 0.08892822265625 -0.40771484375
v -0.09063720703125 -0.129302978515625 0.07437896728515625
v -0.09063720703125 -0.129302978515625 0.07437896728515625
v -0.0909576416015625 0.060604095458984375 -0.422821044921875
v -0.0910186767578125 -0.26385498046875 -0.1569976806640625
v -0.09102630615234375 -0.255706787109375 -0.08359527587890625
v -0.09104156494140625 -0.259674072265625 -0.12021636962890625
v -0.09163665771484375 -0.075103759765625 -0.45245361328125
v -0.09169769287109375 -0.056751251220703125 -0.438934326171875
v -0.09177398681640625 -0.05068206787109375 -0.45599365234375
v -0.091888427734375 -0.1355438232421875 -0.39544677734375
v -0.09203338623046875 0.10446929931640625 -0.39788818359375
v -0.09215545654296875 -0.036624908447265625 -0.45538330078125
v -0.09228515625 -0.1929168701171875 0.039424896240234375
v -0.09229278564453125 -0.2019195556640625 -0.286163330078125
v -0.09229278564453125 -0.2019195556640625 -0.286163330078125
v -0.092498779296875 -0.0659027099609375 -0.45166015625
v -0.09287261962890625 -0.1849212646484375 -0.305908203125
v -0.0929107666015625 -0.048152923583984375 0.1169586181640625
v -0.09297943115234375 0.190643310546875 -0.2427825927734375
v -0.09297943115234375 0.190643310546875 -0.2427825927734375
v -0.09300994873046875 -0.264190673828125 -0.17376708984375
v -0.09300994873046875 -0.264190673828125 -0.17376708984375
v -0.09332275390625 0.06594085693359375 0.08725738525390625
v -0.09435272216796875 -0.11717987060546875 -0.413482666015625
v -0.09435272216796875 -0.11717987060546875 -0.413482666015625
v -0.09447479248046875 -0.005183696746826172 -0.4384765625
v -0.09449005126953125 0.1133575439453125 0.038928985595703125
v -0.09449005126953125 0.1133575439453125 0.038928985595703125
v -0.09484100341796875 0.189971923828125 -0.2652587890625
v -0.09494781494140625 -0.010430335998535156 0.11562347412109375
v -0.09494781494140625 -0.010430335998535156 0.11562347412109375
v -0.09494781494140625 -0.2495880126953125 -0.05556488037109375
v -0.094970703125 0.0357513427734375 0.107208251953125
v -0.09531402587890625 0.155181884765625 -0.011048316955566406
v -0.09531402587890625 0.155181884765625 -0.011048316955566406
v -0.09580230712890625 -0.05341339111328125 -0.448699951171875
v -0.09589385986328125 0.19189453125 -0.2109222412109375
v -0.0959930419921875 -0.09029388427734375 -0.43951416015625
v -0.0959930419921875 -0.09029388427734375 -0.43951416015625
v -0.09600830078125 0.07159423828125 -0.4132080078125
v -0.09619903564453125 -0.160797119140625 0.05226898193359375
v -0.09619903564453125 -0.160797119140625 0.05226898193359375
v -0.09659576416015625 -0.243316650390625 -0.04192352294921875
v -0.09665679931640625 -0.04144287109375 -0.450714111328125
v -0.09676361083984375 0.05609130859375 -0.4205322265625
v -0.09717559814453125 0.188751220703125 -0.133697509765625
v -0.09737396240234375 -0.2432861328125 -0.2104034423828125
v -0.09737396240234375 -0.2432861328125 -0.2104034423828125
v -0.09755706787109375 0.1854400634765625 -0.11175537109375
v -0.09763336181640625 0.081024169921875 -0.40667724609375
v -0.0977325439453125 0.1696929931640625 -0.30657958984375
v -0.0979156494140625 -0.0916595458984375 0.09088897705078125
v -0.09793853759765625 0.180633544921875 -0.07610321044921875
v -0.09796142578125 -0.2260589599609375 -0.2489013671875
v -0.09803009033203125 0.043792724609375 -0.42364501953125
v -0.09809112548828125 -0.1809234619140625 0.0395050048828125
v -0.0982666015625 -0.06345367431640625 -0.442291259765625
v -0.09827423095703125 0.1932220458984375 -0.18023681640625
v -0.098297119140625 0.038433074951171875 -0.424957275390625
v -0.09845733642578125 0.0016745328903198242 -0.42816162109375
v -0.098480224609375 -0.017354965209960938 -0.43817138671875
v -0.0987548828125 -0.05239105224609375 -0.448516845703125
v -0.098785400390625 0.1945648193359375 -0.16607666015625
v -0.09886932373046875 -0.20343017578125 0.029857635498046875
v -0.09938812255859375 0.1666412353515625 -0.047489166259765625
v -0.09938812255859375 0.1666412353515625 -0.047489166259765625
v -0.09957122802734375 -0.035266876220703125 0.10926055908203125
v -0.1001434326171875 -0.09548187255859375 0.08331298828125
v -0.10022735595703125 -0.0676116943359375 -0.43927001953125
v -0.10022735595703125 -0.0676116943359375 -0.43927001953125
v -0.1002655029296875 -0.06787872314453125 0.10588836669921875
v -0.10031890869140625 0.048431396484375 0.09386444091796875
v -0.10045623779296875 -0.2499237060546875 -0.09854888916015625
v -0.10052490234375 0.0889434814453125 0.0603485107421875
v -0.10068511962890625 -0.1799468994140625 -0.2999267578125
v -0.100738525390625 -0.2210693359375 -0.005396366119384766
v -0.100738525390625 -0.2210693359375 -0.005396366119384766
v -0.100860595703125 0.018064498901367188 -0.423583984375
v -0.10091400146484375 -0.0776824951171875 -0.43658447265625
v -0.10091400146484375 -0.0776824951171875 -0.43658447265625
v -0.10113525390625 -0.10845947265625 -0.417205810546875
v -0.10144805908203125 0.091552734375 -0.397979736328125
v -0.10176849365234375 -0.1895751953125 -0.287109375
v -0.10176849365234375 -0.1895751953125 -0.287109375
v -0.1017913818359375 -0.037517547607421875 -0.4344482421875
v -0.1017913818359375 -0.037517547607421875 -0.4344482421875
v -0.10196685791015625 -0.05193328857421875 -0.44427490234375
v -0.10196685791015625 -0.05193328857421875 -0.44427490234375
v -0.10199737548828125 -0.040348052978515625 -0.4398193359375
v -0.10205841064453125 -0.0584259033203125 -0.435638427734375
v -0.10205841064453125 -0.0584259033203125 -0.435638427734375
v -0.1021270751953125 0.1868743896484375 -0.13995361328125
v -0.102203369140625 -0.1715087890625 -0.33984375
v -0.10223388671875 0.178009033203125 -0.281158447265625
v -0.1026458740234375 -0.055633544921875 -0.43743896484375
v -0.1026458740234375 -0.055633544921875 -0.43743896484375
v -0.102691650390625 0.009592056274414062 0.10146331787109375
v -0.102691650390625 0.009592056274414062 0.10146331787109375
v -0.10272216796875 0.10826873779296875 -0.3900146484375
v -0.1030731201171875 0.1351318359375 0.009850502014160156
v -0.1030731201171875 0.1351318359375 0.009850502014160156
v -0.1032562255859375 -0.06395721435546875 0.103759765625
v -0.10330963134765625 0.05692291259765625 0.0851898193359375
v -0.10335540771484375 0.024814605712890625 -0.42449951171875
v -0.1033782958984375 0.014395713806152344 -0.421905517578125
v -0.10358428955078125 -0.1221771240234375 -0.401458740234375
v -0.10358428955078125 -0.1221771240234375 -0.401458740234375
v -0.1038055419921875 0.1126556396484375 -0.38568115234375
v -0.10419464111328125 -0.09832000732421875 -0.42523193359375
v -0.1044921875 0.0330352783203125 -0.4263916015625
v -0.1048583984375 -0.1888580322265625 -0.3148193359375
v -0.1051788330078125 -0.043895721435546875 -0.437744140625
v -0.1051788330078125 -0.043895721435546875 -0.437744140625
v -0.10530853271484375 -0.249847412109375 -0.1345977783203125
v -0.10530853271484375 -0.249847412109375 -0.1345977783203125
v -0.10544586181640625 -0.010595321655273438 -0.423065185546875
v -0.1061859130859375 0.1348724365234375 -0.360076904296875
v -0.1063995361328125 0.06940460205078125 -0.419342041015625
v -0.1064453125 -0.10076904296875 0.0742950439453125
v -0.10680389404296875 0.04051971435546875 0.09040069580078125
v -0.10691070556640625 0.09613800048828125 -0.392608642578125
v -0.10700225830078125 -0.186798095703125 0.030309677124023438
v -0.1070709228515625 -0.2434539794921875 -0.188201904296875
v -0.1070709228515625 -0.2434539794921875 -0.188201904296875
v -0.1071624755859375 0.07294464111328125 0.0684356689453125
v -0.10741424560546875 -0.1293182373046875 -0.38885498046875
v -0.10747528076171875 0.152130126953125 -0.33056640625
v -0.10753631591796875 -0.1355743408203125 0.0552215576171875
v -0.10753631591796875 -0.1355743408203125 0.0552215576171875
v -0.107696533203125 -0.0645294189453125 -0.427276611328125
v -0.1079864501953125 0.173431396484375 -0.0753936767578125
v -0.1079864501953125 0.173431396484375 -0.0753936767578125
v -0.1082611083984375 0.09281158447265625 0.047943115234375
v -0.1084747314453125 -0.019403457641601562 -0.41937255859375
v -0.1084747314453125 -0.019403457641601562 -0.41937255859375
v -0.10849761962890625 -0.047153472900390625 0.098846435546875
v -0.10868072509765625 -0.08692169189453125 -0.421234130859375
v -0.1087188720703125 -0.024831771850585938 0.09897613525390625
v -0.108917236328125 -0.2173004150390625 -0.24530029296875
v -0.1090087890625 0.050968170166015625 -0.4267578125
v -0.10904693603515625 0.0024416446685791016 -0.417877197265625
v -0.10909271240234375 -0.07403564453125 0.089263916015625
v -0.10930633544921875 -0.2391204833984375 -0.051876068115234375
v -0.10932159423828125 -0.05553436279296875 -0.426177978515625
v -0.10948944091796875 0.006682872772216797 -0.420440673828125
v -0.10977935791015625 -0.240325927734375 -0.0758056640625
v -0.10977935791015625 -0.240325927734375 -0.0758056640625
v -0.10985565185546875 0.0898895263671875 -0.40374755859375
v -0.1099090576171875 0.1769866943359375 -0.11672210693359375
v -0.1099090576171875 0.1769866943359375 -0.11672210693359375
v -0.11037445068359375 0.08130645751953125 -0.412841796875
v -0.110626220703125 0.043155670166015625 -0.428436279296875
v -0.11144256591796875 -0.04311370849609375 -0.4215087890625
v -0.11144256591796875 -0.04311370849609375 -0.4215087890625
v -0.1115264892578125 -0.18804931640625 -0.275848388671875
v -0.1115264892578125 -0.18804931640625 -0.275848388671875
v -0.1117401123046875 0.127288818359375 0.011640548706054688
v -0.1117401123046875 0.127288818359375 0.011640548706054688
v -0.11185455322265625 -0.220550537109375 -0.020380020141601562
v -0.11199951171875 0.1009674072265625 -0.3848876953125
v -0.1121826171875 -0.14813232421875 0.044677734375
v -0.11219024658203125 -0.17291259765625 -0.291839599609375
v -0.11237335205078125 -0.06546783447265625 -0.418121337890625
v -0.11241912841796875 0.1853790283203125 -0.161834716796875
v -0.11241912841796875 0.1853790283203125 -0.161834716796875
v -0.11260986328125 -0.034572601318359375 -0.412994384765625
v -0.11260986328125 -0.034572601318359375 -0.412994384765625
v -0.11289215087890625 0.1231536865234375 -0.36639404296875
v -0.1129150390625 0.1030120849609375 0.03502655029296875
v -0.1129150390625 0.1030120849609375 0.03502655029296875
v -0.1129150390625 -0.07411956787109375 0.08220672607421875
v -0.11293792724609375 -0.1083984375 -0.408905029296875
v -0.1129913330078125 -0.2205963134765625 -0.227874755859375
v -0.1130828857421875 -0.241851806640625 -0.11278533935546875
v -0.1130828857421875 -0.241851806640625 -0.11278533935546875
v -0.1139373779296875 -0.0658416748046875 0.0894927978515625
v -0.11435699462890625 -0.1843719482421875 -0.309600830078125
v -0.11438751220703125 -0.158599853515625 0.036041259765625
v -0.114410400390625 -0.0410614013671875 -0.41131591796875
v -0.114532470703125 -0.1979827880859375 0.019748687744140625
v -0.114532470703125 -0.1979827880859375 0.019748687744140625
v -0.11486053466796875 -0.009191513061523438 -0.410888671875
v -0.11486053466796875 -0.009191513061523438 -0.410888671875
v -0.11502838134765625 -0.2465972900390625 -0.165740966796875
v -0.11502838134765625 -0.2465972900390625 -0.165740966796875
v -0.115386962890625 -0.048828125 -0.41070556640625
v -0.11576080322265625 0.14141845703125 -0.342864990234375
v -0.11580657958984375 0.047023773193359375 0.07745361328125
v -0.11590576171875 -0.038005828857421875 0.0907440185546875
v -0.11600494384765625 0.0804290771484375 -0.415008544921875
v -0.11631011962890625 0.1146240234375 0.020917892456054688
v -0.11640167236328125 0.1562347412109375 -0.310546875
v -0.11681365966796875 0.1781768798828125 -0.26251220703125
v -0.117218017578125 -0.003047943115234375 0.08380889892578125
v -0.117218017578125 -0.003047943115234375 0.08380889892578125
v -0.1173553466796875 -0.1988677978515625 -0.255828857421875
v -0.1173553466796875 -0.1988677978515625 -0.255828857421875
v -0.11746978759765625 0.135406494140625 -0.008299827575683594
v -0.11746978759765625 0.135406494140625 -0.008299827575683594
v -0.1175079345703125 0.076080322265625 0.056537628173828125
v -0.11768341064453125 -0.123565673828125 0.051807403564453125
v -0.11768341064453125 -0.123565673828125 0.051807403564453125
v -0.11785888671875 0.16943359375 -0.10431671142578125
v -0.11785888671875 0.16943359375 -0.10431671142578125
v -0.118072509765625 0.05633544921875 0.07175445556640625
v -0.11830902099609375 0.0713958740234375 -0.421600341796875
v -0.11830902099609375 0.176666259765625 -0.2058258056640625
v -0.11830902099609375 0.176666259765625 -0.2058258056640625
v -0.1184844970703125 0.1659088134765625 -0.287109375
v -0.1186676025390625 0.062320709228515625 -0.425750732421875
v -0.11876678466796875 -0.2227020263671875 -0.03414154052734375
v -0.11883544921875 -0.035564422607421875 -0.405517578125
v -0.1190338134765625 0.029998779296875 -0.42999267578125
v -0.11904144287109375 -0.0947113037109375 0.0651702880859375
v -0.11920166015625 -0.16693115234375 -0.328155517578125
v -0.1192779541015625 0.050243377685546875 -0.42926025390625
v -0.11940765380859375 -0.1683502197265625 -0.287109375
v -0.11945343017578125 -0.150054931640625 -0.350982666015625
v -0.11960601806640625 -0.09416961669921875 -0.401397705078125
v -0.1202239990234375 -0.016241073608398438 -0.4044189453125
v -0.1202392578125 0.1643524169921875 -0.07395172119140625
v -0.12033843994140625 0.023939132690429688 -0.429107666015625
v -0.12070465087890625 0.1785125732421875 -0.1727294921875
v -0.12070465087890625 0.1785125732421875 -0.1727294921875
v -0.12082672119140625 -0.061695098876953125 0.0843048095703125
v -0.12113189697265625 0.013616561889648438 -0.42626953125
v -0.12113189697265625 0.013616561889648438 -0.42626953125
v -0.1211700439453125 -0.0646514892578125 -0.4024658203125
v -0.12127685546875 0.1055755615234375 -0.37078857421875
v -0.121429443359375 0.0906982421875 -0.40582275390625
v -0.1214447021484375 0.1349029541015625 -0.34722900390625
v -0.12225341796875 0.141387939453125 -0.031042098999023438
v -0.12253570556640625 -0.20703125 -0.007857322692871094
v -0.12253570556640625 -0.20703125 -0.007857322692871094
v -0.12253570556640625 -0.20703125 -0.007857322692871094
v -0.12253570556640625 -0.20703125 -0.007857322692871094
v -0.12279510498046875 -0.11478424072265625 -0.39117431640625
v -0.12279510498046875 -0.11478424072265625 -0.39117431640625
v -0.12348175048828125 -0.1305694580078125 -0.37139892578125
v -0.12366485595703125 0.06548309326171875 0.061309814453125
v -0.12389373779296875 -0.236602783203125 -0.1346588134765625
v -0.12424468994140625 -0.045207977294921875 0.08113861083984375
v -0.12429046630859375 -0.2048797607421875 -0.2399444580078125
v -0.1248626708984375 -0.19482421875 0.012554168701171875
v -0.1248626708984375 -0.19482421875 0.012554168701171875
v -0.12493133544921875 0.00029534101486206055 -0.4200439453125
v -0.12493133544921875 0.00029534101486206055 -0.4200439453125
v -0.1250152587890625 0.015810012817382812 0.07112884521484375
v -0.12518310546875 -0.1519927978515625 0.030263900756835938
v -0.1253204345703125 0.041290283203125 -0.4306640625
v -0.1253204345703125 0.055938720703125 0.062282562255859375
v -0.1255035400390625 0.10602569580078125 -0.367919921875
v -0.1259765625 -0.1790618896484375 -0.302886962890625
v -0.1262969970703125 -0.0357818603515625 0.07733917236328125
v -0.1262969970703125 -0.0357818603515625 0.07733917236328125
v -0.1268463134765625 -0.2283935546875 -0.0708160400390625
v -0.1268463134765625 -0.2283935546875 -0.0708160400390625
v -0.1269378662109375 -0.046642303466796875 -0.39471435546875
v -0.12713623046875 -0.079345703125 -0.38958740234375
v -0.1273651123046875 0.10787200927734375 -0.3623046875
v -0.1273651123046875 -0.06964874267578125 0.07038116455078125
v -0.127593994140625 -0.021192550659179688 -0.395965576171875
v -0.1276092529296875 -0.1638031005859375 -0.28277587890625
v -0.1278533935546875 -0.1251983642578125 0.040863037109375
v -0.1278533935546875 -0.1251983642578125 0.040863037109375
v -0.1282196044921875 -0.1032562255859375 -0.3853759765625
v -0.1282196044921875 -0.1032562255859375 -0.3853759765625
v -0.12835693359375 0.1003875732421875 -0.3912353515625
v -0.1285247802734375 0.16107177734375 -0.0969696044921875
v -0.1285400390625 0.166107177734375 -0.1189727783203125
v -0.1285400390625 0.166107177734375 -0.1189727783203125
v -0.1287689208984375 0.1717681884765625 -0.244476318359375
v -0.1287689208984375 0.1717681884765625 -0.244476318359375
v -0.1287689208984375 0.1717681884765625 -0.244476318359375
v -0.1292572021484375 0.054561614990234375 -0.42864990234375
v -0.1292877197265625 -0.1830291748046875 0.014288902282714844
v -0.1292877197265625 -0.1830291748046875 0.014288902282714844
v -0.1294708251953125 -0.23553466796875 -0.1588287353515625
v -0.1300811767578125 0.1712646484375 -0.2608642578125
v -0.1302032470703125 0.08910369873046875 -0.4083251953125
v -0.1302032470703125 0.15362548828125 -0.06584930419921875
v -0.130340576171875 -0.2252044677734375 -0.0552825927734375
v -0.130340576171875 -0.2252044677734375 -0.0552825927734375
v -0.1304779052734375 -0.22845458984375 -0.10642242431640625
v -0.1304779052734375 -0.22845458984375 -0.10642242431640625
v -0.1307373046875 0.027385711669921875 -0.429656982421875
v -0.1307373046875 0.027385711669921875 -0.429656982421875
v -0.13079833984375 -0.224578857421875 -0.1791534423828125
v -0.1310272216796875 0.07636260986328125 0.046245574951171875
v -0.13104248046875 0.01996612548828125 0.0634765625
v -0.131134033203125 -0.103179931640625 0.04911041259765625
v -0.13128662109375 -0.048175811767578125 -0.38751220703125
v -0.1313629150390625 0.1353302001953125 -0.33544921875
v -0.1314849853515625 -0.2143096923828125 -0.2008209228515625
v -0.1316986083984375 -0.19708251953125 -0.2392120361328125
v -0.1318817138671875 -0.0626678466796875 0.07154083251953125
v -0.1320953369140625 -0.119781494140625 -0.375823974609375
v -0.13214111328125 -0.02373504638671875 -0.389495849609375
v -0.132354736328125 -0.2086181640625 -0.02545166015625
v -0.132354736328125 -0.2086181640625 -0.02545166015625
v -0.132568359375 0.10755157470703125 0.015041351318359375
v -0.1326904296875 -0.005016326904296875 -0.415863037109375
v -0.1327056884765625 0.058834075927734375 0.04937744140625
v -0.1327056884765625 -0.173431396484375 -0.295928955078125
v -0.132843017578125 0.0048046112060546875 -0.4228515625
v -0.1329193115234375 -0.191741943359375 0.007857322692871094
v -0.1329193115234375 -0.191741943359375 0.007857322692871094
v -0.1329193115234375 -0.191741943359375 0.007857322692871094
v -0.1329803466796875 0.164764404296875 -0.271240234375
v -0.13299560546875 0.1435089111328125 -0.3148193359375
v -0.133056640625 -0.1757049560546875 -0.30023193359375
v -0.1331787109375 0.07860565185546875 -0.41766357421875
v -0.1331939697265625 -0.1490631103515625 -0.33758544921875
v -0.1333160400390625 -0.1997833251953125 -0.0095672607421875
v -0.1333160400390625 -0.1997833251953125 -0.0095672607421875
v -0.1334381103515625 0.037815093994140625 0.055606842041015625
v -0.133880615234375 0.06540679931640625 -0.424774169921875
v -0.133941650390625 -0.17156982421875 -0.264251708984375
v -0.134002685546875 0.10512542724609375 -0.374786376953125
v -0.134033203125 0.12035369873046875 -0.007223606109619141
v -0.134033203125 0.12035369873046875 -0.007223606109619141
v -0.134765625 -0.12197113037109375 0.034999847412109375
v -0.134765625 -0.12197113037109375 0.034999847412109375
v -0.1348419189453125 -0.034454345703125 -0.383514404296875
v -0.1349945068359375 -0.167510986328125 -0.309478759765625
v -0.135345458984375 -0.018507003784179688 0.06385040283203125
v -0.135345458984375 -0.018507003784179688 0.06385040283203125
v -0.1354217529296875 0.1268310546875 -0.022251129150390625
v -0.1354522705078125 0.1071014404296875 -0.35382080078125
v -0.1354522705078125 0.1071014404296875 -0.35382080078125
v -0.1354522705078125 -0.1863555908203125 -0.2464447021484375
v -0.1354522705078125 -0.1863555908203125 -0.2464447021484375
v -0.1358184814453125 0.15411376953125 -0.08589935302734375
v -0.135986328125 0.015956878662109375 -0.42681884765625
v -0.135986328125 0.015956878662109375 -0.42681884765625
v -0.1360015869140625 0.139678955078125 -0.32061767578125
v -0.136077880859375 -0.014485359191894531 -0.40618896484375
v -0.1362762451171875 -0.08335113525390625 -0.372833251953125
v -0.136444091796875 0.0395965576171875 0.0506591796875
v -0.13653564453125 -0.1360015869140625 -0.351226806640625
v -0.136566162109375 0.1692352294921875 -0.15521240234375
v -0.136566162109375 0.1692352294921875 -0.15521240234375
v -0.136688232421875 0.0360260009765625 -0.429962158203125
v -0.136688232421875 0.0360260009765625 -0.429962158203125
v -0.1367950439453125 -0.160308837890625 -0.278350830078125
v -0.136932373046875 -0.2203216552734375 -0.05645751953125
v -0.13714599609375 0.1314239501953125 -0.332977294921875
v -0.1373748779296875 0.14849853515625 -0.298248291015625
v -0.1373748779296875 -0.2215576171875 -0.0822906494140625
v -0.1374359130859375 0.013756752014160156 0.05612945556640625
v -0.13751220703125 -0.1723480224609375 -0.297271728515625
v -0.1377105712890625 -0.2286529541015625 -0.1548309326171875
v -0.1377716064453125 -0.18994140625 0.0036749839782714844
v -0.1377716064453125 -0.18994140625 0.0036749839782714844
v -0.13812255859375 0.1059417724609375 -0.35467529296875
v -0.13818359375 0.0874176025390625 0.030954360961914062
v -0.13818359375 -0.1660919189453125 -0.287261962890625
v -0.13836669921875 -0.10503387451171875 -0.36749267578125
v -0.13836669921875 -0.10503387451171875 -0.36749267578125
v -0.1388702392578125 -0.19256591796875 -0.2354583740234375
v -0.1389617919921875 -0.050075531005859375 -0.373321533203125
v -0.139007568359375 -0.2242584228515625 -0.1323699951171875
v -0.1393585205078125 0.10584259033203125 -0.369873046875
v -0.1393585205078125 0.10584259033203125 -0.369873046875
v -0.139617919921875 -0.1680755615234375 -0.30133056640625
v -0.1396636962890625 -0.1240692138671875 -0.362945556640625
v -0.139862060546875 0.054874420166015625 -0.427398681640625
v -0.139862060546875 0.054874420166015625 -0.427398681640625
v -0.1399383544921875 -0.06780242919921875 0.05883026123046875
v -0.1400299072265625 -0.214263916015625 -0.04856109619140625
v -0.140380859375 -0.18084716796875 0.006327152252197266
v -0.140380859375 -0.18084716796875 0.006327152252197266
v -0.140472412109375 -0.08472442626953125 0.049407958984375
v -0.1405029296875 -0.027612686157226562 -0.3759765625
v -0.1405792236328125 -0.049564361572265625 0.062465667724609375
v -0.140655517578125 -0.1129302978515625 0.0340118408203125
v -0.1410369873046875 0.09571075439453125 -0.398193359375
v -0.1412506103515625 0.1431732177734375 -0.306427001953125
v -0.141265869140625 0.1380462646484375 -0.050922393798828125
v -0.1413726806640625 -0.2044525146484375 -0.032329559326171875
v -0.1414337158203125 0.027845382690429688 -0.428192138671875
v -0.1414947509765625 -0.025959014892578125 -0.37750244140625
v -0.141632080078125 0.09635162353515625 0.019968032836914062
v -0.141632080078125 0.09635162353515625 0.019968032836914062
v -0.1417083740234375 0.08220672607421875 -0.413482666015625
v -0.142181396484375 0.075714111328125 0.028482437133789062
v -0.142242431640625 0.1593170166015625 -0.1273040771484375
v -0.1424102783203125 0.01923370361328125 0.047946929931640625
v -0.142425537109375 -0.01902008056640625 -0.39794921875
v -0.1427459716796875 0.10224151611328125 -0.384613037109375
v -0.1427459716796875 0.10224151611328125 -0.384613037109375
v -0.1429443359375 0.1495819091796875 -0.28997802734375
v -0.1429443359375 0.1495819091796875 -0.28997802734375
v -0.143768310546875 0.14569091796875 -0.070281982421875
v -0.1439971923828125 -0.1935272216796875 -0.22052001953125
v -0.14410400390625 -0.1999969482421875 -0.20489501953125
v -0.144134521484375 0.045551300048828125 -0.42816162109375
v -0.144134521484375 0.045551300048828125 -0.42816162109375
v -0.1442413330078125 -0.021535873413085938 -0.392333984375
v -0.1442413330078125 -0.062000274658203125 0.058284759521484375
v -0.1442718505859375 0.09909820556640625 0.012865066528320312
v -0.1442718505859375 0.09909820556640625 0.012865066528320312
v -0.144317626953125 0.1399383544921875 -0.307464599609375
v -0.144317626953125 0.1399383544921875 -0.307464599609375
v -0.1443939208984375 0.10459136962890625 -0.350372314453125
v -0.1443939208984375 0.10459136962890625 -0.350372314453125
v -0.144622802734375 -0.022188186645507812 0.0535736083984375
v -0.144622802734375 -0.022188186645507812 0.0535736083984375
v -0.1448516845703125 0.158294677734375 -0.268218994140625
v -0.1448516845703125 0.158294677734375 -0.268218994140625
v -0.1448822021484375 -0.218963623046875 -0.1235504150390625
v -0.144927978515625 0.0538330078125 0.0319976806640625
v -0.145172119140625 0.1299896240234375 -0.323211669921875
v -0.145172119140625 0.1299896240234375 -0.323211669921875
v -0.14520263671875 -0.171051025390625 -0.250030517578125
v -0.1453094482421875 -0.12212371826171875 0.02701568603515625
v -0.1453094482421875 -0.12212371826171875 0.02701568603515625
v -0.145355224609375 0.1511077880859375 -0.10022735595703125
v -0.1454925537109375 0.162078857421875 -0.201080322265625
v -0.1454925537109375 0.162078857421875 -0.201080322265625
v -0.1456146240234375 -0.112884521484375 -0.3558349609375
v -0.145751953125 0.023672103881835938 0.041248321533203125
v -0.1462249755859375 0.0693511962890625 -0.4207763671875
v -0.1462249755859375 0.0693511962890625 -0.4207763671875
v -0.1462249755859375 0.10938262939453125 -0.006186485290527344
v -0.1462249755859375 0.10938262939453125 -0.006186485290527344
v -0.146240234375 -0.1656341552734375 -0.293304443359375
v -0.1464080810546875 -0.126617431640625 -0.349517822265625
v -0.1465911865234375 -0.1553802490234375 -0.273468017578125
v -0.1466827392578125 0.123565673828125 -0.32818603515625
v -0.1466827392578125 0.123565673828125 -0.32818603515625
v -0.1466827392578125 0.123565673828125 -0.32818603515625
v -0.1466827392578125 -0.12470245361328125 -0.350555419921875
v -0.1467132568359375 0.09503936767578125 -0.39727783203125
v -0.1467132568359375 0.09503936767578125 -0.39727783203125
v -0.146728515625 -0.1634063720703125 -0.260406494140625
v -0.146881103515625 -0.1622314453125 -0.28582763671875
v -0.14691162109375 -0.193756103515625 -0.01850128173828125
v -0.1469268798828125 -0.010087013244628906 -0.408111572265625
v -0.14697265625 0.1622467041015625 -0.2589111328125
v -0.14697265625 0.1622467041015625 -0.2589111328125
v -0.1470489501953125 0.0617523193359375 -0.42352294921875
v -0.1470489501953125 0.0617523193359375 -0.42352294921875
v -0.1472930908203125 -0.1363525390625 -0.334136962890625
v -0.1474151611328125 -0.157745361328125 0.010668754577636719
v -0.1474151611328125 -0.157745361328125 0.010668754577636719
v -0.1476593017578125 -0.2127227783203125 -0.0583038330078125
v -0.1477203369140625 0.142120361328125 -0.29876708984375
v -0.1477203369140625 0.142120361328125 -0.29876708984375
v -0.1477203369140625 0.160186767578125 -0.1669464111328125
v -0.1477203369140625 0.160186767578125 -0.1669464111328125
v -0.147918701171875 0.1026153564453125 -0.343170166015625
v -0.14794921875 -0.21337890625 -0.06447601318359375
v -0.14813232421875 -0.09166717529296875 -0.356353759765625
v -0.14813232421875 -0.09166717529296875 -0.356353759765625
v -0.1483154296875 0.0895538330078125 -0.4041748046875
v -0.1483154296875 0.0895538330078125 -0.4041748046875
v -0.1483154296875 -0.003512144088745117 -0.41375732421875
v -0.1483154296875 -0.004099845886230469 0.04575347900390625
v -0.1485137939453125 0.10906219482421875 -0.33709716796875
v -0.1485137939453125 0.10906219482421875 -0.33709716796875
v -0.1487274169921875 -0.0260009765625 -0.36767578125
v -0.1491241455078125 0.019292831420898438 -0.424652099609375
v -0.14923095703125 -0.029043197631835938 -0.363800048828125
v -0.1495819091796875 0.1282501220703125 -0.317901611328125
v -0.149658203125 0.07759857177734375 0.016571044921875
v -0.150054931640625 0.007725238800048828 -0.420257568359375
v -0.1501007080078125 0.16009521484375 -0.23065185546875
v -0.1502532958984375 -0.21832275390625 -0.14947509765625
v -0.1504058837890625 0.07897186279296875 -0.41326904296875
v -0.1504058837890625 0.07897186279296875 -0.41326904296875
v -0.1505126953125 -0.2076416015625 -0.1727447509765625
v -0.1505584716796875 0.12438201904296875 -0.03804779052734375
v -0.150604248046875 0.0889892578125 0.009685516357421875
v -0.150604248046875 0.0889892578125 0.009685516357421875
v -0.150604248046875 0.0889892578125 0.009685516357421875
v -0.1511688232421875 -0.1652984619140625 -0.0017470121383666992
v -0.151275634765625 0.046512603759765625 0.0247802734375
v -0.1512908935546875 -0.026071548461914062 -0.361846923828125
v -0.15130615234375 -0.02291107177734375 -0.385040283203125
v -0.15142822265625 0.15240478515625 -0.27081298828125
v -0.15191650390625 -0.14373779296875 -0.31634521484375
v -0.15240478515625 0.031574249267578125 -0.42559814453125
v -0.1527557373046875 -0.1775665283203125 -0.014214515686035156
v -0.1530914306640625 -0.024127960205078125 -0.378753662109375
v -0.1533355712890625 0.1015625 -0.014295578002929688
v -0.1535797119140625 -0.1554107666015625 -0.26434326171875
v -0.1535797119140625 -0.1554107666015625 -0.26434326171875
v -0.1537628173828125 -0.210479736328125 -0.08849334716796875
v -0.1544647216796875 -0.1804962158203125 -0.2279815673828125
v -0.1544647216796875 -0.1804962158203125 -0.2279815673828125
v -0.1549530029296875 0.0988616943359375 -0.33721923828125
v -0.155120849609375 0.0528411865234375 -0.423126220703125
v -0.1551666259765625 -0.016172409057617188 -0.395233154296875
v -0.1551971435546875 0.15777587890625 -0.255706787109375
v -0.15533447265625 0.13787841796875 -0.0706329345703125
v -0.1554107666015625 -0.08667755126953125 -0.3466796875
v -0.1554107666015625 -0.08667755126953125 -0.3466796875
v -0.1556396484375 0.157318115234375 -0.23663330078125
v -0.15576171875 -0.1263580322265625 -0.334808349609375
v -0.156097412109375 0.0984954833984375 -0.383331298828125
v -0.1561737060546875 -0.1973876953125 -0.040843963623046875
v -0.1564788818359375 0.14263916015625 -0.28509521484375
v -0.1565704345703125 -0.025136947631835938 0.03995513916015625
v -0.1565704345703125 -0.025136947631835938 0.03995513916015625
v -0.1566009521484375 0.11641693115234375 -0.321929931640625
v -0.1566009521484375 0.11641693115234375 -0.321929931640625
v -0.1566314697265625 0.1564788818359375 -0.2125091552734375
v -0.156707763671875 -0.046749114990234375 -0.35125732421875
v -0.1568145751953125 0.1011810302734375 -0.37225341796875
v -0.1568145751953125 0.1011810302734375 -0.37225341796875
v -0.1570587158203125 -0.08576202392578125 0.03264617919921875
v -0.157073974609375 -0.1588592529296875 -0.260650634765625
v -0.1570892333984375 -0.14776611328125 -0.270294189453125
v -0.1570892333984375 -0.14776611328125 -0.270294189453125
v -0.157257080078125 0.1553802490234375 -0.2367095947265625
v -0.15740966796875 0.155029296875 -0.1498260498046875
v -0.15753173828125 -0.024013519287109375 -0.357208251953125
v -0.1576690673828125 0.1264190673828125 -0.303558349609375
v -0.1577301025390625 -0.02449798583984375 -0.35400390625
v -0.1577301025390625 -0.113555908203125 -0.335357666015625
v -0.15777587890625 0.1414031982421875 -0.091796875
v -0.1578216552734375 0.149139404296875 -0.26239013671875
v -0.158233642578125 -0.12291717529296875 0.016876220703125
v -0.158233642578125 -0.12291717529296875 0.016876220703125
v -0.158355712890625 -0.10210418701171875 -0.338775634765625
v -0.158538818359375 0.15496826171875 -0.218536376953125
v -0.1585845947265625 0.025461196899414062 0.021554946899414062
v -0.1586151123046875 -0.1625213623046875 -0.2457122802734375
v -0.1586151123046875 -0.1625213623046875 -0.2457122802734375
v -0.1587982177734375 -0.15509033203125 -0.287139892578125
v -0.15887451171875 -0.06324005126953125 0.042938232421875
v -0.158935546875 0.07823944091796875 -0.409423828125
v -0.1591796875 -0.12195587158203125 -0.330780029296875
v -0.159210205078125 -0.022844314575195312 -0.351806640625
v -0.15924072265625 -0.172119140625 -0.2303314208984375
v -0.15924072265625 -0.172119140625 -0.2303314208984375
v -0.15924072265625 -0.172119140625 -0.2303314208984375
v -0.1592559814453125 0.1548614501953125 -0.2050933837890625
v -0.159271240234375 -0.2039642333984375 -0.0589599609375
v -0.1593017578125 0.136871337890625 -0.288787841796875
v -0.15936279296875 -0.16864013671875 -0.2344970703125
v -0.15936279296875 -0.16864013671875 -0.2344970703125
v -0.159698486328125 0.149017333984375 -0.266815185546875
v -0.159912109375 -0.14892578125 -0.29620361328125
v -0.15997314453125 0.1009674072265625 -0.3563232421875
v -0.15997314453125 0.144439697265625 -0.1107025146484375
v -0.1601104736328125 0.0892181396484375 -0.397247314453125
v -0.1603851318359375 0.10071563720703125 -0.365081787109375
v -0.1604461669921875 0.05954742431640625 -0.418701171875
v -0.1605224609375 -0.067779541015625 -0.343231201171875
v -0.1605224609375 -0.067779541015625 -0.343231201171875
v -0.1606597900390625 0.12447357177734375 -0.0655517578125
v -0.1607513427734375 0.09424591064453125 -0.023729324340820312
v -0.1607666015625 -0.1504058837890625 -0.26788330078125
v -0.160858154296875 0.0690765380859375 -0.414215087890625
v -0.160858154296875 -0.1774139404296875 -0.2204437255859375
v -0.160858154296875 -0.1774139404296875 -0.2204437255859375
v -0.160888671875 0.11064910888671875 -0.046749114990234375
v -0.160919189453125 0.056415557861328125 0.009731292724609375
v -0.160919189453125 0.056415557861328125 0.009731292724609375
v -0.1610107421875 -0.1456298828125 -0.26837158203125
v -0.1610107421875 -0.1456298828125 -0.26837158203125
v -0.1610870361328125 -0.009771347045898438 0.028583526611328125
v -0.1611785888671875 -0.1503753662109375 -0.277313232421875
v -0.16131591796875 0.153564453125 -0.1800994873046875
v -0.161346435546875 0.0990142822265625 -0.346771240234375
v -0.1615142822265625 0.1396026611328125 -0.25732421875
v -0.1616668701171875 0.094207763671875 -0.333221435546875
v -0.1616668701171875 -0.1844482421875 -0.038730621337890625
v -0.16168212890625 0.027889251708984375 -0.420806884765625
v -0.16168212890625 0.09442138671875 -0.332122802734375
v -0.16180419921875 0.0008258819580078125 -0.409759521484375
v -0.1618194580078125 -0.18902587890625 -0.1909027099609375
v -0.161865234375 -0.203216552734375 -0.062465667724609375
v -0.162109375 -0.1546783447265625 -0.255126953125
v -0.162109375 -0.1546783447265625 -0.255126953125
v -0.162109375 -0.1546783447265625 -0.255126953125
v -0.162109375 -0.1546783447265625 -0.255126953125
v -0.1622772216796875 0.146697998046875 -0.1266021728515625
v -0.1623992919921875 0.1430206298828125 -0.2259063720703125
v -0.1627197265625 0.04311370849609375 -0.420745849609375
v -0.1627197265625 -0.203460693359375 -0.07891082763671875
v -0.1627960205078125 -0.2016754150390625 -0.059436798095703125
v -0.1628265380859375 -0.1555328369140625 -0.239715576171875
v -0.1632843017578125 -0.018131256103515625 0.028005599975585938
v -0.163482666015625 -0.022014617919921875 -0.363983154296875
v -0.163543701171875 0.151763916015625 -0.1559295654296875
v -0.163787841796875 -0.2015838623046875 -0.1568756103515625
v -0.163848876953125 -0.1495819091796875 -0.2485198974609375
v -0.163848876953125 -0.1495819091796875 -0.2485198974609375
v -0.16387939453125 -0.041522979736328125 0.033672332763671875
v -0.16387939453125 -0.041522979736328125 0.033672332763671875
v -0.1640472412109375 -0.2069091796875 -0.1442413330078125
v -0.16412353515625 0.133148193359375 -0.25274658203125
v -0.1641845703125 -0.1287384033203125 -0.31988525390625
v -0.1644134521484375 -0.1624755859375 -0.261871337890625
v -0.1646881103515625 -0.12738037109375 0.0019124746322631836
v -0.1646881103515625 -0.12738037109375 0.0019124746322631836
v -0.16473388671875 -0.1565399169921875 -0.230621337890625
v -0.1648406982421875 0.1497955322265625 -0.1466827392578125
v -0.1648406982421875 -0.1955413818359375 -0.0557403564453125
v -0.1649169921875 0.11138916015625 -0.314300537109375
v -0.1649169921875 0.11138916015625 -0.314300537109375
v -0.1649627685546875 -0.008922576904296875 -0.397857666015625
v -0.165130615234375 -0.15203857421875 -0.01708984375
v -0.1651458740234375 -0.0706787109375 0.032863616943359375
v -0.16522216796875 -0.07942962646484375 -0.3345947265625
v -0.165435791015625 -0.117828369140625 -0.321319580078125
v -0.1654815673828125 -0.126922607421875 -0.3197021484375
v -0.1656036376953125 0.01538848876953125 -0.41522216796875
v -0.1656951904296875 -0.203216552734375 -0.1151885986328125
v -0.1657867431640625 -0.200958251953125 -0.0951385498046875
v -0.1658935546875 0.143646240234375 -0.261932373046875
v -0.166015625 0.1414642333984375 -0.18267822265625
v -0.1661529541015625 -0.016262054443359375 -0.38427734375
v -0.16619873046875 0.131683349609375 -0.282867431640625
v -0.166229248046875 -0.14776611328125 -0.27880859375
v -0.1662750244140625 -0.145263671875 -0.263916015625
v -0.1662750244140625 -0.145263671875 -0.263916015625
v -0.1662750244140625 -0.2041015625 -0.13543701171875
v -0.1663360595703125 0.09546661376953125 -0.375823974609375
v -0.1664276123046875 -0.07527923583984375 -0.33404541015625
v -0.1664276123046875 -0.07527923583984375 -0.33404541015625
v -0.16656494140625 0.0975341796875 -0.35968017578125
v -0.1667327880859375 -0.0440673828125 -0.3388671875
v -0.1667938232421875 -0.1667938232421875 -0.03298187255859375
v -0.1670989990234375 0.1334991455078125 -0.2084197998046875
v -0.167236328125 0.126495361328125 -0.2471923828125
v -0.16729736328125 -0.16741943359375 -0.259124755859375
v -0.1673126220703125 -0.0636444091796875 0.033565521240234375
v -0.167449951171875 -0.1440277099609375 -0.26690673828125
v -0.1675262451171875 0.08795928955078125 -0.3291015625
v -0.167633056640625 0.0346221923828125 0.008566856384277344
v -0.167633056640625 0.0346221923828125 0.008566856384277344
v -0.16766357421875 -0.003490924835205078 -0.401519775390625
v -0.1676788330078125 -0.169952392578125 -0.203277587890625
v -0.1676788330078125 -0.169952392578125 -0.203277587890625
v -0.167755126953125 -0.1422119140625 -0.2390594482421875
v -0.16790771484375 -0.09001922607421875 0.022777557373046875
v -0.1679534912109375 0.1443634033203125 -0.1473541259765625
v -0.1684417724609375 -0.009296417236328125 0.019809722900390625
v -0.1684417724609375 -0.1622314453125 -0.255096435546875
v -0.1684417724609375 -0.1622314453125 -0.255096435546875
v -0.16845703125 0.07074737548828125 -0.009695053100585938
v -0.1685333251953125 -0.040332794189453125 0.027315139770507812
v -0.1685333251953125 -0.040332794189453125 0.027315139770507812
v -0.1686248779296875 -0.1990966796875 -0.136199951171875
v -0.168670654296875 -0.1908416748046875 -0.1534576416015625
v -0.1689605712890625 0.09305572509765625 -0.34442138671875
v -0.168975830078125 0.06856536865234375 -0.408782958984375
v -0.1690673828125 0.1196441650390625 -0.297088623046875
v -0.1692047119140625 0.10465240478515625 -0.05968475341796875
v -0.1693115234375 0.12081146240234375 -0.10016632080078125
v -0.1693267822265625 0.09304046630859375 -0.04396820068359375
v -0.16943359375 0.034366607666015625 -0.416229248046875
v -0.16943359375 -0.013752937316894531 -0.3394775390625
v -0.1695709228515625 0.088226318359375 -0.33428955078125
v -0.1696014404296875 0.0877532958984375 -0.388946533203125
v -0.1696014404296875 -0.1456298828125 -0.2479095458984375
v -0.169677734375 -0.176177978515625 -0.1798248291015625
v -0.169769287109375 0.080902099609375 -0.39825439453125
v -0.1697845458984375 0.127685546875 -0.2490997314453125
v -0.16998291015625 -0.140869140625 -0.29156494140625
v -0.1699981689453125 -0.032756805419921875 -0.336578369140625
v -0.1701202392578125 0.1310272216796875 -0.127960205078125
v -0.1701507568359375 0.049060821533203125 -0.414947509765625
v -0.1703033447265625 -0.140625 -0.23248291015625
v -0.1704254150390625 -0.151153564453125 -0.026256561279296875
v -0.1705780029296875 -0.1573638916015625 -0.214508056640625
v -0.1705780029296875 -0.1573638916015625 -0.214508056640625
v -0.1705780029296875 -0.1573638916015625 -0.214508056640625
v -0.170654296875 -0.016794204711914062 -0.373809814453125
v -0.1707000732421875 0.1377105712890625 -0.158782958984375
v -0.1707305908203125 -0.186737060546875 -0.07494354248046875
v -0.171112060546875 -0.1387176513671875 -0.2419281005859375
v -0.171112060546875 -0.1387176513671875 -0.2419281005859375
v -0.1712188720703125 -0.14349365234375 -0.272003173828125
v -0.1712799072265625 -0.1297454833984375 -0.011335372924804688
v -0.17156982421875 -0.1414947509765625 -0.25927734375
v -0.17156982421875 -0.1414947509765625 -0.25927734375
v -0.1715850830078125 -0.093658447265625 -0.31646728515625
v -0.1715850830078125 -0.093658447265625 -0.31646728515625
v -0.17193603515625 -0.06516265869140625 -0.328399658203125
v -0.17193603515625 -0.06516265869140625 -0.328399658203125
v -0.17193603515625 -0.06516265869140625 -0.328399658203125
v -0.1720428466796875 0.10223388671875 -0.069305419921875
v -0.1720733642578125 -0.153533935546875 -0.2633056640625
v -0.172149658203125 -0.1273956298828125 -0.30963134765625
v -0.1721649169921875 0.07550048828125 -0.026187896728515625
v -0.1721649169921875 0.11774444580078125 -0.2420501708984375
v -0.172210693359375 0.010628700256347656 0.010214805603027344
v -0.172210693359375 0.010628700256347656 0.010214805603027344
v -0.1724853515625 0.06284332275390625 -0.408660888671875
v -0.172637939453125 -0.12203216552734375 -0.2487335205078125
v -0.172637939453125 -0.12203216552734375 -0.2487335205078125
v -0.172637939453125 -0.12203216552734375 -0.2487335205078125
v -0.172637939453125 -0.1844329833984375 -0.08892822265625
v -0.172698974609375 -0.16217041015625 -0.26611328125
v -0.1727142333984375 0.1267852783203125 -0.1908111572265625
v -0.1727142333984375 -0.0982208251953125 0.008068084716796875
v -0.1727142333984375 -0.0982208251953125 0.008068084716796875
v -0.1727142333984375 -0.0982208251953125 0.008068084716796875
v -0.1727447509765625 -0.188720703125 -0.1326751708984375
v -0.17279052734375 -0.167724609375 -0.1826629638671875
v -0.17279052734375 -0.167724609375 -0.1826629638671875
v -0.172882080078125 0.1082305908203125 -0.0885467529296875
v -0.17303466796875 -0.07147216796875 0.026126861572265625
v -0.1731414794921875 -0.184234619140625 -0.138214111328125
v -0.173187255859375 0.002714395523071289 -0.40118408203125
v -0.173492431640625 -0.0677490234375 0.0258331298828125
v -0.17352294921875 0.08063507080078125 -0.32501220703125
v -0.17364501953125 -0.007483005523681641 -0.3331298828125
v -0.1737213134765625 0.09394073486328125 -0.05696868896484375
v -0.1737518310546875 0.135498046875 -0.255462646484375
v -0.173797607421875 -0.1316986083984375 -0.240234375
v -0.173797607421875 -0.1316986083984375 -0.240234375
v -0.1741790771484375 0.014006614685058594 -0.407440185546875
v -0.1742095947265625 -0.11753082275390625 -0.247833251953125
v -0.1742095947265625 -0.11753082275390625 -0.247833251953125
v -0.174468994140625 0.10326385498046875 -0.304779052734375
v -0.1746063232421875 -0.008752822875976562 -0.385467529296875
v -0.174652099609375 -0.1707305908203125 -0.054019927978515625
v -0.174774169921875 0.11826324462890625 -0.209014892578125
v -0.1750335693359375 0.114471435546875 -0.11319732666015625
v -0.1750640869140625 -0.1640625 -0.250030517578125
v -0.175079345703125 -0.137725830078125 -0.255645751953125
v -0.175079345703125 -0.137725830078125 -0.255645751953125
v -0.1751556396484375 0.08933258056640625 -0.373809814453125
v -0.17547607421875 -0.12480926513671875 -0.2496185302734375
v -0.17547607421875 -0.12480926513671875 -0.2496185302734375
v -0.1756744384765625 -0.012037277221679688 0.011536598205566406
v -0.1756744384765625 -0.012037277221679688 0.011536598205566406
v -0.175689697265625 -0.142059326171875 -0.0289306640625
v -0.1757965087890625 0.04583740234375 -0.007872581481933594
v -0.1760101318359375 -0.1507720947265625 -0.2036285400390625
v -0.1760101318359375 -0.1507720947265625 -0.2036285400390625
v -0.1760406494140625 -0.1307525634765625 -0.2273406982421875
v -0.176055908203125 -0.1784210205078125 -0.260101318359375
v -0.1761474609375 -0.1266937255859375 -0.2433624267578125
v -0.1761474609375 -0.1266937255859375 -0.2433624267578125
v -0.17626953125 0.07354736328125 -0.397857666015625
v -0.1762847900390625 -0.1689605712890625 -0.1612396240234375
v -0.17645263671875 -0.1416473388671875 -0.25518798828125
v -0.1765289306640625 0.090179443359375 -0.363037109375
v -0.1766510009765625 0.050197601318359375 -0.408447265625
v -0.176727294921875 -0.012035369873046875 -0.34991455078125
v -0.1768798828125 -0.1782684326171875 -0.255218505859375
v -0.1768798828125 -0.1782684326171875 -0.255218505859375
v -0.1770172119140625 -0.1425018310546875 -0.238800048828125
v -0.177032470703125 0.0277557373046875 -0.408935546875
v -0.177032470703125 0.11377716064453125 -0.286102294921875
v -0.17718505859375 0.03730010986328125 -0.409637451171875
v -0.1773681640625 -0.08899688720703125 -0.308929443359375
v -0.1774749755859375 -0.141021728515625 -0.21282958984375
v -0.1774749755859375 -0.141021728515625 -0.21282958984375
v -0.17755126953125 0.0200653076171875 -0.0002556145191192627
v -0.1775665283203125 -0.118072509765625 -0.2440643310546875
v -0.1775970458984375 0.0891571044921875 -0.3560791015625
v -0.1776885986328125 0.12178802490234375 -0.1700897216796875
v -0.177886962890625 0.0905914306640625 -0.310028076171875
v -0.177886962890625 0.0905914306640625 -0.310028076171875
v -0.177978515625 0.10791778564453125 -0.23583984375
v -0.1780242919921875 0.0824127197265625 -0.3846435546875
v -0.178680419921875 0.09832000732421875 -0.299774169921875
v -0.178680419921875 0.09832000732421875 -0.299774169921875
v -0.1788177490234375 -0.13372802734375 -0.2779541015625
v -0.1788177490234375 -0.13372802734375 -0.2779541015625
v -0.1788787841796875 -0.07205963134765625 0.014621734619140625
v -0.1788787841796875 -0.07205963134765625 0.014621734619140625
v -0.17889404296875 0.12035369873046875 -0.1376495361328125
v -0.178985595703125 0.071075439453125 -0.32122802734375
v -0.179046630859375 -0.154449462890625 -0.240478515625
v -0.179351806640625 -0.1203155517578125 -0.2398834228515625
v -0.179473876953125 -0.133026123046875 -0.2390289306640625
v -0.1795806884765625 -0.127288818359375 -0.252899169921875
v -0.1795806884765625 -0.127288818359375 -0.252899169921875
v -0.1796112060546875 -0.1215972900390625 -0.250579833984375
v -0.1796722412109375 -0.100860595703125 -0.006289958953857422
v -0.1797027587890625 -0.164398193359375 -0.261260986328125
v -0.1798553466796875 0.0792999267578125 -0.051731109619140625
v -0.179931640625 -0.009999275207519531 -0.35430908203125
v -0.1799774169921875 0.08510589599609375 -0.346771240234375
v -0.1805267333984375 0.004746437072753906 -0.32464599609375
v -0.1805267333984375 -0.1364593505859375 -0.25787353515625
v -0.1808013916015625 -0.12786865234375 -0.2481842041015625
v -0.1808929443359375 -0.1898651123046875 -0.25677490234375
v -0.180908203125 -0.12131500244140625 -0.299407958984375
v -0.180908203125 -0.12131500244140625 -0.299407958984375
v -0.180938720703125 -0.040088653564453125 -0.318023681640625
v -0.180938720703125 -0.040088653564453125 -0.318023681640625
v -0.1810302734375 0.07872772216796875 -0.335662841796875
v -0.1810302734375 0.0843658447265625 -0.309051513671875
v -0.1810302734375 0.0843658447265625 -0.309051513671875
v -0.1810302734375 -0.10207366943359375 -0.30230712890625
v -0.181060791015625 -0.06639862060546875 -0.3133544921875
v -0.181060791015625 -0.06639862060546875 -0.3133544921875
v -0.1811065673828125 0.0953216552734375 -0.1000823974609375
v -0.1811676025390625 -0.1389007568359375 -0.233673095703125
v -0.181182861328125 -0.12664794921875 -0.29632568359375
v -0.181182861328125 -0.12664794921875 -0.29632568359375
v -0.1815643310546875 0.035037994384765625 -0.404876708984375
v -0.18157958984375 0.10599517822265625 -0.1205596923828125
v -0.181793212890625 0.0005415678024291992 -0.386932373046875
v -0.1818695068359375 0.1273956298828125 -0.250091552734375
v -0.181976318359375 -0.10967254638671875 -0.2463226318359375
v -0.181976318359375 -0.10967254638671875 -0.2463226318359375
v -0.1820068359375 -0.007818222045898438 -0.366302490234375
v -0.182159423828125 0.0681610107421875 -0.393951416015625
v -0.1822967529296875 -0.14532470703125 -0.185150146484375
v -0.1823883056640625 -0.005936622619628906 -0.31982421875
v -0.1824951171875 0.054393768310546875 -0.023241043090820312
v -0.182525634765625 0.013379096984863281 -0.397369384765625
v -0.182891845703125 0.01383209228515625 -0.321563720703125
v -0.1829376220703125 0.11879730224609375 -0.264190673828125
v -0.182952880859375 0.0875091552734375 -0.091705322265625
v -0.1830291748046875 0.05657196044921875 -0.318115234375
v -0.18310546875 0.054706573486328125 -0.400238037109375
v -0.1833038330078125 -0.11797332763671875 -0.2329559326171875
v -0.1833343505859375 0.08258819580078125 -0.3675537109375
v -0.183502197265625 -0.0028259754180908203 -0.376953125
v -0.183563232421875 -0.159454345703125 -0.0898895263671875
v -0.1835784912109375 -0.036716461181640625 0.004709720611572266
v -0.1835784912109375 -0.036716461181640625 0.004709720611572266
v -0.1835784912109375 -0.036716461181640625 0.004709720611572266
v -0.1835784912109375 -0.036716461181640625 0.004709720611572266
v -0.18377685546875 -0.135345458984375 -0.234649658203125
v -0.1838531494140625 -0.1580047607421875 -0.136627197265625
v -0.18408203125 -0.1824493408203125 -0.262725830078125
v -0.1841583251953125 0.0956573486328125 -0.2279205322265625
v -0.1841888427734375 -0.0769195556640625 0.002285480499267578
v -0.1841888427734375 -0.0769195556640625 0.002285480499267578
v -0.1845855712890625 -0.1274871826171875 -0.2400360107421875
v -0.1846160888671875 -0.12233734130859375 -0.029514312744140625
v -0.184661865234375 0.071990966796875 -0.30865478515625
v -0.1846923828125 -0.125579833984375 -0.287506103515625
v -0.1846923828125 -0.150146484375 -0.1585540771484375
v -0.1847381591796875 0.004725933074951172 -0.005669116973876953
v -0.1847686767578125 -0.10694122314453125 -0.246063232421875
v -0.184906005859375 -0.059520721435546875 0.002111673355102539
v -0.184906005859375 -0.059520721435546875 0.002111673355102539
v -0.18499755859375 0.047138214111328125 -0.316986083984375
v -0.185150146484375 -0.12689208984375 -0.208343505859375
v -0.185150146484375 -0.12689208984375 -0.208343505859375
v -0.1853485107421875 0.031005859375 -0.3172607421875
v -0.1853485107421875 0.11986541748046875 -0.244781494140625
v -0.18548583984375 -0.003522634506225586 -0.353363037109375
v -0.1856231689453125 0.07257080078125 -0.3831787109375
v -0.1862030029296875 -0.11791229248046875 -0.2154083251953125
v -0.1862945556640625 -0.07434844970703125 -0.0006232261657714844
v -0.186370849609375 0.04499053955078125 -0.398040771484375
v -0.1864166259765625 0.079345703125 -0.358856201171875
v -0.186492919921875 0.07746124267578125 -0.34796142578125
v -0.18658447265625 0.0026178359985351562 -0.34014892578125
v -0.1868896484375 -0.11394500732421875 -0.288116455078125
v -0.186920166015625 0.0963897705078125 -0.279815673828125
v -0.187225341796875 0.028627395629882812 -0.396484375
v -0.187225341796875 0.07651519775390625 -0.3702392578125
v -0.1873016357421875 0.1015625 -0.1323089599609375
v -0.1873626708984375 -0.1011810302734375 -0.243438720703125
v -0.1876678466796875 -0.1432037353515625 -0.0704193115234375
v -0.187713623046875 -0.03278350830078125 -0.30523681640625
v -0.187713623046875 -0.03278350830078125 -0.30523681640625
v -0.187774658203125 -0.12945556640625 -0.197113037109375
v -0.1877899169921875 0.07099151611328125 -0.07613372802734375
v -0.187957763671875 -0.1938934326171875 -0.25006103515625
v -0.187957763671875 -0.1938934326171875 -0.25006103515625
v -0.187957763671875 -0.1938934326171875 -0.25006103515625
v -0.1881866455078125 0.025102615356445312 -0.016260147094726562
v -0.1883087158203125 0.057384490966796875 -0.04291534423828125
v -0.1883697509765625 -0.153076171875 -0.125732421875
v -0.188446044921875 -0.138702392578125 -0.16717529296875
v -0.188446044921875 -0.138702392578125 -0.16717529296875
v -0.1885833740234375 -0.1403961181640625 -0.2446441650390625
v -0.188690185546875 -0.08611297607421875 -0.295684814453125
v -0.1889495849609375 0.001622915267944336 -0.357513427734375
v -0.1890106201171875 0.1186370849609375 -0.2461090087890625
v -0.1890106201171875 -0.1253204345703125 -0.273651123046875
v -0.1890106201171875 -0.1253204345703125 -0.273651123046875
v -0.189056396484375 0.08652496337890625 -0.2212677001953125
v -0.1891632080078125 -0.08269500732421875 -0.295867919921875
v -0.1893463134765625 -0.1995086669921875 -0.25347900390625
v -0.1893463134765625 -0.1995086669921875 -0.25347900390625
v -0.189361572265625 -0.131591796875 -0.047527313232421875
v -0.18988037109375 0.009751319885253906 -0.337005615234375
v -0.189971923828125 -0.098876953125 -0.0221405029296875
v -0.189971923828125 -0.1449737548828125 -0.224029541015625
v -0.1900482177734375 -0.0671844482421875 -0.296173095703125
v -0.1900482177734375 -0.0671844482421875 -0.296173095703125
v -0.1900482177734375 -0.1284942626953125 -0.255340576171875
v -0.19012451171875 0.017347335815429688 -0.386474609375
v -0.1902618408203125 0.008940696716308594 -0.377685546875
v -0.19036865234375 -0.134490966796875 -0.232940673828125
v -0.190399169921875 0.006398677825927734 -0.346221923828125
v -0.19049072265625 -0.0020034313201904297 -0.012392044067382812
v -0.190521240234375 0.003990650177001953 -0.363128662109375
v -0.190704345703125 0.046718597412109375 -0.304443359375
v -0.190765380859375 0.06583404541015625 -0.3392333984375
v -0.19085693359375 0.090301513671875 -0.1938629150390625
v -0.19085693359375 -0.13763427734375 -0.150421142578125
v -0.19085693359375 -0.13763427734375 -0.150421142578125
v -0.1908721923828125 0.0682220458984375 -0.37445068359375
v -0.1908721923828125 -0.11525726318359375 -0.250457763671875
v -0.1908721923828125 -0.11525726318359375 -0.250457763671875
v -0.190948486328125 0.057781219482421875 -0.385589599609375
v -0.190948486328125 0.08548736572265625 -0.280303955078125
v -0.1909942626953125 0.0651397705078125 -0.298065185546875
v -0.191070556640625 -0.0963592529296875 -0.2385711669921875
v -0.191314697265625 -0.137969970703125 -0.22161865234375
v -0.19146728515625 0.043819427490234375 -0.031330108642578125
v -0.1915130615234375 -0.130035400390625 -0.2359466552734375
v -0.191558837890625 -0.127227783203125 -0.1798095703125
v -0.191650390625 0.10573577880859375 -0.253662109375
v -0.1918792724609375 -0.1551361083984375 -0.224761962890625
v -0.191925048828125 -0.1746368408203125 -0.234588623046875
v -0.191986083984375 -0.01537322998046875 -0.01214599609375
v -0.192108154296875 -0.2049713134765625 -0.25054931640625
v -0.192108154296875 -0.2049713134765625 -0.25054931640625
v -0.192169189453125 -0.0946044921875 -0.2403411865234375
v -0.192352294921875 0.075927734375 -0.10257720947265625
v -0.19244384765625 0.06940460205078125 -0.356964111328125
v -0.1926422119140625 0.055973052978515625 -0.335235595703125
v -0.19268798828125 -0.12640380859375 -0.058444976806640625
v -0.192901611328125 0.026205062866210938 -0.3848876953125
v -0.1930694580078125 0.036365509033203125 -0.38665771484375
v -0.1930999755859375 -0.049053192138671875 -0.29205322265625
v -0.1930999755859375 -0.049053192138671875 -0.29205322265625
v -0.193145751953125 -0.07788848876953125 -0.014146804809570312
v -0.1932220458984375 -0.1511688232421875 -0.2431793212890625
v -0.193267822265625 0.04520416259765625 -0.38543701171875
v -0.1933135986328125 -0.11804962158203125 -0.1958160400390625
v -0.193359375 0.11063385009765625 -0.2423095703125
v -0.1934356689453125 0.020542144775390625 -0.336395263671875
v -0.193511962890625 -0.138671875 -0.10295867919921875
v -0.193572998046875 0.10992431640625 -0.238677978515625
v -0.193695068359375 0.010223388671875 -0.357391357421875
v -0.1937713623046875 0.015043258666992188 -0.37347412109375
v -0.19378662109375 -0.07666778564453125 -0.287384033203125
v -0.1938018798828125 0.0524444580078125 -0.0601043701171875
v -0.1938629150390625 0.04683685302734375 -0.04366302490234375
v -0.1938629150390625 0.047100067138671875 -0.332916259765625
v -0.1938934326171875 -0.12456512451171875 -0.254364013671875
v -0.1938934326171875 -0.12456512451171875 -0.254364013671875
v -0.194122314453125 -0.0948638916015625 -0.279541015625
v -0.19427490234375 0.0156097412109375 -0.3447265625
v -0.19427490234375 -0.10369110107421875 -0.21917724609375
v -0.1943359375 0.022981643676757812 -0.29736328125
v -0.19439697265625 0.061077117919921875 -0.3704833984375
v -0.1945953369140625 -0.1320648193359375 -0.1354217529296875
v -0.1945953369140625 -0.1320648193359375 -0.1354217529296875
v -0.1946258544921875 -0.10610198974609375 -0.206085205078125
v -0.1946258544921875 -0.10610198974609375 -0.206085205078125
v -0.1947021484375 0.061779022216796875 -0.34759521484375
v -0.19482421875 -0.1972198486328125 -0.258148193359375
v -0.194854736328125 0.032535552978515625 -0.33380126953125
v -0.1949005126953125 -0.10790252685546875 -0.270965576171875
v -0.1949920654296875 -0.03719329833984375 -0.018520355224609375
v -0.1949920654296875 -0.03719329833984375 -0.018520355224609375
v -0.1949920654296875 -0.08835601806640625 -0.2364959716796875
v -0.1952362060546875 -0.12799072265625 -0.08057403564453125
v -0.1955718994140625 0.002552509307861328 -0.29376220703125
v -0.1955718994140625 0.069610595703125 -0.283416748046875
v -0.1955718994140625 0.069610595703125 -0.283416748046875
v -0.195587158203125 -0.021099090576171875 -0.290374755859375
v -0.195587158203125 -0.021099090576171875 -0.290374755859375
v -0.1956634521484375 -0.13629150390625 -0.1234283447265625
v -0.1956634521484375 -0.13629150390625 -0.1234283447265625
v -0.19580078125 -0.1345672607421875 -0.237091064453125
v -0.1959228515625 -0.1364593505859375 -0.2277984619140625
v -0.19598388671875 0.08135223388671875 -0.1252288818359375
v -0.1959991455078125 0.049182891845703125 -0.37567138671875
v -0.1960296630859375 -0.1187591552734375 -0.254791259765625
v -0.196075439453125 0.076904296875 -0.2049560546875
v -0.1962127685546875 -0.1160736083984375 -0.25146484375
v -0.1964111328125 0.014142990112304688 -0.024930953979492188
v -0.1967620849609375 -0.189422607421875 -0.2540283203125
v -0.1969757080078125 0.024522781372070312 -0.368927001953125
v -0.197052001953125 -0.0878143310546875 -0.2374420166015625
v -0.1971435546875 -0.1717987060546875 -0.24749755859375
v -0.1971588134765625 0.038547515869140625 -0.37457275390625
v -0.1972503662109375 0.021478652954101562 -0.356781005859375
v -0.1972808837890625 0.045841217041015625 -0.343658447265625
v -0.1973876953125 0.05454254150390625 -0.355438232421875
v -0.1974029541015625 -0.1141204833984375 -0.06108856201171875
v -0.197418212890625 -0.08364105224609375 -0.233367919921875
v -0.19744873046875 -0.1071624755859375 -0.0421905517578125
v -0.197540283203125 0.07672119140625 -0.144134521484375
v -0.1976470947265625 -0.0543060302734375 -0.27825927734375
v -0.1976470947265625 -0.1192169189453125 -0.1624603271484375
v -0.1976776123046875 0.02703094482421875 -0.350189208984375
v -0.197845458984375 0.0320587158203125 -0.34527587890625
v -0.1978607177734375 0.026424407958984375 -0.0313720703125
v -0.19793701171875 0.080352783203125 -0.218292236328125
v -0.19818115234375 0.047496795654296875 -0.364105224609375
v -0.198333740234375 0.0701904296875 -0.2174835205078125
v -0.198333740234375 0.0809326171875 -0.26055908203125
v -0.1983795166015625 0.1029510498046875 -0.2347564697265625
v -0.19842529296875 0.004296302795410156 -0.025957107543945312
v -0.19854736328125 0.034954071044921875 -0.36328125
v -0.1986846923828125 -0.09926605224609375 -0.266510009765625
v -0.19873046875 0.072021484375 -0.1822662353515625
v -0.198974609375 -0.08154296875 -0.02667999267578125
v -0.1990966796875 0.03900146484375 -0.355316162109375
v -0.1992340087890625 -0.2146759033203125 -0.2485809326171875
v -0.199310302734375 0.032390594482421875 -0.03737640380859375
v -0.19976806640625 0.060604095458984375 -0.28070068359375
v -0.19976806640625 0.060604095458984375 -0.28070068359375
v -0.2001190185546875 -0.21710205078125 -0.2454071044921875
v -0.200347900390625 -0.07672119140625 -0.232269287109375
v -0.200347900390625 -0.07672119140625 -0.232269287109375
v -0.20037841796875 -0.174713134765625 -0.2223663330078125
v -0.20037841796875 -0.174713134765625 -0.2223663330078125
v -0.2004547119140625 0.03803253173828125 -0.282928466796875
v -0.20050048828125 -0.107513427734375 -0.2474365234375
v -0.200714111328125 -0.007005214691162109 -0.278900146484375
v -0.201141357421875 0.09328460693359375 -0.2267913818359375
v -0.2012176513671875 -0.09368896484375 -0.2074432373046875
v -0.2012176513671875 -0.10717010498046875 -0.2493896484375
v -0.201416015625 -0.153106689453125 -0.213714599609375
v -0.2020263671875 -0.2083282470703125 -0.25433349609375
v -0.2020263671875 -0.2083282470703125 -0.25433349609375
v -0.2020263671875 -0.2083282470703125 -0.25433349609375
v -0.2020416259765625 0.035518646240234375 -0.055088043212890625
v -0.2020416259765625 0.06272125244140625 -0.21502685546875
v -0.20208740234375 -0.134857177734375 -0.2304229736328125
v -0.202117919921875 -0.067596435546875 -0.227386474609375
v -0.202117919921875 -0.067596435546875 -0.227386474609375
v -0.2024993896484375 0.048828125 -0.08831024169921875
v -0.2025146484375 0.021318435668945312 -0.27923583984375
v -0.20257568359375 -0.030481338500976562 -0.268951416015625
v -0.20257568359375 -0.030481338500976562 -0.268951416015625
v -0.202606201171875 -0.1396636962890625 -0.2088470458984375
v -0.2026824951171875 -0.039844512939453125 -0.266754150390625
v -0.2033538818359375 0.08579254150390625 -0.239593505859375
v -0.2037506103515625 -0.0966949462890625 -0.19085693359375
v -0.2038116455078125 -0.19647216796875 -0.231170654296875
v -0.2038116455078125 -0.19647216796875 -0.231170654296875
v -0.203887939453125 -0.0833892822265625 -0.2119598388671875
v -0.203887939453125 -0.0833892822265625 -0.2119598388671875
v -0.2039642333984375 0.002052783966064453 -0.036876678466796875
v -0.2041015625 -0.08313751220703125 -0.03751373291015625
v -0.2041015625 -0.08313751220703125 -0.03751373291015625
v -0.204193115234375 -0.0657806396484375 -0.2277679443359375
v -0.2042236328125 0.020776748657226562 -0.038463592529296875
v -0.204498291015625 0.07103729248046875 -0.253448486328125
v -0.2045135498046875 -0.08878326416015625 -0.041370391845703125
v -0.2046356201171875 -0.049091339111328125 -0.2233123779296875
v -0.2049407958984375 -0.11176300048828125 -0.10437774658203125
v -0.2049407958984375 -0.11176300048828125 -0.10437774658203125
v -0.2049713134765625 -0.099395751953125 -0.243927001953125
v -0.2050628662109375 0.05889129638671875 -0.1461029052734375
v -0.205078125 0.048358917236328125 -0.2662353515625
v -0.205078125 0.048358917236328125 -0.2662353515625
v -0.205078125 -0.074432373046875 -0.262542724609375
v -0.205169677734375 0.0738677978515625 -0.215850830078125
v -0.205291748046875 -0.10926055908203125 -0.1314697265625
v -0.205291748046875 -0.10926055908203125 -0.1314697265625
v -0.2053070068359375 0.0921783447265625 -0.22625732421875
v -0.2053375244140625 -0.1667633056640625 -0.2375640869140625
v -0.2054443359375 0.0594635009765625 -0.2136077880859375
v -0.2054443359375 -0.1898345947265625 -0.2459564208984375
v -0.2054443359375 -0.1898345947265625 -0.2459564208984375
v -0.20556640625 -0.046535491943359375 -0.21728515625
v -0.2056884765625 0.054172515869140625 -0.211669921875
v -0.2058563232421875 0.025434494018554688 -0.049579620361328125
v -0.20611572265625 -0.099761962890625 -0.08156585693359375
v -0.20611572265625 -0.099761962890625 -0.08156585693359375
v -0.2062225341796875 0.0623321533203125 -0.258331298828125
v -0.2062835693359375 -0.0885467529296875 -0.1959228515625
v -0.2062835693359375 -0.0885467529296875 -0.1959228515625
v -0.2064056396484375 -0.034336090087890625 -0.2196807861328125
v -0.2064361572265625 -0.08048248291015625 -0.1979827880859375
v -0.2066802978515625 -0.055393218994140625 -0.225250244140625
v -0.2068328857421875 -0.1110687255859375 -0.1192779541015625
v -0.2068328857421875 -0.1110687255859375 -0.1192779541015625
v -0.2068328857421875 -0.1110687255859375 -0.1192779541015625
v -0.2070159912109375 -0.06259918212890625 -0.054229736328125
v -0.2070159912109375 -0.06259918212890625 -0.054229736328125
v -0.2071533203125 0.0524444580078125 -0.1728515625
v -0.207183837890625 -0.1367645263671875 -0.2246246337890625
v -0.2072906494140625 -0.2174835205078125 -0.250030517578125
v -0.2072906494140625 -0.2174835205078125 -0.250030517578125
v -0.2073211669921875 -0.14434814453125 -0.228302001953125
v -0.2073822021484375 -0.05899810791015625 -0.202789306640625
v -0.2073822021484375 -0.05899810791015625 -0.202789306640625
v -0.2074432373046875 -0.1441192626953125 -0.20452880859375
v -0.2075042724609375 -0.07244110107421875 -0.186676025390625
v -0.2075653076171875 -0.08428955078125 -0.252655029296875
v -0.20758056640625 -0.006156444549560547 -0.05849456787109375
v -0.2077484130859375 -0.027462005615234375 -0.21441650390625
v -0.2080230712890625 -0.028791427612304688 -0.21856689453125
v -0.208038330078125 -0.088226318359375 -0.06436920166015625
v -0.208038330078125 -0.088226318359375 -0.06436920166015625
v -0.2082672119140625 -0.09012603759765625 -0.1758270263671875
v -0.2083587646484375 -0.22607421875 -0.24029541015625
v -0.20843505859375 -0.07483673095703125 -0.0640869140625
v -0.20843505859375 -0.07483673095703125 -0.0640869140625
v -0.2086944580078125 0.024225234985351562 -0.06403350830078125
v -0.2087554931640625 -0.09200286865234375 -0.2406005859375
v -0.2089691162109375 -0.034717559814453125 -0.2028961181640625
v -0.2090606689453125 -0.05313873291015625 -0.1734161376953125
v -0.2090606689453125 -0.05313873291015625 -0.1734161376953125
v -0.2090606689453125 -0.05313873291015625 -0.1734161376953125
v -0.2091522216796875 -0.1844635009765625 -0.21441650390625
v -0.2091522216796875 -0.1844635009765625 -0.21441650390625
v -0.209259033203125 -0.2179412841796875 -0.2341461181640625
v -0.20941162109375 -0.08438873291015625 -0.2367401123046875
v -0.2094268798828125 0.045684814453125 -0.2001953125
v -0.209564208984375 0.08548736572265625 -0.2220611572265625
v -0.20965576171875 -0.011676788330078125 -0.2146759033203125
v -0.20965576171875 -0.011676788330078125 -0.2146759033203125
v -0.209747314453125 -0.020116806030273438 -0.250335693359375
v -0.209747314453125 -0.020116806030273438 -0.250335693359375
v -0.2098388671875 -0.011749267578125 -0.2119598388671875
v -0.2098388671875 -0.011749267578125 -0.2119598388671875
v -0.2100830078125 -0.19873046875 -0.2220306396484375
v -0.21014404296875 0.0469970703125 -0.1307220458984375
v -0.210357666015625 0.0006459951400756836 -0.252960205078125
v -0.210357666015625 0.0006459951400756836 -0.252960205078125
v -0.2103729248046875 0.047512054443359375 -0.2129669189453125
v -0.210418701171875 -0.023763656616210938 -0.18902587890625
v -0.210418701171875 -0.023763656616210938 -0.18902587890625
v -0.2105865478515625 0.027889251708984375 -0.07669830322265625
v -0.2106170654296875 -0.0008956789970397949 -0.211822509765625
v -0.2108306884765625 -0.03269195556640625 -0.15826416015625
v -0.210845947265625 -0.1728057861328125 -0.2339935302734375
v -0.2108917236328125 -0.229888916015625 -0.2370452880859375
v -0.210968017578125 -0.1413421630859375 -0.1992034912109375
v -0.2109832763671875 -0.037933349609375 -0.07692718505859375
v -0.2110137939453125 -0.06529998779296875 -0.1530303955078125
v -0.2110137939453125 -0.06529998779296875 -0.1530303955078125
v -0.211517333984375 -0.1619110107421875 -0.205352783203125
v -0.2115631103515625 0.06558990478515625 -0.2143096923828125
v -0.2116851806640625 0.000992894172668457 -0.21368408203125
v -0.2117462158203125 -0.09044647216796875 -0.142791748046875
v -0.2117462158203125 -0.09044647216796875 -0.142791748046875
v -0.2117462158203125 -0.2240753173828125 -0.2462158203125
v -0.2117462158203125 -0.2240753173828125 -0.2462158203125
v -0.212310791015625 0.019853591918945312 -0.2101593017578125
v -0.21234130859375 -0.0003280937671661377 -0.084808349609375
v -0.21240234375 0.0660247802734375 -0.233917236328125
v -0.212432861328125 0.047649383544921875 -0.2424468994140625
v -0.212554931640625 -0.049022674560546875 -0.09051513671875
v -0.212646484375 0.018419265747070312 -0.212310791015625
v -0.212677001953125 -0.08324432373046875 -0.2381134033203125
v -0.212738037109375 0.013392448425292969 -0.190399169921875
v -0.212860107421875 -0.07421112060546875 -0.2456817626953125
v -0.212921142578125 0.041080474853515625 -0.115081787109375
v -0.2129669189453125 0.034088134765625 -0.10102081298828125
v -0.2129669189453125 -0.012888908386230469 -0.14068603515625
v -0.2130889892578125 -0.18914794921875 -0.2350921630859375
v -0.2130889892578125 -0.18914794921875 -0.2350921630859375
v -0.213104248046875 0.0035741329193115234 -0.1613616943359375
v -0.2134552001953125 0.03493499755859375 -0.2118682861328125
v -0.2135772705078125 -0.0892486572265625 -0.1053619384765625
v -0.213623046875 0.0766754150390625 -0.215240478515625
v -0.2138671875 0.028715133666992188 -0.09358978271484375
v -0.2138824462890625 -0.042266845703125 -0.128753662109375
v -0.214141845703125 -0.039043426513671875 -0.2419586181640625
v -0.2143096923828125 0.03044891357421875 -0.2409820556640625
v -0.2143096923828125 0.03044891357421875 -0.2409820556640625
v -0.21435546875 0.033477783203125 -0.1863555908203125
v -0.2144775390625 -0.092437744140625 -0.1177825927734375
v -0.2144775390625 -0.092437744140625 -0.1177825927734375
v -0.2146453857421875 0.0287933349609375 -0.211761474609375
v -0.2147216796875 -0.1392669677734375 -0.2160797119140625
v -0.21478271484375 -0.010745048522949219 -0.10149383544921875
v -0.214813232421875 0.008792877197265625 -0.242401123046875
v -0.214813232421875 0.008792877197265625 -0.242401123046875
v -0.214813232421875 0.008792877197265625 -0.242401123046875
v -0.2150115966796875 -0.0796051025390625 -0.114715576171875
v -0.215057373046875 0.013147354125976562 -0.10062408447265625
v -0.2152099609375 -0.1552886962890625 -0.1991119384765625
v -0.2154083251953125 -0.075164794921875 -0.232696533203125
v -0.215606689453125 -0.03705596923828125 -0.11315155029296875
v -0.215667724609375 0.071868896484375 -0.218505859375
v -0.2156982421875 0.013668060302734375 -0.11998748779296875
v -0.215728759765625 0.031768798828125 -0.15045166015625
v -0.2157440185546875 -0.07616424560546875 -0.235565185546875
v -0.2161407470703125 -0.14306640625 -0.186553955078125
v -0.2162322998046875 -0.0058498382568359375 -0.2354888916015625
v -0.2162628173828125 -0.200592041015625 -0.2119598388671875
v -0.21630859375 -0.1457977294921875 -0.1855010986328125
v -0.216461181640625 0.005739688873291016 -0.11159515380859375
v -0.2169036865234375 -0.2371368408203125 -0.22930908203125
v -0.2169189453125 -0.2305450439453125 -0.240325927734375
v -0.2169189453125 -0.2305450439453125 -0.240325927734375
v -0.2170562744140625 0.029676437377929688 -0.11199951171875
v -0.2172088623046875 0.030727386474609375 -0.113067626953125
v -0.2173309326171875 -0.1542816162109375 -0.2207183837890625
v -0.2174530029296875 0.06543731689453125 -0.21575927734375
v -0.21771240234375 -0.06817626953125 -0.22943115234375
v -0.2178802490234375 0.05158233642578125 -0.2138824462890625
v -0.2183837890625 -0.05631256103515625 -0.2335968017578125
v -0.2191619873046875 -0.06656646728515625 -0.231292724609375
v -0.2193145751953125 -0.050876617431640625 -0.225189208984375
v -0.219757080078125 0.027791976928710938 -0.2236175537109375
v -0.219970703125 0.045444488525390625 -0.21588134765625
v -0.219970703125 -0.19451904296875 -0.2039947509765625
v -0.2202911376953125 -0.057559967041015625 -0.2276611328125
v -0.220306396484375 -0.141143798828125 -0.20794677734375
v -0.220306396484375 -0.1702728271484375 -0.1973724365234375
v -0.220306396484375 -0.1702728271484375 -0.1973724365234375
v -0.2203521728515625 -0.019252777099609375 -0.227447509765625
v -0.22052001953125 0.006151676177978516 -0.22552490234375
v -0.22052001953125 0.006151676177978516 -0.22552490234375
v -0.2205657958984375 -0.03783416748046875 -0.227569580078125
v -0.2205963134765625 -0.0318450927734375 -0.2204437255859375
v -0.2205963134765625 -0.1580047607421875 -0.21630859375
v -0.2209014892578125 0.020404815673828125 -0.2130279541015625
v -0.2213287353515625 0.034854888916015625 -0.2130889892578125
v -0.2218017578125 -0.034839630126953125 -0.22308349609375
v -0.22186279296875 -0.1450042724609375 -0.1752471923828125
v -0.2219696044921875 -0.1489105224609375 -0.17303466796875
v -0.2219696044921875 -0.1489105224609375 -0.17303466796875
v -0.2220611572265625 -0.218994140625 -0.210845947265625
v -0.222259521484375 -0.24359130859375 -0.2227935791015625
v -0.222442626953125 -0.225067138671875 -0.2322235107421875
v -0.22259521484375 -0.1907196044921875 -0.220947265625
v -0.22259521484375 -0.1907196044921875 -0.220947265625
v -0.2227325439453125 -0.2021026611328125 -0.227203369140625
v -0.2227325439453125 -0.2021026611328125 -0.227203369140625
v -0.2227935791015625 -0.001248002052307129 -0.2154541015625
v -0.2227935791015625 -0.001248002052307129 -0.2154541015625
v -0.222991943359375 0.019443511962890625 -0.21478271484375
v -0.2230224609375 -0.022375106811523438 -0.2198638916015625
v -0.2230377197265625 -0.1736602783203125 -0.216217041015625
v -0.223052978515625 -0.017496109008789062 -0.2170562744140625
v -0.223052978515625 -0.017496109008789062 -0.2170562744140625
v -0.223175048828125 -0.23785400390625 -0.2333221435546875
v -0.223175048828125 -0.23785400390625 -0.2333221435546875
v -0.2232818603515625 0.015425682067871094 -0.2148895263671875
v -0.223480224609375 -0.005121707916259766 -0.217926025390625
v -0.223480224609375 -0.005121707916259766 -0.217926025390625
v -0.2244110107421875 -0.18109130859375 -0.1946563720703125
v -0.225433349609375 -0.1615447998046875 -0.1800537109375
v -0.225433349609375 -0.1615447998046875 -0.1800537109375
v -0.225555419921875 -0.1470489501953125 -0.1652679443359375
v -0.225555419921875 -0.1470489501953125 -0.1652679443359375
v -0.22576904296875 -0.2017669677734375 -0.1988372802734375
v -0.226531982421875 -0.143218994140625 -0.195556640625
v -0.227691650390625 -0.2395477294921875 -0.21148681640625
v -0.2278594970703125 -0.166839599609375 -0.2074737548828125
v -0.2278594970703125 -0.166839599609375 -0.2074737548828125
v -0.2278900146484375 -0.1889190673828125 -0.1924285888671875
v -0.22796630859375 -0.1713104248046875 -0.18096923828125
v -0.22796630859375 -0.1713104248046875 -0.18096923828125
v -0.2281951904296875 -0.2430572509765625 -0.2281036376953125
v -0.2281951904296875 -0.2430572509765625 -0.2281036376953125
v -0.2283477783203125 -0.159423828125 -0.198638916015625
v -0.2283782958984375 -0.1505279541015625 -0.1580657958984375
v -0.2283782958984375 -0.1505279541015625 -0.1580657958984375
v -0.2294769287109375 -0.2056884765625 -0.1953277587890625
v -0.2296600341796875 -0.203155517578125 -0.2140045166015625
v -0.2301177978515625 -0.153472900390625 -0.1552886962890625
v -0.230316162109375 -0.252685546875 -0.21392822265625
v -0.230987548828125 -0.2466888427734375 -0.2245330810546875
v -0.230987548828125 -0.2466888427734375 -0.2245330810546875
v -0.2310638427734375 -0.1824188232421875 -0.1820220947265625
v -0.2311859130859375 -0.23199462890625 -0.203094482421875
v -0.2315216064453125 -0.1449127197265625 -0.1836700439453125
v -0.231597900390625 -0.149566650390625 -0.1562652587890625
v -0.231597900390625 -0.149566650390625 -0.1562652587890625
v -0.233489990234375 -0.1518707275390625 -0.1477813720703125
v -0.23431396484375 -0.1869964599609375 -0.2027587890625
v -0.23431396484375 -0.1869964599609375 -0.2027587890625
v -0.234619140625 -0.1475372314453125 -0.1799774169921875
v -0.2347412109375 -0.21771240234375 -0.2143707275390625
v -0.235595703125 -0.1551055908203125 -0.139984130859375
v -0.235809326171875 -0.25054931640625 -0.2202606201171875
v -0.235809326171875 -0.25054931640625 -0.2202606201171875
v -0.2360992431640625 -0.163970947265625 -0.1502685546875
v -0.23614501953125 -0.21209716796875 -0.185821533203125
v -0.2362060546875 -0.2589111328125 -0.2075042724609375
v -0.2372589111328125 -0.197418212890625 -0.1787109375
v -0.237640380859375 -0.153045654296875 -0.14105224609375
v -0.23834228515625 -0.1483154296875 -0.169525146484375
v -0.23834228515625 -0.1483154296875 -0.169525146484375
v -0.2389373779296875 -0.2416229248046875 -0.2138824462890625
v -0.239105224609375 -0.1796112060546875 -0.1936798095703125
v -0.239105224609375 -0.1796112060546875 -0.1936798095703125
v -0.2392578125 -0.256622314453125 -0.21417236328125
v -0.2393798828125 -0.16607666015625 -0.1774444580078125
v -0.2393798828125 -0.16607666015625 -0.1774444580078125
v -0.2396697998046875 -0.23541259765625 -0.1916046142578125
v -0.24029541015625 -0.180267333984375 -0.162506103515625
v -0.24029541015625 -0.251434326171875 -0.1969757080078125
v -0.2408599853515625 -0.1564483642578125 -0.1313018798828125
v -0.24212646484375 -0.2317352294921875 -0.1842803955078125
v -0.242889404296875 -0.1612396240234375 -0.128570556640625
v -0.24298095703125 -0.151092529296875 -0.1573486328125
v -0.24298095703125 -0.151092529296875 -0.1573486328125
v -0.24298095703125 -0.151092529296875 -0.1573486328125
v -0.2433929443359375 -0.219940185546875 -0.1969757080078125
v -0.243621826171875 -0.257965087890625 -0.211181640625
v -0.243621826171875 -0.257965087890625 -0.211181640625
v -0.24420166015625 -0.1749114990234375 -0.14324951171875
v -0.2447052001953125 -0.185028076171875 -0.15606689453125
v -0.2447662353515625 -0.2679443359375 -0.1984710693359375
v -0.24505615234375 -0.186004638671875 -0.1869049072265625
v -0.2454071044921875 -0.263336181640625 -0.2075042724609375
v -0.2460784912109375 -0.16156005859375 -0.16094970703125
v -0.2460784912109375 -0.16156005859375 -0.16094970703125
v -0.2463836669921875 -0.2207489013671875 -0.171600341796875
v -0.246551513671875 -0.1952362060546875 -0.16033935546875
v -0.2471771240234375 -0.153350830078125 -0.145233154296875
v -0.2471771240234375 -0.153350830078125 -0.145233154296875
v -0.2472686767578125 -0.205291748046875 -0.166412353515625
v -0.24737548828125 -0.2462615966796875 -0.183807373046875
v -0.2476654052734375 -0.1748046875 -0.1341094970703125
v -0.247833251953125 -0.1901702880859375 -0.1531219482421875
v -0.24786376953125 -0.16339111328125 -0.12396240234375
v -0.24835205078125 -0.2369842529296875 -0.199951171875
v -0.248504638671875 -0.1700439453125 -0.160125732421875
v -0.249542236328125 -0.269683837890625 -0.2014007568359375
v -0.2497100830078125 -0.2010955810546875 -0.159210205078125
v -0.2499847412109375 -0.15948486328125 -0.1487579345703125
v -0.2503662109375 -0.1859893798828125 -0.1429901123046875
v -0.25079345703125 -0.2046356201171875 -0.182342529296875
v -0.2509765625 -0.265411376953125 -0.202850341796875
v -0.2509765625 -0.265411376953125 -0.202850341796875
v -0.25164794921875 -0.2307586669921875 -0.187103271484375
v -0.25177001953125 -0.271087646484375 -0.1882476806640625
v -0.25201416015625 -0.26141357421875 -0.18243408203125
v -0.25238037109375 -0.238861083984375 -0.169677734375
v -0.252532958984375 -0.193359375 -0.1767578125
v -0.2528076171875 -0.1568145751953125 -0.1385345458984375
v -0.253021240234375 -0.1744537353515625 -0.12473297119140625
v -0.2530517578125 -0.205657958984375 -0.1572723388671875
v -0.253326416015625 -0.1670074462890625 -0.1186065673828125
v -0.253387451171875 -0.193603515625 -0.14453125
v -0.25360107421875 -0.2200775146484375 -0.1592864990234375
v -0.253753662109375 -0.155914306640625 -0.131500244140625
v -0.253753662109375 -0.155914306640625 -0.131500244140625
v -0.253997802734375 -0.27215576171875 -0.1999359130859375
v -0.253997802734375 -0.27215576171875 -0.1999359130859375
v -0.254852294921875 -0.274383544921875 -0.1957244873046875
v -0.25604248046875 -0.20263671875 -0.149566650390625
v -0.256072998046875 -0.170135498046875 -0.1430511474609375
v -0.2568359375 -0.207794189453125 -0.1513824462890625
v -0.257293701171875 -0.16937255859375 -0.1152496337890625
v -0.257720947265625 -0.1878814697265625 -0.1574554443359375
v -0.25830078125 -0.18475341796875 -0.1529693603515625
v -0.258331298828125 -0.1578826904296875 -0.12835693359375
v -0.258331298828125 -0.1578826904296875 -0.12835693359375
v -0.259124755859375 -0.27642822265625 -0.1893310546875
v -0.259124755859375 -0.27642822265625 -0.1893310546875
v -0.260223388671875 -0.2012481689453125 -0.167144775390625
v -0.26025390625 -0.2763671875 -0.190765380859375
v -0.2606201171875 -0.218414306640625 -0.1458587646484375
v -0.2606201171875 -0.27496337890625 -0.19158935546875
v -0.2606201171875 -0.27496337890625 -0.19158935546875
v -0.26068115234375 -0.2734375 -0.1740264892578125
v -0.2608642578125 -0.185577392578125 -0.12224578857421875
v -0.26123046875 -0.1713104248046875 -0.13427734375
v -0.261993408203125 -0.1603546142578125 -0.1256866455078125
v -0.261993408203125 -0.1603546142578125 -0.1256866455078125
v -0.26300048828125 -0.2051544189453125 -0.1385345458984375
v -0.26318359375 -0.2452392578125 -0.173858642578125
v -0.26318359375 -0.257476806640625 -0.1607666015625
v -0.263275146484375 -0.2026824951171875 -0.13677978515625
v -0.26361083984375 -0.181060791015625 -0.1409454345703125
v -0.26361083984375 -0.214324951171875 -0.1656951904296875
v -0.264312744140625 -0.1996307373046875 -0.156707763671875
v -0.264678955078125 -0.258819580078125 -0.182525634765625
v -0.265045166015625 -0.1648712158203125 -0.11847686767578125
v -0.26544189453125 -0.1741943359375 -0.10784912109375
v -0.265533447265625 -0.1721038818359375 -0.1092376708984375
v -0.2666015625 -0.279541015625 -0.1806182861328125
v -0.2666015625 -0.279541015625 -0.1806182861328125
v -0.266876220703125 -0.185394287109375 -0.1129608154296875
v -0.26727294921875 -0.2035369873046875 -0.1544342041015625
v -0.267913818359375 -0.1755218505859375 -0.12774658203125
v -0.268218994140625 -0.2374267578125 -0.1649169921875
v -0.26837158203125 -0.277252197265625 -0.181304931640625
v -0.26837158203125 -0.277252197265625 -0.181304931640625
v -0.26873779296875 -0.2224578857421875 -0.1324462890625
v -0.268829345703125 -0.163665771484375 -0.12078857421875
v -0.268829345703125 -0.163665771484375 -0.12078857421875
v -0.2696533203125 -0.17974853515625 -0.1045684814453125
v -0.270721435546875 -0.20196533203125 -0.1231231689453125
v -0.2711181640625 -0.215728759765625 -0.151824951171875
v -0.271392822265625 -0.212310791015625 -0.12372589111328125
v -0.27154541015625 -0.276275634765625 -0.1562957763671875
v -0.271759033203125 -0.252838134765625 -0.14202880859375
v -0.272552490234375 -0.269989013671875 -0.1723480224609375
v -0.27392578125 -0.174957275390625 -0.09958648681640625
v -0.274017333984375 -0.2412261962890625 -0.1262664794921875
v -0.274169921875 -0.1890411376953125 -0.129364013671875
v -0.274444580078125 -0.28204345703125 -0.1690521240234375
v -0.274444580078125 -0.28204345703125 -0.1690521240234375
v -0.27520751953125 -0.261383056640625 -0.1615447998046875
v -0.275238037109375 -0.235107421875 -0.15081787109375
v -0.2763671875 -0.277130126953125 -0.1453857421875
v -0.27655029296875 -0.2499237060546875 -0.154876708984375
v -0.276611328125 -0.278961181640625 -0.168487548828125
v -0.276763916015625 -0.2557373046875 -0.1268768310546875
v -0.277099609375 -0.1861724853515625 -0.12329864501953125
v -0.277618408203125 -0.199432373046875 -0.135498046875
v -0.277984619140625 -0.2025909423828125 -0.1372528076171875
v -0.278656005859375 -0.21466064453125 -0.10886383056640625
v -0.278717041015625 -0.247589111328125 -0.1147918701171875
v -0.279083251953125 -0.21258544921875 -0.135589599609375
v -0.27935791015625 -0.196136474609375 -0.10523223876953125
v -0.280120849609375 -0.27862548828125 -0.1362152099609375
v -0.280181884765625 -0.268798828125 -0.1241607666015625
v -0.280303955078125 -0.1668243408203125 -0.10756683349609375
v -0.281005859375 -0.262786865234375 -0.11525726318359375
v -0.281036376953125 -0.2310943603515625 -0.10686492919921875
v -0.2813720703125 -0.281219482421875 -0.15936279296875
v -0.28179931640625 -0.2835693359375 -0.15484619140625
v -0.28179931640625 -0.2835693359375 -0.15484619140625
v -0.28192138671875 -0.2390899658203125 -0.10680389404296875
v -0.28228759765625 -0.218414306640625 -0.13104248046875
v -0.282440185546875 -0.255218505859375 -0.1045379638671875
v -0.282989501953125 -0.168487548828125 -0.1095733642578125
v -0.282989501953125 -0.168487548828125 -0.1095733642578125
v -0.283233642578125 -0.1683349609375 -0.1000518798828125
v -0.283355712890625 -0.1720123291015625 -0.094940185546875
v -0.283721923828125 -0.283538818359375 -0.154388427734375
v -0.283782958984375 -0.26922607421875 -0.1487274169921875
v -0.28387451171875 -0.2230987548828125 -0.1003570556640625
v -0.283935546875 -0.235443115234375 -0.136199951171875
v -0.2841796875 -0.1922454833984375 -0.0992889404296875
v -0.28497314453125 -0.1946258544921875 -0.12354278564453125
v -0.28564453125 -0.25018310546875 -0.1386260986328125
v -0.285980224609375 -0.286041259765625 -0.1461944580078125
v -0.285980224609375 -0.286041259765625 -0.1461944580078125
v -0.28643798828125 -0.2611083984375 -0.10932159423828125
v -0.286590576171875 -0.2047271728515625 -0.09458160400390625
v -0.28668212890625 -0.233612060546875 -0.121368408203125
v -0.28680419921875 -0.219879150390625 -0.095062255859375
v -0.286895751953125 -0.2496337890625 -0.09299468994140625
v -0.28692626953125 -0.177490234375 -0.091552734375
v -0.28704833984375 -0.2177581787109375 -0.1179046630859375
v -0.287200927734375 -0.283721923828125 -0.13677978515625
v -0.287445068359375 -0.283294677734375 -0.147216796875
v -0.288116455078125 -0.275604248046875 -0.12677001953125
v -0.288421630859375 -0.2044830322265625 -0.11529541015625
v -0.288543701171875 -0.2380828857421875 -0.09087371826171875
v -0.288818359375 -0.28570556640625 -0.1432342529296875
v -0.288818359375 -0.28570556640625 -0.1432342529296875
v -0.28948974609375 -0.19171142578125 -0.1156768798828125
v -0.28973388671875 -0.265350341796875 -0.11353302001953125
v -0.290130615234375 -0.258209228515625 -0.10465240478515625
v -0.290496826171875 -0.24530029296875 -0.0859832763671875
v -0.290496826171875 -0.28204345703125 -0.1390228271484375
v -0.290496826171875 -0.28204345703125 -0.1390228271484375
v -0.29071044921875 -0.1893310546875 -0.093292236328125
v -0.29119873046875 -0.2405548095703125 -0.10793304443359375
v -0.291748046875 -0.276336669921875 -0.1285247802734375
v -0.291748046875 -0.276336669921875 -0.1285247802734375
v -0.2919921875 -0.2153472900390625 -0.0870208740234375
v -0.2926025390625 -0.172576904296875 -0.1005401611328125
v -0.2926025390625 -0.172576904296875 -0.1005401611328125
v -0.29302978515625 -0.228515625 -0.08463287353515625
v -0.29302978515625 -0.264678955078125 -0.11576080322265625
v -0.29302978515625 -0.264678955078125 -0.11576080322265625
v -0.293243408203125 -0.220428466796875 -0.1058349609375
v -0.29412841796875 -0.20794677734375 -0.1049346923828125
v -0.2952880859375 -0.257568359375 -0.10576629638671875
v -0.2952880859375 -0.257568359375 -0.10576629638671875
v -0.295806884765625 -0.1758270263671875 -0.09552001953125
v -0.296722412109375 -0.214599609375 -0.081878662109375
v -0.297088623046875 -0.2395477294921875 -0.07686614990234375
v -0.297271728515625 -0.2364044189453125 -0.0948638916015625
v -0.29736328125 -0.1766510009765625 -0.09760284423828125
v -0.29736328125 -0.1766510009765625 -0.09760284423828125
v -0.2979736328125 -0.1839599609375 -0.10161590576171875
v -0.298370361328125 -0.183349609375 -0.08690643310546875
v -0.298553466796875 -0.1876220703125 -0.10144805908203125
v -0.2989501953125 -0.249908447265625 -0.095001220703125
v -0.2989501953125 -0.249908447265625 -0.095001220703125
v -0.29901123046875 -0.214080810546875 -0.09603118896484375
v -0.29901123046875 -0.2441864013671875 -0.0936737060546875
v -0.29901123046875 -0.2441864013671875 -0.0936737060546875
v -0.30029296875 -0.20098876953125 -0.0814056396484375
v -0.302581787109375 -0.1900634765625 -0.0826873779296875
v -0.302947998046875 -0.234344482421875 -0.07007598876953125
v -0.3037109375 -0.2433013916015625 -0.08478546142578125
v -0.3037109375 -0.2433013916015625 -0.08478546142578125
v -0.30377197265625 -0.205963134765625 -0.09020233154296875
v -0.304168701171875 -0.19403076171875 -0.09272003173828125
v -0.30548095703125 -0.184478759765625 -0.08826446533203125
v -0.30548095703125 -0.184478759765625 -0.08826446533203125
v -0.305511474609375 -0.2256622314453125 -0.082977294921875
v -0.3055419921875 -0.1821746826171875 -0.0914764404296875
v -0.3055419921875 -0.1821746826171875 -0.0914764404296875
v -0.30841064453125 -0.238189697265625 -0.07701873779296875
v -0.30841064453125 -0.238189697265625 -0.07701873779296875
v -0.3089599609375 -0.201934814453125 -0.08506011962890625
v -0.309051513671875 -0.194427490234375 -0.07517242431640625
v -0.309173583984375 -0.1897735595703125 -0.0874176025390625
v -0.310089111328125 -0.2134857177734375 -0.07997894287109375
v -0.310333251953125 -0.2310028076171875 -0.06729888916015625
v -0.31072998046875 -0.1898651123046875 -0.08409881591796875
v -0.31072998046875 -0.1898651123046875 -0.08409881591796875
v -0.3121337890625 -0.2197723388671875 -0.06505584716796875
v -0.312255859375 -0.205657958984375 -0.06917572021484375
v -0.313751220703125 -0.1963043212890625 -0.08074188232421875
v -0.31396484375 -0.227813720703125 -0.070098876953125
v -0.31396484375 -0.227813720703125 -0.070098876953125
v -0.3155517578125 -0.21014404296875 -0.068115234375
v -0.31597900390625 -0.19970703125 -0.07120513916015625
v -0.31634521484375 -0.22113037109375 -0.0658416748046875
v -0.3170166015625 -0.1973724365234375 -0.07656097412109375
v -0.3170166015625 -0.1973724365234375 -0.07656097412109375
v -0.317291259765625 -0.2189788818359375 -0.068359375
v -0.317291259765625 -0.2189788818359375 -0.068359375
v -0.31805419921875 -0.208709716796875 -0.072235107421875
v -0.31805419921875 -0.208709716796875 -0.072235107421875
v -0.31842041015625 -0.2133331298828125 -0.07033538818359375
v -0.31842041015625 -0.2133331298828125 -0.07033538818359375
vt 0.30419921875 0.18505859375
vt 0.75439453125 0.0615234375
vt 0.353515625 0.7080078125
vt 0.466064453125 0.58056640625
vt 0.7373046875 0.465087890625
vt 0.000244140625 0.52392578125
vt 0.30078125 0.714599609375
vt 0.92626953125 0.0546875
vt 0.380859375 0.466064453125
vt 0.5830078125 0.247802734375
vt 0.9248046875 0.042236328125
vt 0.0107421875 0.0625
vt 0.474853515625 0.97265625
vt 0.923828125 0.039306640625
vt 0.760009765625 0.068603515625
vt 0.30419921875 0.192626953125
vt 0.611572265625 0.2529296875
vt 0.231201171875 0.34033203125
vt 0.245361328125 0.733642578125
vt 0.30322265625 0.714111328125
vt 0.925537109375 0.05126953125
vt 0.342529296875 0.713134765625
vt 0.92578125 0.049560546875
vt 0.648681640625 0.767578125
vt 0.45849609375 0.914306640625
vt 0.076416015625 0.887939453125
vt 0.72314453125 0.025390625
vt 0.306396484375 0.184814453125
vt 0.454833984375 0.901611328125
vt 0.939697265625 0.05859375
vt 0.18798828125 0.641357421875
vt 0.1865234375 0.612060546875
vt 0.1875 0.624267578125
vt 0.46728515625 0.93359375
vt 0.927490234375 0.04052734375
vt 0.643798828125 0.3740234375
vt 0.93115234375 0.05517578125
vt 0.59130859375 0.76708984375
vt 0.298583984375 0.168212890625
vt 0.310791015625 0.174072265625
vt 0.281982421875 0.155517578125
vt 0.334716796875 0.716552734375
vt 0.47705078125 0.96044921875
vt 0.30126953125 0.162109375
vt 0.468994140625 0.92333984375
vt 0.463623046875 0.900390625
vt 0.9443359375 0.06005859375
vt 0.016357421875 0.0810546875
vt 0.28076171875 0.1416015625
vt 0.466552734375 0.583740234375
vt 0.931640625 0.05126953125
vt 0.93017578125 0.04638671875
vt 0.633056640625 0.2568359375
vt 0.924560546875 0.038330078125
vt 0.66845703125 0.271240234375
vt 0.053955078125 0.875244140625
vt 0.40966796875 0.483642578125
vt 0.942138671875 0.054443359375
vt 0.669677734375 0.273681640625
vt 0.1884765625 0.607177734375
vt 0.931884765625 0.041259765625
vt 0.72998046875 0.7744140625
vt 0.37109375 0.460205078125
vt 0.5947265625 0.244384765625
vt 0.1884765625 0.653564453125
vt 0.39013671875 0.4755859375
vt 0.317138671875 0.164306640625
vt 0.478759765625 0.580810546875
vt 0.1884765625 0.658935546875
vt 0.63623046875 0.39794921875
vt 0.31298828125 0.17431640625
vt 0.75341796875 0.77734375
vt 0.400390625 0.47998046875
vt 0.188720703125 0.608154296875
vt 0.475830078125 0.949462890625
vt 0.189453125 0.644287109375
vt 0.189208984375 0.633544921875
vt 0.59130859375 0.555419921875
vt 0.19873046875 0.676513671875
vt 0.20166015625 0.677978515625
vt 0.1953125 0.638427734375
vt 0.201416015625 0.656494140625
vt 0.209716796875 0.649169921875
vt 0.20654296875 0.646240234375
vt 0.2119140625 0.6728515625
vt 0.23583984375 0.448974609375
vt 0.193359375 0.663330078125
vt 0.18896484375 0.62109375
vt 0.21435546875 0.656494140625
vt 0.189697265625 0.65478515625
vt 0.47802734375 0.932373046875
vt 0.670166015625 0.29541015625
vt 0.64599609375 0.542724609375
vt 0.671630859375 0.975830078125
vt 0.7421875 0.438720703125
vt 0.745849609375 0.7763671875
vt 0.190185546875 0.6025390625
vt 0.49365234375 0.578369140625
vt 0.4775390625 0.94091796875
vt 0.6220703125 0.43359375
vt 0.720458984375 0.520751953125
vt 0.02099609375 0.09033203125
vt 0.29296875 0.138916015625
vt 0.73876953125 0.4462890625
vt 0.04443359375 0.891357421875
vt 0.220947265625 0.67431640625
vt 0.321533203125 0.15869140625
vt 0.720458984375 0.519287109375
vt 0.19921875 0.611572265625
vt 0.7392578125 0.77587890625
vt 0.93115234375 0.03857421875
vt 0.049072265625 0.882080078125
vt 0.036865234375 0.906494140625
vt 0.661865234375 0.336669921875
vt 0.76416015625 0.073974609375
vt 0.204345703125 0.62744140625
vt 0.949462890625 0.0537109375
vt 0.321044921875 0.153564453125
vt 0.188720703125 0.664306640625
vt 0.21142578125 0.684814453125
vt 0.4677734375 0.07373046875
vt 0.551513671875 0.566162109375
vt 0.195068359375 0.677490234375
vt 0.19921875 0.6826171875
vt 0.285888671875 0.605712890625
vt 0.4736328125 0.0595703125
vt 0.73876953125 0.046142578125
vt 0.028076171875 0.072998046875
vt 0.204345703125 0.686767578125
vt 0.470703125 0.0654296875
vt 0.207763671875 0.61767578125
vt 0.7548828125 0.779541015625
vt 0.73974609375 0.44091796875
vt 0.511962890625 0.57568359375
vt 0.480224609375 0.920654296875
vt 0.2294921875 0.681884765625
vt 0.444580078125 0.080078125
vt 0.487060546875 0.96435546875
vt 0.214599609375 0.63525390625
vt 0.31982421875 0.721923828125
vt 0.918212890625 0.035888671875
vt 0.474365234375 0.908935546875
vt 0.934326171875 0.0380859375
vt 0.21240234375 0.629150390625
vt 0.234375 0.66357421875
vt 0.027587890625 0.1083984375
vt 0.3095703125 0.142578125
vt 0.358154296875 0.45556640625
vt 0.608642578125 0.24267578125
vt 0.322509765625 0.156494140625
vt 0.19921875 0.609375
vt 0.043701171875 0.114501953125
vt 0.32470703125 0.147216796875
vt 0.1884765625 0.66943359375
vt 0.1640625 0.481201171875
vt 0.476318359375 0.88720703125
vt 0.96240234375 0.055908203125
vt 0.2177734375 0.628173828125
vt 0.459716796875 0.590087890625
vt 0.225341796875 0.642578125
vt 0.93896484375 0.0419921875
vt 0.45751953125 0.065673828125
vt 0.938232421875 0.038818359375
vt 0.441650390625 0.57861328125
vt 0.22412109375 0.634765625
vt 0.463623046875 0.063720703125
vt 0.938232421875 0.048095703125
vt 0.4482421875 0.06884765625
vt 0.19140625 0.674560546875
vt 0.274169921875 0.6015625
vt 0.210205078125 0.617919921875
vt 0.197021484375 0.683349609375
vt 0.2841796875 0.60546875
vt 0.470458984375 0.064208984375
vt 0.03564453125 0.124267578125
vt 0.85546875 0.0625
vt 0.245849609375 0.676513671875
vt 0.421630859375 0.081787109375
vt 0.302490234375 0.083251953125
vt 0.04931640625 0.118408203125
vt 0.30126953125 0.074462890625
vt 0.865966796875 0.071044921875
vt 0.031005859375 0.1259765625
vt 0.1533203125 0.77197265625
vt 0.8515625 0.06005859375
vt 0.041015625 0.1083984375
vt 0.04248046875 0.1201171875
vt 0.863037109375 0.06787109375
vt 0.236328125 0.65185546875
vt 0.491455078125 0.935302734375
vt 0.482421875 0.902587890625
vt 0.435302734375 0.0712890625
vt 0.43798828125 0.06884765625
vt 0.244384765625 0.66357421875
vt 0.674560546875 0.26904296875
vt 0.22998046875 0.639892578125
vt 0.032470703125 0.060546875
vt 0.496826171875 0.9677734375
vt 0.45166015625 0.586669921875
vt 0.233642578125 0.643310546875
vt 0.46337890625 0.590576171875
vt 0.166259765625 0.47900390625
vt 0.86279296875 0.066162109375
vt 0.23876953125 0.647705078125
vt 0.291748046875 0.22802734375
vt 0.857177734375 0.0625
vt 0.488525390625 0.945556640625
vt 0.03466796875 0.099853515625
vt 0.431884765625 0.068359375
vt 0.241943359375 0.650146484375
vt 0.24658203125 0.655517578125
vt 0.657958984375 0.256591796875
vt 0.16796875 0.47900390625
vt 0.298583984375 0.21630859375
vt 0.302978515625 0.0771484375
vt 0.86865234375 0.072265625
vt 0.3486328125 0.451904296875
vt 0.619140625 0.242431640625
vt 0.155029296875 0.7783203125
vt 0.845947265625 0.056640625
vt 0.85205078125 0.05859375
vt 0.043701171875 0.10546875
vt 0.30517578125 0.094482421875
vt 0.22509765625 0.634033203125
vt 0.4541015625 0.065185546875
vt 0.03857421875 0.083251953125
vt 0.4912109375 0.952392578125
vt 0.42626953125 0.06982421875
vt 0.951171875 0.04931640625
vt 0.421630859375 0.072509765625
vt 0.259033203125 0.669921875
vt 0.41064453125 0.07958984375
vt 0.188232421875 0.671630859375
vt 0.27099609375 0.599609375
vt 0.258544921875 0.281005859375
vt 0.2548828125 0.6640625
vt 0.217041015625 0.6240234375
vt 0.744873046875 0.431640625
vt 0.817138671875 0.814453125
vt 0.221923828125 0.424560546875
vt 0.36328125 0.70849609375
vt 0.176025390625 0.47216796875
vt 0.265625 0.677734375
vt 0.409912109375 0.06982421875
vt 0.447265625 0.06689453125
vt 0.93994140625 0.03759765625
vt 0.155029296875 0.77978515625
vt 0.84521484375 0.056396484375
vt 0.956787109375 0.04833984375
vt 0.42529296875 0.576171875
vt 0.768798828125 0.07958984375
vt 0.488525390625 0.893798828125
vt 0.971435546875 0.051025390625
vt 0.436279296875 0.067626953125
vt 0.15185546875 0.77783203125
vt 0.8466796875 0.05126953125
vt 0.94482421875 0.03857421875
vt 0.865234375 0.05224609375
vt 0.487548828125 0.91357421875
vt 0.464111328125 0.062255859375
vt 0.8486328125 0.048828125
vt 0.044677734375 0.1005859375
vt 0.0419921875 0.08203125
vt 0.731201171875 0.039794921875
vt 0.185791015625 0.67529296875
vt 0.271484375 0.59814453125
vt 0.314453125 0.08154296875
vt 0.621826171875 0.444580078125
vt 0.670166015625 0.9521484375
vt 0.944091796875 0.046875
vt 0.3193359375 0.06982421875
vt 0.8740234375 0.05859375
vt 0.30517578125 0.0888671875
vt 0.96435546875 0.048583984375
vt 0.042724609375 0.088623046875
vt 0.6259765625 0.436767578125
vt 0.04248046875 0.075439453125
vt 0.722412109375 0.498046875
vt 0.497802734375 0.939453125
vt 0.355224609375 0.71142578125
vt 0.0439453125 0.0947265625
vt 0.67236328125 0.316650390625
vt 0.853515625 0.04296875
vt 0.25 0.2978515625
vt 0.427978515625 0.067138671875
vt 0.02685546875 0.92138671875
vt 0.18359375 0.460693359375
vt 0.71435546875 0.531982421875
vt 0.27978515625 0.250244140625
vt 0.94775390625 0.04248046875
vt 0.495849609375 0.956787109375
vt 0.67626953125 0.2626953125
vt 0.042236328125 0.065673828125
vt 0.177490234375 0.7822265625
vt 0.24169921875 0.32080078125
vt 0.753662109375 0.067138671875
vt 0.493896484375 0.919189453125
vt 0.04443359375 0.09228515625
vt 0.462646484375 0.06201171875
vt 0.1865234375 0.59033203125
vt 0.184326171875 0.68310546875
vt 0.1943359375 0.78466796875
vt 0.27978515625 0.594970703125
vt 0.258544921875 0.2841796875
vt 0.494140625 0.883544921875
vt 0.973876953125 0.043212890625
vt 0.4951171875 0.906005859375
vt 0.327880859375 0.078369140625
vt 0.88525390625 0.05859375
vt 0.872802734375 0.04150390625
vt 0.0439453125 0.0869140625
vt 0.94921875 0.03857421875
vt 0.4228515625 0.06787109375
vt 0.7119140625 0.546875
vt 0.410400390625 0.068603515625
vt 0.8525390625 0.042236328125
vt 0.177978515625 0.576416015625
vt 0.390380859375 0.709716796875
vt 0.046142578125 0.110595703125
vt 0.330322265625 0.146728515625
vt 0.2490234375 0.655517578125
vt 0.2568359375 0.663818359375
vt 0.387451171875 0.077880859375
vt 0.862548828125 0.033935546875
vt 0.320556640625 0.083984375
vt 0.042724609375 0.059326171875
vt 0.30859375 0.2001953125
vt 0.33544921875 0.447998046875
vt 0.6337890625 0.24267578125
vt 0.94580078125 0.03759765625
vt 0.710205078125 0.560546875
vt 0.18505859375 0.582763671875
vt 0.371826171875 0.716552734375
vt 0.61669921875 0.55712890625
vt 0.498046875 0.8974609375
vt 0.857177734375 0.03759765625
vt 0.0439453125 0.07666015625
vt 0.173095703125 0.56298828125
vt 0.402099609375 0.705322265625
vt 0.884521484375 0.046875
vt 0.162841796875 0.543212890625
vt 0.427001953125 0.69775390625
vt 0.180908203125 0.783935546875
vt 0.30859375 0.094482421875
vt 0.1982421875 0.604248046875
vt 0.22412109375 0.435791015625
vt 0.36962890625 0.705810546875
vt 0.56005859375 0.77783203125
vt 0.235107421875 0.7578125
vt 0.456298828125 0.59814453125
vt 0.0439453125 0.065185546875
vt 0.708984375 0.5712890625
vt 0.499267578125 0.947509765625
vt 0.019775390625 0.935546875
vt 0.193115234375 0.59716796875
vt 0.5908203125 0.217041015625
vt 0.963134765625 0.043212890625
vt 0.1669921875 0.550537109375
vt 0.4169921875 0.701171875
vt 0.160888671875 0.539306640625
vt 0.433349609375 0.69775390625
vt 0.530517578125 0.77587890625
vt 0.5009765625 0.926025390625
vt 0.7353515625 0.4404296875
vt 0.880859375 0.0341796875
vt 0.474853515625 0.591796875
vt 0.866943359375 0.02734375
vt 0.042724609375 0.053466796875
vt 0.50244140625 0.95849609375
vt 0.306884765625 0.09814453125
vt 0.34765625 0.716064453125
vt 0.572021484375 0.777587890625
vt 0.951171875 0.036376953125
vt 0.8623046875 0.031982421875
vt 0.714599609375 0.52001953125
vt 0.543212890625 0.778564453125
vt 0.43212890625 0.59033203125
vt 0.74609375 0.059326171875
vt 0.341064453125 0.075439453125
vt 0.8916015625 0.05126953125
vt 0.67431640625 0.777099609375
vt 0.224365234375 0.771240234375
vt 0.95556640625 0.0439453125
vt 0.20947265625 0.78857421875
vt 0.317138671875 0.09521484375
vt 0.2373046875 0.34228515625
vt 0.251220703125 0.73974609375
vt 0.25390625 0.07568359375
vt 0.19970703125 0.800048828125
vt 0.70263671875 0.641845703125
vt 0.87109375 0.022705078125
vt 0.339111328125 0.72021484375
vt 0.711669921875 0.535888671875
vt 0.7412109375 0.783447265625
vt 0.648193359375 0.77685546875
vt 0.72216796875 0.49560546875
vt 0.97412109375 0.031005859375
vt 0.016357421875 0.941650390625
vt 0.16357421875 0.48828125
vt 0.32421875 0.0927734375
vt 0.328125 0.44580078125
vt 0.642333984375 0.24169921875
vt 0.505859375 0.88818359375
vt 0.976318359375 0.029541015625
vt 0.163818359375 0.78369140625
vt 0.29638671875 0.1162109375
vt 0.219482421875 0.77734375
vt 0.506103515625 0.894775390625
vt 0.505859375 0.90234375
vt 0.737060546875 0.783935546875
vt 0.68408203125 0.778564453125
vt 0.956787109375 0.037109375
vt 0.50634765625 0.908203125
vt 0.5068359375 0.934814453125
vt 0.50732421875 0.915283203125
vt 0.875 0.019775390625
vt 0.328125 0.084716796875
vt 0.217041015625 0.44287109375
vt 0.364501953125 0.709228515625
vt 0.723388671875 0.48486328125
vt 0.80078125 0.870361328125
vt 0.70361328125 0.77978515625
vt 0.322021484375 0.727294921875
vt 0.916259765625 0.033203125
vt 0.189453125 0.45654296875
vt 0.29248046875 0.12353515625
vt 0.732666015625 0.782958984375
vt 0.705078125 0.596435546875
vt 0.5078125 0.939208984375
vt 0.970458984375 0.037841796875
vt 0.71875 0.78125
vt 0.225830078125 0.44140625
vt 0.5068359375 0.88671875
vt 0.9755859375 0.029296875
vt 0.4873046875 0.00341796875
vt 0.8935546875 0.027099609375
vt 0.2490234375 0.743408203125
vt 0.593505859375 0.7763671875
vt 0.5087890625 0.922607421875
vt 0.19384765625 0.8076171875
vt 0.700439453125 0.6298828125
vt 0.35498046875 0.713134765625
vt 0.96142578125 0.03857421875
vt 0.183837890625 0.819580078125
vt 0.700927734375 0.6142578125
vt 0.584228515625 0.778076171875
vt 0.681396484375 0.26220703125
vt 0.046875 0.048583984375
vt 0.505859375 0.951171875
vt 0.7060546875 0.5859375
vt 0.33349609375 0.091064453125
vt 0.9677734375 0.03662109375
vt 0.972412109375 0.03076171875
vt 0.68896484375 0.779541015625
vt 0.64013671875 0.77734375
vt 0.37841796875 0.47900390625
vt 0.04638671875 0.093017578125
vt 0.35595703125 0.073486328125
vt 0.901123046875 0.047119140625
vt 0.507568359375 0.9443359375
vt 0.725341796875 0.471435546875
vt 0.798583984375 0.8681640625
vt 0.879150390625 0.013671875
vt 0.885498046875 0.0048828125
vt 0.92333984375 0.031982421875
vt 0.36962890625 0.070556640625
vt 0.470703125 0.0087890625
vt 0.903076171875 0.037109375
vt 0.45068359375 0.600830078125
vt 0.628662109375 0.77734375
vt 0.74267578125 0.056396484375
vt 0.4951171875 0.021728515625
vt 0.8916015625 0.00048828125
vt 0.968017578125 0.033935546875
vt 0.613525390625 0.77734375
vt 0.883056640625 0.00830078125
vt 0.751708984375 0.7861328125
vt 0.3349609375 0.722900390625
vt 0.964111328125 0.0341796875
vt 0.80517578125 0.808837890625
vt 0.176025390625 0.47705078125
vt 0.47607421875 0.010009765625
vt 0.906494140625 0.03271484375
vt 0.259033203125 0.6630859375
vt 0.3984375 0.041015625
vt 0.211669921875 0.612548828125
vt 0.970703125 0.031494140625
vt 0.508056640625 0.885498046875
vt 0.974609375 0.0283203125
vt 0.496337890625 0.011474609375
vt 0.896728515625 0.009033203125
vt 0.5078125 0.89990234375
vt 0.509033203125 0.913818359375
vt 0.22216796875 0.439208984375
vt 0.3681640625 0.70751953125
vt 0.50927734375 0.9326171875
vt 0.165771484375 0.4873046875
vt 0.365966796875 0.073974609375
vt 0.966064453125 0.034423828125
vt 0.220703125 0.62158203125
vt 0.27197265625 0.67236328125
vt 0.408447265625 0.061767578125
vt 0.48876953125 0.015625
vt 0.48046875 0.01220703125
vt 0.3466796875 0.087158203125
vt 0.35107421875 0.0830078125
vt 0.317138671875 0.4423828125
vt 0.65478515625 0.2431640625
vt 0.91943359375 0.031005859375
vt 0.36279296875 0.079345703125
vt 0.73095703125 0.445068359375
vt 0.8193359375 0.839111328125
vt 0.924072265625 0.03173828125
vt 0.565673828125 0.57373046875
vt 0.225341796875 0.62744140625
vt 0.53564453125 0.581298828125
vt 0.23583984375 0.638671875
vt 0.24365234375 0.645751953125
vt 0.230712890625 0.6337890625
vt 0.2412109375 0.643798828125
vt 0.180419921875 0.4736328125
vt 0.249267578125 0.6513671875
vt 0.254638671875 0.65673828125
vt 0.3525390625 0.0869140625
vt 0.25732421875 0.659912109375
vt 0.3662109375 0.07666015625
vt 0.43798828125 0.59716796875
vt 0.283447265625 0.609375
vt 0.47265625 0.044677734375
vt 0.22607421875 0.456298828125
vt 0.221435546875 0.619384765625
vt 0.152587890625 0.783447265625
vt 0.83837890625 0.0537109375
vt 0.242919921875 0.63720703125
vt 0.212890625 0.61181640625
vt 0.359619140625 0.08447265625
vt 0.738037109375 0.052001953125
vt 0.2333984375 0.6279296875
vt 0.25048828125 0.644775390625
vt 0.20751953125 0.60791015625
vt 0.487548828125 0.016845703125
vt 0.465087890625 0.05712890625
vt 0.36474609375 0.078857421875
vt 0.285888671875 0.4375
vt 0.68212890625 0.257568359375
vt 0.460693359375 0.059326171875
vt 0.369384765625 0.07373046875
vt 0.468994140625 0.009521484375
vt 0.444580078125 0.06103515625
vt 0.265625 0.6640625
vt 0.405029296875 0.046630859375
vt 0.271240234375 0.666748046875
vt 0.406005859375 0.052734375
vt 0.047607421875 0.0703125
vt 0.046875 0.0595703125
vt 0.64111328125 0.417724609375
vt 0.409423828125 0.06005859375
vt 0.427490234375 0.064697265625
vt 0.04833984375 0.101806640625
vt 0.70654296875 0.55615234375
vt 0.51123046875 0.9375
vt 0.202880859375 0.6025390625
vt 0.22119140625 0.446533203125
vt 0.04833984375 0.051025390625
vt 0.407958984375 0.053955078125
vt 0.259765625 0.650146484375
vt 0.6328125 0.43701171875
vt 0.048583984375 0.09375
vt 0.418701171875 0.061767578125
vt 0.048583984375 0.090576171875
vt 0.197021484375 0.5986328125
vt 0.229736328125 0.615234375
vt 0.955810546875 0.033935546875
vt 0.2236328125 0.604248046875
vt 0.435302734375 0.060791015625
vt 0.2646484375 0.598876953125
vt 0.51123046875 0.9296875
vt 0.303955078125 0.437744140625
vt 0.667724609375 0.24658203125
vt 0.509765625 0.946044921875
vt 0.48046875 0.013916015625
vt 0.67333984375 0.335693359375
vt 0.04833984375 0.081298828125
vt 0.05322265625 0.10546875
vt 0.21142578125 0.59765625
vt 0.684326171875 0.284423828125
vt 0.203125 0.596923828125
vt 0.516845703125 0.93359375
vt 0.2724609375 0.6044921875
vt 0.7021484375 0.592041015625
vt 0.224365234375 0.599609375
vt 0.231201171875 0.469970703125
vt 0.285400390625 0.998779296875
vt 0.10546875 0.82177734375
vt 0.216552734375 0.44384765625
vt 0.365234375 0.710693359375
vt 0.2734375 0.653076171875
vt 0.418212890625 0.045166015625
vt 0.053466796875 0.090576171875
vt 0.865966796875 0.0234375
vt 0.049072265625 0.047119140625
vt 0.5078125 0.950927734375
vt 0.05078125 0.085205078125
vt 0.23095703125 0.600830078125
vt 0.8720703125 0.017822265625
vt 0.257080078125 0.64013671875
vt 0.343505859375 0.459228515625
vt 0.511474609375 0.924072265625
vt 0.665771484375 0.3583984375
vt 0.494384765625 0.026123046875
vt 0.71044921875 0.5185546875
vt 0.883544921875 0.00341796875
vt 0.048828125 0.070068359375
vt 0.43310546875 0.05810546875
vt 0.961669921875 0.0322265625
vt 0.277587890625 0.607666015625
vt 0.068115234375 0.871337890625
vt 0.07958984375 0.39892578125
vt 0.284912109375 0.99609375
vt 0.71484375 0.02587890625
vt 0.4658203125 0.052978515625
vt 0.46875 0.046875
vt 0.478515625 0.013427734375
vt 0.849853515625 0.0380859375
vt 0.4423828125 0.059326171875
vt 0.297607421875 0.120849609375
vt 0.793701171875 0.42138671875
vt 0.330078125 0.16357421875
vt 0.458984375 0.057861328125
vt 0.446533203125 0.60693359375
vt 0.239501953125 0.6015625
vt 0.96826171875 0.030517578125
vt 0.239013671875 0.60888671875
vt 0.970947265625 0.0263671875
vt 0.714599609375 0.497314453125
vt 0.795654296875 0.8740234375
vt 0.519287109375 0.9404296875
vt 0.054931640625 0.11083984375
vt 0.33642578125 0.15234375
vt 0.4638671875 0.056396484375
vt 0.258544921875 0.6005859375
vt 0.453369140625 0.057861328125
vt 0.248046875 0.602783203125
vt 0.0498046875 0.053955078125
vt 0.048828125 0.060302734375
vt 0.51171875 0.887451171875
vt 0.974365234375 0.0244140625
vt 0.190185546875 0.458740234375
vt 0.29443359375 0.12548828125
vt 0.05078125 0.07080078125
vt 0.2529296875 0.601318359375
vt 0.878662109375 0.0087890625
vt 0.443359375 0.603759765625
vt 0.843994140625 0.046142578125
vt 0.0654296875 0.102294921875
vt 0.34716796875 0.16015625
vt 0.31005859375 0.1005859375
vt 0.32421875 0.09619140625
vt 0.248291015625 0.619384765625
vt 0.3349609375 0.1552734375
vt 0.3173828125 0.0986328125
vt 0.28125 0.60986328125
vt 0.47021484375 0.042236328125
vt 0.511962890625 0.91455078125
vt 0.258056640625 0.6025390625
vt 0.4658203125 0.05029296875
vt 0.17041015625 0.4853515625
vt 0.9501953125 0.03369140625
vt 0.3291015625 0.0947265625
vt 0.963134765625 0.03125
vt 0.861083984375 0.02734375
vt 0.372802734375 0.07568359375
vt 0.469970703125 0.01123046875
vt 0.855712890625 0.0322265625
vt 0.8759765625 0.012451171875
vt 0.870361328125 0.016845703125
vt 0.277099609375 0.635009765625
vt 0.439453125 0.040771484375
vt 0.270751953125 0.607666015625
vt 0.943603515625 0.031982421875
vt 0.266845703125 0.612060546875
vt 0.865478515625 0.021728515625
vt 0.530029296875 0.9345703125
vt 0.283447265625 0.6123046875
vt 0.466064453125 0.043701171875
vt 0.053955078125 0.061767578125
vt 0.28369140625 0.61669921875
vt 0.458984375 0.04052734375
vt 0.878173828125 0.00732421875
vt 0.51171875 0.899169921875
vt 0.849365234375 0.03662109375
vt 0.246826171875 0.60009765625
vt 0.511962890625 0.90576171875
vt 0.51318359375 0.88720703125
vt 0.974609375 0.02392578125
vt 0.2724609375 0.62353515625
vt 0.337158203125 0.09326171875
vt 0.27685546875 0.61181640625
vt 0.95654296875 0.03125
vt 0.882568359375 0.0029296875
vt 0.51904296875 0.916259765625
vt 0.960693359375 0.027587890625
vt 0.842041015625 0.04541015625
vt 0.721435546875 0.03466796875
vt 0.730712890625 0.43798828125
vt 0.818115234375 0.82861328125
vt 0.838134765625 0.050537109375
vt 0.3310546875 0.0986328125
vt 0.332763671875 0.16357421875
vt 0.96533203125 0.03076171875
vt 0.51611328125 0.890380859375
vt 0.9716796875 0.024169921875
vt 0.3291015625 0.169921875
vt 0.342041015625 0.091552734375
vt 0.950439453125 0.032958984375
vt 0.49169921875 0.023193359375
vt 0.072021484375 0.10205078125
vt 0.348388671875 0.1708984375
vt 0.95361328125 0.02392578125
vt 0.4814453125 0.01611328125
vt 0.36669921875 0.080322265625
vt 0.96923828125 0.026123046875
vt 0.32666015625 0.17724609375
vt 0.23876953125 0.600341796875
vt 0.967529296875 0.029052734375
vt 0.04638671875 0.869140625
vt 0.402587890625 0.498046875
vt 0.723876953125 0.03759765625
vt 0.938232421875 0.03125
vt 0.534423828125 0.93505859375
vt 0.058349609375 0.044921875
vt 0.51611328125 0.95458984375
vt 0.071044921875 0.093994140625
vt 0.35693359375 0.169677734375
vt 0.497314453125 0.03564453125
vt 0.88330078125 0
vt 0.0107421875 0.93994140625
vt 0.1669921875 0.491943359375
vt 0.146484375 0.78564453125
vt 0.835693359375 0.0478515625
vt 0.29541015625 0.44140625
vt 0.466064453125 0.603515625
vt 0.9453125 0.024169921875
vt 0.94580078125 0.0205078125
vt 0.355224609375 0.089599609375
vt 0.331787109375 0.1689453125
vt 0.6787109375 0.7841796875
vt 0.526611328125 0.885009765625
vt 0.968017578125 0.01416015625
vt 0.729248046875 0.04443359375
vt 0.935302734375 0.031005859375
vt 0.94384765625 0.0302734375
vt 0.480224609375 0.03271484375
vt 0.86865234375 0.000244140625
vt 0.0634765625 0.0791015625
vt 0.52197265625 0.908447265625
vt 0.958984375 0.020751953125
vt 0.362060546875 0.086181640625
vt 0.96142578125 0.015380859375
vt 0.931640625 0.030029296875
vt 0.375 0.08056640625
vt 0.4677734375 0.01123046875
vt 0.474853515625 0.013916015625
vt 0.78173828125 0.8046875
vt 0.4912109375 0.02490234375
vt 0.478271484375 0.015869140625
vt 0.65625 0.390380859375
vt 0.355224609375 0.099609375
vt 0.449462890625 0.020263671875
vt 0.832275390625 0.0078125
vt 0.3701171875 0.079833984375
vt 0.377197265625 0.082763671875
vt 0.468017578125 0.014404296875
vt 0.662841796875 0.374267578125
vt 0.47119140625 0.01806640625
vt 0.302734375 0.442626953125
vt 0.466064453125 0.031005859375
vt 0.8564453125 0.005859375
vt 0.474853515625 0.027099609375
vt 0.36669921875 0.08251953125
vt 0.364501953125 0.0986328125
vt 0.45458984375 0.012451171875
vt 0.83544921875 0.004638671875
vt 0.312744140625 0.1025390625
vt 0.769287109375 0.4150390625
vt 0.482421875 0.018798828125
vt 0.135009765625 0.785400390625
vt 0.830078125 0.041259765625
vt 0.336669921875 0.10107421875
vt 0.449462890625 0.009033203125
vt 0.755615234375 0.427978515625
vt 0.822021484375 0.01611328125
vt 0.4541015625 0.03271484375
vt 0.847412109375 0.013427734375
vt 0.6845703125 0.313720703125
vt 0.327880859375 0.178955078125
vt 0.32177734375 0.10205078125
vt 0.763671875 0.418212890625
vt 0.7587890625 0.794677734375
vt 0.321044921875 0.19384765625
vt 0.9384765625 0.02978515625
vt 0.324462890625 0.1865234375
vt 0.9384765625 0.01611328125
vt 0.534423828125 0.921875
vt 0.3583984375 0.7158203125
vt 0.428466796875 0.013916015625
vt 0.8388671875 0.021240234375
vt 0.037353515625 0.880126953125
vt 0.532958984375 0.898681640625
vt 0.96728515625 0.007568359375
vt 0.34619140625 0.7216796875
vt 0.951416015625 0.0146484375
vt 0.704833984375 0.526123046875
vt 0.369873046875 0.480224609375
vt 0.7392578125 0.4169921875
vt 0.83251953125 0.029052734375
vt 0.76123046875 0.412841796875
vt 0.740966796875 0.7919921875
vt 0.54443359375 0.93505859375
vt 0.119384765625 0.783203125
vt 0.75048828125 0.41162109375
vt 0.82177734375 0.033447265625
vt 0.541259765625 0.89208984375
vt 0.9599609375 0.009521484375
vt 0.128662109375 0.7841796875
vt 0.826171875 0.037841796875
vt 0.1728515625 0.48583984375
vt 0.34326171875 0.185791015625
vt 0.309326171875 0.1044921875
vt 0.775390625 0.415771484375
vt 0.54638671875 0.9287109375
vt 0.933837890625 0.028076171875
vt 0.934326171875 0.015869140625
vt 0.429931640625 0.706787109375
vt 0.94775390625 0.010986328125
vt 0.689697265625 0.295166015625
vt 0.302978515625 0.1162109375
vt 0.78759765625 0.4169921875
vt 0.591064453125 0.784912109375
vt 0.32470703125 0.191162109375
vt 0.535888671875 0.9111328125
vt 0.93212890625 0.028564453125
vt 0.67041015625 0.359619140625
vt 0.607666015625 0.5732421875
vt 0.5390625 0.94775390625
vt 0.3125 0.103759765625
vt 0.76953125 0.413818359375
vt 0.298828125 0.24169921875
vt 0.938720703125 0.01220703125
vt 0.217041015625 0.7919921875
vt 0.079345703125 0.08251953125
vt 0.3642578125 0.189453125
vt 0.752197265625 0.073486328125
vt 0.2822265625 0.26953125
vt 0.337646484375 0.199462890625
vt 0.3095703125 0.2255859375
vt 0.29248046875 0.251953125
vt 0.75830078125 0.411376953125
vt 0.927490234375 0.02783203125
vt 0.530517578125 0.957763671875
vt 0.278076171875 0.27734375
vt 0.314208984375 0.210693359375
vt 0.27587890625 0.28125
vt 0.931396484375 0.017578125
vt 0.355712890625 0.20068359375
vt 0.34765625 0.197998046875
vt 0.31884765625 0.20166015625
vt 0.924560546875 0.026611328125
vt 0.751953125 0.794921875
vt 0.930419921875 0.0146484375
vt 0.328369140625 0.201171875
vt 0.270751953125 0.288330078125
vt 0.209716796875 0.593994140625
vt 0.608642578125 0.217529296875
vt 0.927490234375 0.025390625
vt 0.076416015625 0.065673828125
vt 0.557861328125 0.930908203125
vt 0.315673828125 0.212890625
vt 0.75341796875 0.795654296875
vt 0.1923828125 0.462646484375
vt 0.29541015625 0.129638671875
vt 0.801025390625 0.41845703125
vt 0.486572265625 0.605224609375
vt 0.2783203125 0.28173828125
vt 0.55224609375 0.9072265625
vt 0.9501953125 0.00048828125
vt 0.179931640625 0.482666015625
vt 0.826416015625 0.433837890625
vt 0.245849609375 0.760498046875
vt 0.2841796875 0.272216796875
vt 0.31298828125 0.222412109375
vt 0.283935546875 0.288818359375
vt 0.305908203125 0.236328125
vt 0.56884765625 0.90087890625
vt 0.938232421875 0.005615234375
vt 0.334228515625 0.211181640625
vt 0.287841796875 0.263916015625
vt 0.07763671875 0.052490234375
vt 0.533203125 0.969482421875
vt 0.92431640625 0.015625
vt 0.677978515625 0.345703125
vt 0.311279296875 0.230712890625
vt 0.119384765625 0.785400390625
vt 0.750732421875 0.4091796875
vt 0.92431640625 0.012451171875
vt 0.30712890625 0.237060546875
vt 0.5537109375 0.91748046875
vt 0.923828125 0.02490234375
vt 0.295654296875 0.251220703125
vt 0.63916015625 0.445556640625
vt 0.673583984375 0.940673828125
vt 0.5927734375 0.787353515625
vt 0.923828125 0.019775390625
vt 0.299560546875 0.24462890625
vt 0.382080078125 0.49560546875
vt 0.58349609375 0.788818359375
vt 0.30078125 0.289794921875
vt 0.300537109375 0.2734375
vt 0.69677734375 0.579345703125
vt 0.186279296875 0.4775390625
vt 0.81640625 0.427978515625
vt 0.578369140625 0.90576171875
vt 0.930419921875 0.006591796875
vt 0.923828125 0.008544921875
vt 0.73291015625 0.052490234375
vt 0.302490234375 0.253662109375
vt 0.458984375 0.61181640625
vt 0.677490234375 0.789306640625
vt 0.570556640625 0.91162109375
vt 0.93115234375 0.00146484375
vt 0.010009765625 0.931640625
vt 0.84326171875 0.45068359375
vt 0.32568359375 0.231689453125
vt 0.360595703125 0.22021484375
vt 0.55419921875 0.94921875
vt 0.519775390625 0.598388671875
vt 0.646728515625 0.46142578125
vt 0.69189453125 0.958740234375
vt 0.71484375 0.490234375
vt 0.790283203125 0.869384765625
vt 0.30712890625 0.289794921875
vt 0.3564453125 0.220458984375
vt 0.2822265625 0.2900390625
vt 0.31298828125 0.278076171875
vt 0.92333984375 0.013427734375
vt 0.565673828125 0.92626953125
vt 0.923095703125 0.017333984375
vt 0.5712890625 0.932373046875
vt 0.3388671875 0.727783203125
vt 0.58203125 0.91552734375
vt 0.827392578125 0.53271484375
vt 0.923095703125 0.003173828125
vt 0.3173828125 0.288330078125
vt 0.583251953125 0.919921875
vt 0.824951171875 0.536865234375
vt 0.19580078125 0.8212890625
vt 0.69384765625 0.621826171875
vt 0.582275390625 0.923828125
vt 0.26953125 0.29052734375
vt 0.349609375 0.231201171875
vt 0.6572265625 0.568115234375
vt 0.695556640625 0.968017578125
vt 0.139404296875 0.789794921875
vt 0.322021484375 0.25537109375
vt 0.300048828125 0.291015625
vt 0.34326171875 0.236328125
vt 0.2822265625 0.447509765625
vt 0.580322265625 0.9296875
vt 0.547119140625 0.96484375
vt 0.090087890625 0.0615234375
vt 0.377197265625 0.218505859375
vt 0.33154296875 0.286376953125
vt 0.69580078125 0.791748046875
vt 0.58203125 0.93310546875
vt 0.8271484375 0.556884765625
vt 0.70263671875 0.515869140625
vt 0.682373046875 0.340576171875
vt 0.334716796875 0.2685546875
vt 0.175537109375 0.7939453125
vt 0.238525390625 0.596923828125
vt 0.63232421875 0.2294921875
vt 0.365478515625 0.231689453125
vt 0.43017578125 0.624755859375
vt 0.762939453125 0.0927734375
vt 0.659423828125 0.79052734375
vt 0.343994140625 0.25
vt 0.278564453125 0.4482421875
vt 0.703857421875 0.259765625
vt 0.0859375 0.806884765625
vt 0.342529296875 0.2861328125
vt 0.791015625 0.81494140625
vt 0.31640625 0.2900390625
vt 0.809326171875 0.8310546875
vt 0.2138671875 0.45263671875
vt 0.583740234375 0.926513671875
vt 0.826416015625 0.54638671875
vt 0.718994140625 0.472412109375
vt 0.7900390625 0.861083984375
vt 0.564697265625 0.94921875
vt 0.5830078125 0.93896484375
vt 0.825927734375 0.564453125
vt 0.08837890625 0.796875
vt 0.327392578125 0.287841796875
vt 0.645263671875 0.571533203125
vt 0.083740234375 0.812255859375
vt 0.347900390625 0.28271484375
vt 0.348388671875 0.2734375
vt 0.110107421875 0.83056640625
vt 0.35595703125 0.25
vt 0.11279296875 0.843017578125
vt 0.36474609375 0.239013671875
vt 0.560546875 0.95947265625
vt 0.06103515625 0.864501953125
vt 0.583740234375 0.946044921875
vt 0.824951171875 0.57275390625
vt 0.053466796875 0.39208984375
vt 0.71826171875 0.036865234375
vt 0.440185546875 0.70947265625
vt 0.533447265625 0.791748046875
vt 0.72119140625 0.458251953125
vt 0.7998046875 0.855712890625
vt 0.082275390625 0.81884765625
vt 0.3544921875 0.2802734375
vt 0.2470703125 0.10595703125
vt 0.249755859375 0.326904296875
vt 0.55078125 0.594482421875
vt 0.798828125 0.851806640625
vt 0.09619140625 0.05029296875
vt 0.107177734375 0.85986328125
vt 0.385986328125 0.233642578125
vt 0.5537109375 0.97265625
vt 0.763916015625 0.80517578125
vt 0.093505859375 0.839599609375
vt 0.10498046875 0.853759765625
vt 0.09912109375 0.86181640625
vt 0.556640625 0.967529296875
vt 0.077392578125 0.828369140625
vt 0.2431640625 0.076904296875
vt 0.26123046875 0.748291015625
vt 0.192138671875 0.829345703125
vt 0.689453125 0.609130859375
vt 0.08984375 0.859619140625
vt 0.567626953125 0.965087890625
vt 0.17529296875 0.489990234375
vt 0.837646484375 0.4345703125
vt 0.080322265625 0.847900390625
vt 0.0654296875 0.856201171875
vt 0.584716796875 0.9560546875
vt 0.710693359375 0.794677734375
vt 0.073486328125 0.83740234375
vt 0.80029296875 0.822265625
vt 0.0673828125 0.8525390625
vt 0.071044921875 0.8427734375
vt 0.011474609375 0.91943359375
vt 0.85009765625 0.45947265625
vt 0.35888671875 0.7197265625
vt 0.650146484375 0.429443359375
vt 0.617431640625 0.580810546875
vt 0.36328125 0.71875
vt 0.0419921875 0.857666015625
vt 0.390869140625 0.510986328125
vt 0.734375 0.0576171875
vt 0.08935546875 0.385009765625
vt 0.222412109375 0.476806640625
vt 0.291748046875 1
vt 0.803955078125 0.83984375
vt 0.1328125 0.791259765625
vt 0.105224609375 0.803466796875
vt 0.208251953125 0.455322265625
vt 0.568359375 0.592529296875
vt 0.696044921875 0.53515625
vt 0.78662109375 0.86767578125
vt 0.186767578125 0.482421875
vt 0.820556640625 0.42626953125
vt 0.069091796875 0.84326171875
vt 0.107421875 0.804443359375
vt 0.367431640625 0.718994140625
vt 0.594482421875 0.587158203125
vt 0.70947265625 0.48828125
vt 0.786865234375 0.868408203125
vt 0.004150390625 0.93798828125
vt 0.1708984375 0.49853515625
vt 0.844482421875 0.440673828125
vt 0.69580078125 0.315673828125
vt 0.013671875 0.91064453125
vt 0.855224609375 0.473388671875
vt 0.5869140625 0.5888671875
vt 0.8076171875 0.41552734375
vt 0.57958984375 0.592041015625
vt 0.64453125 0.794189453125
vt 0.798095703125 0.823486328125
vt 0.183349609375 0.57080078125
vt 0.384521484375 0.728759765625
vt 0.756103515625 0.0849609375
vt 0.831298828125 0.562744140625
vt 0.648193359375 0.4462890625
vt 0.70849609375 0.93115234375
vt 0.78515625 0.8623046875
vt 0.175048828125 0.494384765625
vt 0.84130859375 0.435791015625
vt 0.33740234375 0.47607421875
vt 0.01611328125 0.901611328125
vt 0.861572265625 0.47900390625
vt 0.21142578125 0.46337890625
vt 0.341796875 0.731201171875
vt 0.059814453125 0.856201171875
vt 0.8291015625 0.583251953125
vt 0.7509765625 0.805908203125
vt 0.571533203125 0.597412109375
vt 0.23779296875 0.783447265625
vt 0.2421875 0.111328125
vt 0.254638671875 0.322265625
vt 0.796875 0.41064453125
vt 0.15576171875 0.798583984375
vt 0.68896484375 0.568115234375
vt 0.355712890625 0.724609375
vt 0.40380859375 0.7275390625
vt 0.251953125 0.59375
vt 0.64697265625 0.23095703125
vt 0.0185546875 0.894775390625
vt 0.862548828125 0.48828125
vt 0.91845703125 0.022705078125
vt 0.212646484375 0.813720703125
vt 0.1220703125 0.792724609375
vt 0.74853515625 0.40087890625
vt 0.787841796875 0.85693359375
vt 0.839111328125 0.430419921875
vt 0.07177734375 0.383056640625
vt 0.710205078125 0.032958984375
vt 0.262939453125 0.592529296875
vt 0.688720703125 0.560791015625
vt 0.7314453125 0.804443359375
vt 0.57080078125 0.800048828125
vt 0.20458984375 0.46337890625
vt 0.697021484375 0.50537109375
vt 0.7890625 0.87548828125
vt 0.7392578125 0.067626953125
vt 0.548583984375 0.800048828125
vt 0.590087890625 0.798583984375
vt 0.831298828125 0.427490234375
vt 0.673828125 0.3916015625
vt 0.188232421875 0.803466796875
vt 0.281982421875 0.585693359375
vt 0.6796875 0.247314453125
vt 0.733154296875 0.804931640625
vt 0.44287109375 0.623291015625
vt 0.706298828125 0.80224609375
vt 0.59765625 0.799560546875
vt 0.021484375 0.882568359375
vt 0.870849609375 0.500244140625
vt 0.70654296875 0.297607421875
vt 0.836181640625 0.54443359375
vt 0.023681640625 0.877685546875
vt 0.87158203125 0.502685546875
vt 0.75244140625 0.81005859375
vt 0.66748046875 0.801025390625
vt 0.43798828125 0.6240234375
vt 0.78173828125 0.864990234375
vt 0.480712890625 0.625244140625
vt 0.58349609375 0.80224609375
vt 0.2958984375 0.46240234375
vt 0.275634765625 0.300048828125
vt 0.02978515625 0.865966796875
vt 0.39599609375 0.5322265625
vt 0.87744140625 0.515380859375
vt 0.684326171875 0.58056640625
vt 0.78369140625 0.85693359375
vt 0.9169921875 0.009033203125
vt 0.206787109375 0.588134765625
vt 0.6083984375 0.203125
vt 0.917236328125 0.017822265625
vt 0.712646484375 0.269287109375
vt 0.1962890625 0.580810546875
vt 0.373291015625 0.739501953125
vt 0.59033203125 0.191650390625
vt 0.8525390625 0.45263671875
vt 0.6513671875 0.459228515625
vt 0.71240234375 0.93994140625
vt 0.650634765625 0.58642578125
vt 0.715087890625 0.980224609375
vt 0.53857421875 0.61376953125
vt 0.654296875 0.45068359375
vt 0.717041015625 0.92919921875
vt 0.2646484375 0.307861328125
vt 0.79833984375 0.83740234375
vt 0.072509765625 0.813232421875
vt 0.437744140625 0.643310546875
vt 0.314208984375 0.470947265625
vt 0.06640625 0.8291015625
vt 0.657470703125 0.44140625
vt 0.38427734375 0.51953125
vt 0.7978515625 0.83837890625
vt 0.740478515625 0.072021484375
vt 0.76953125 0.823486328125
vt 0.451416015625 0.62939453125
vt 0.2353515625 0.794189453125
vt 0.916748046875 0.013671875
vt 0.235107421875 0.0849609375
vt 0.31982421875 0.4755859375
vt 0.104736328125 0.790283203125
vt 0.1982421875 0.46533203125
vt 0.794189453125 0.846923828125
vt 0.28759765625 0.4638671875
vt 0.277587890625 0.4677734375
vt 0.714599609375 0.268310546875
vt 0.71240234375 0.274169921875
vt 0.815185546875 0.412109375
vt 0.36572265625 0.50146484375
vt 0.684814453125 0.804931640625
vt 0.521484375 0.619873046875
vt 0.36279296875 0.72509765625
vt 0.27587890625 0.5859375
vt 0.6748046875 0.240478515625
vt 0.42041015625 0.728759765625
vt 0.8564453125 0.46142578125
vt 0.848876953125 0.435302734375
vt 0.11181640625 0.793701171875
vt 0.36669921875 0.724609375
vt 0.778564453125 0.86474609375
vt 0.77978515625 0.8564453125
vt 0.292724609375 0.30078125
vt 0.331787109375 0.484130859375
vt 0.345458984375 0.490234375
vt 0.302490234375 0.47265625
vt 0.611328125 0.804931640625
vt 0.671630859375 0.41552734375
vt 0.221435546875 0.585205078125
vt 0.624755859375 0.209716796875
vt 0.37158203125 0.50927734375
vt 0.843017578125 0.426025390625
vt 0.42333984375 0.666259765625
vt 0.751708984375 0.090087890625
vt 0.361083984375 0.726806640625
vt 0.85205078125 0.441650390625
vt 0.192138671875 0.85107421875
vt 0.67919921875 0.590576171875
vt 0.689697265625 0.512451171875
vt 0.169677734375 0.805419921875
vt 0.691650390625 0.8076171875
vt 0.809814453125 0.406494140625
vt 0.78759765625 0.403076171875
vt 0.452880859375 0.635498046875
vt 0.741943359375 0.076416015625
vt 0.10693359375 0.787353515625
vt 0.7744140625 0.400634765625
vt 0.340087890625 0.737548828125
vt 0.327880859375 0.74267578125
vt 0.908935546875 0.026123046875
vt 0.48974609375 0.632080078125
vt 0.357177734375 0.5
vt 0.141845703125 0.80419921875
vt 0.20654296875 0.833251953125
vt 0.682373046875 0.546875
vt 0.853271484375 0.44091796875
vt 0.63427734375 0.807373046875
vt 0.658447265625 0.807861328125
vt 0.69140625 0.372314453125
vt 0.345703125 0.495849609375
vt 0.81201171875 0.40625
vt 0.853515625 0.435302734375
vt 0.764892578125 0.3974609375
vt 0.46240234375 0.634033203125
vt 0.91259765625 0.02294921875
vt 0.43603515625 0.728515625
vt 0.783203125 0.85205078125
vt 0.8486328125 0.427490234375
vt 0.34814453125 0.736083984375
vt 0.048583984375 0.85400390625
vt 0.840576171875 0.57958984375
vt 0.744140625 0.08056640625
vt 0.777099609375 0.85400390625
vt 0.70068359375 0.35107421875
vt 0.317138671875 0.48876953125
vt 0.771728515625 0.861328125
vt 0.846923828125 0.4228515625
vt 0.353515625 0.734130859375
vt 0.1220703125 0.801513671875
vt 0.749267578125 0.392333984375
vt 0.105712890625 0.779296875
vt 0.196044921875 0.470947265625
vt 0.27685546875 0.479736328125
vt 0.72119140625 0.28076171875
vt 0.28564453125 0.478271484375
vt 0.7802734375 0.869873046875
vt 0.849365234375 0.52978515625
vt 0.912109375 0.004638671875
vt 0.747314453125 0.819580078125
vt 0.467529296875 0.63671875
vt 0.822998046875 0.41162109375
vt 0.85595703125 0.448974609375
vt 0.673828125 0.42626953125
vt 0.2060546875 0.483642578125
vt 0.360595703125 0.507568359375
vt 0.261962890625 0.587890625
vt 0.663330078125 0.227783203125
vt 0.836181640625 0.420166015625
vt 0.683349609375 0.516845703125
vt 0.78466796875 0.881103515625
vt 0.4462890625 0.6767578125
vt 0.7451171875 0.086669921875
vt 0.758056640625 0.828125
vt 0.0791015625 0.368408203125
vt 0.733154296875 0.816162109375
vt 0.2421875 0.58349609375
vt 0.641845703125 0.21435546875
vt 0.784912109375 0.84619140625
vt 0.6142578125 0.6083984375
vt 0.044921875 0.3720703125
vt 0.712158203125 0.044921875
vt 0.453125 0.652099609375
vt 0.682861328125 0.40673828125
vt 0.846923828125 0.4208984375
vt 0.348388671875 0.738037109375
vt 0.85791015625 0.4541015625
vt 0.44970703125 0.72802734375
vt 0.53857421875 0.8134765625
vt 0.789306640625 0.837890625
vt 0.7890625 0.84375
vt 0.845458984375 0.572998046875
vt 0.59033203125 0.8125
vt 0.22802734375 0.13037109375
vt 0.267578125 0.3154296875
vt 0.072509765625 0.783935546875
vt 0.3212890625 0.30419921875
vt 0.21240234375 0.833984375
vt 0.473388671875 0.699951171875
vt 0.7392578125 0.077880859375
vt 0.791259765625 0.399169921875
vt 0.853515625 0.424072265625
vt 0.87451171875 0.499755859375
vt 0.684326171875 0.508544921875
vt 0.783203125 0.87646484375
vt 0.13037109375 0.806640625
vt 0.679931640625 0.526123046875
vt 0.106201171875 0.771484375
vt 0.861083984375 0.4599609375
vt 0.345458984375 0.739013671875
vt 0.859130859375 0.4306640625
vt 0.1123046875 0.779541015625
vt 0.367431640625 0.7294921875
vt 0.717529296875 0.319580078125
vt 0.666259765625 0.454345703125
vt 0.697998046875 0.81591796875
vt 0.10546875 0.76953125
vt 0.5595703125 0.815185546875
vt 0.721435546875 0.818359375
vt 0.095947265625 0.7607421875
vt 0.772216796875 0.865234375
vt 0.53076171875 0.633056640625
vt 0.184814453125 0.875
vt 0.673583984375 0.565185546875
vt 0.4794921875 0.6416015625
vt 0.77001953125 0.850830078125
vt 0.25146484375 0.791259765625
vt 0.85546875 0.41845703125
vt 0.364990234375 0.5166015625
vt 0.283447265625 0.488525390625
vt 0.222412109375 0.8251953125
vt 0.583251953125 0.816162109375
vt 0.08740234375 0.752197265625
vt 0.15087890625 0.811279296875
vt 0.22412109375 0.073974609375
vt 0.273193359375 0.766845703125
vt 0.572509765625 0.81640625
vt 0.864501953125 0.46875
vt 0.337646484375 0.50927734375
vt 0.9111328125 0.01904296875
vt 0.787841796875 0.8408203125
vt 0.0986328125 0.76806640625
vt 0.85009765625 0.563232421875
vt 0.910400390625 0.01318359375
vt 0.481201171875 0.708740234375
vt 0.736083984375 0.076171875
vt 0.857421875 0.417236328125
vt 0.050537109375 0.36767578125
vt 0.1171875 0.778076171875
vt 0.3671875 0.73193359375
vt 0.08642578125 0.749267578125
vt 0.476806640625 0.644287109375
vt 0.663818359375 0.4697265625
vt 0.73046875 0.938720703125
vt 0.22412109375 0.079833984375
vt 0.087890625 0.7607421875
vt 0.81494140625 0.399658203125
vt 0.086669921875 0.741455078125
vt 0.880859375 0.406494140625
vt 0.04931640625 0.837158203125
vt 0.298828125 0.49658203125
vt 0.764404296875 0.857666015625
vt 0.76220703125 0.390869140625
vt 0.784423828125 0.840087890625
vt 0.091064453125 0.75341796875
vt 0.863037109375 0.41357421875
vt 0.85546875 0.41650390625
vt 0.869873046875 0.4111328125
vt 0.273681640625 0.490966796875
vt 0.727294921875 0.293212890625
vt 0.865478515625 0.466552734375
vt 0.642578125 0.816650390625
vt 0.178955078125 0.8154296875
vt 0.69189453125 0.238037109375
vt 0.099365234375 0.77587890625
vt 0.118896484375 0.354248046875
vt 0.637451171875 0.611328125
vt 0.870361328125 0.478515625
vt 0.862060546875 0.420654296875
vt 0.732421875 0.072998046875
vt 0.87109375 0.48583984375
vt 0.06201171875 0.731201171875
vt 0.87060546875 0.412841796875
vt 0.81103515625 0.39794921875
vt 0.78271484375 0.841796875
vt 0.769775390625 0.839599609375
vt 0.7802734375 0.840576171875
vt 0.8291015625 0.408935546875
vt 0.075439453125 0.755859375
vt 0.081298828125 0.74365234375
vt 0.8828125 0.408935546875
vt 0.089111328125 0.7421875
vt 0.882080078125 0.404541015625
vt 0.024658203125 0.366943359375
vt 0.715576171875 0.053466796875
vt 0.870361328125 0.409423828125
vt 0.764892578125 0.847412109375
vt 0.197021484375 0.862548828125
vt 0.423583984375 0.683349609375
vt 0.8662109375 0.4296875
vt 0.484130859375 0.644775390625
vt 0.860595703125 0.412841796875
vt 0.23193359375 0.818115234375
vt 0.418701171875 0.67041015625
vt 0.862548828125 0.438232421875
vt 0.4921875 0.7158203125
vt 0.732666015625 0.07421875
vt 0.78271484375 0.393798828125
vt 0.412841796875 0.647216796875
vt 0.86572265625 0.4521484375
vt 0.762939453125 0.8388671875
vt 0.07177734375 0.75
vt 0.0927734375 0.78173828125
vt 0.109375 0.355712890625
vt 0.197998046875 0.485595703125
vt 0.40673828125 0.6064453125
vt 0.870361328125 0.474853515625
vt 0.193115234375 0.86962890625
vt 0.668701171875 0.57421875
vt 0.776123046875 0.8427734375
vt 0.053466796875 0.822509765625
vt 0.34228515625 0.74365234375
vt 0.675537109375 0.51708984375
vt 0.77978515625 0.883544921875
vt 0.048583984375 0.72900390625
vt 0.423828125 0.693603515625
vt 0.870849609375 0.423828125
vt 0.83837890625 0.413818359375
vt 0.69189453125 0.82080078125
vt 0.055908203125 0.737548828125
vt 0.7431640625 0.82958984375
vt 0.272216796875 0.498046875
vt 0.729248046875 0.2998046875
vt 0.74462890625 0.830322265625
vt 0.72900390625 0.823974609375
vt 0.068603515625 0.767333984375
vt 0.11865234375 0.330810546875
vt 0.099609375 0.75537109375
vt 0.697265625 0.393798828125
vt 0.312255859375 0.50927734375
vt 0.58984375 0.623291015625
vt 0.220947265625 0.14453125
vt 0.279296875 0.31298828125
vt 0.76953125 0.84130859375
vt 0.6826171875 0.821044921875
vt 0.00048828125 0.363525390625
vt 0.72119140625 0.06201171875
vt 0.05859375 0.805419921875
vt 0.67138671875 0.541015625
vt 0.6025390625 0.8203125
vt 0.70458984375 0.82275390625
vt 0.209716796875 0.848876953125
vt 0.8408203125 0.413330078125
vt 0.369384765625 0.530517578125
vt 0.101318359375 0.355224609375
vt 0.199462890625 0.49560546875
vt 0.103759765625 0.349853515625
vt 0.758544921875 0.849853515625
vt 0.270263671875 0.77783203125
vt 0.15771484375 0.816162109375
vt 0.77734375 0.875732421875
vt 0.6953125 0.8232421875
vt 0.724609375 0.824951171875
vt 0.4072265625 0.620361328125
vt 0.872314453125 0.4658203125
vt 0.502197265625 0.723876953125
vt 0.729248046875 0.072265625
vt 0.41064453125 0.656494140625
vt 0.86962890625 0.4501953125
vt 0.873046875 0.483642578125
vt 0.4951171875 0.648681640625
vt 0.758544921875 0.854736328125
vt 0.8203125 0.39599609375
vt 0.76220703125 0.84130859375
vt 0.58935546875 0.822265625
vt 0.321533203125 0.77685546875
vt 0.857666015625 0.537841796875
vt 0.906005859375 0.00048828125
vt 0.60888671875 0.18408203125
vt 0.625732421875 0.82177734375
vt 0.755126953125 0.841552734375
vt 0.3955078125 0.7529296875
vt 0.710205078125 0.366943359375
vt 0.67626953125 0.82275390625
vt 0.34912109375 0.743896484375
vt 0.418212890625 0.748046875
vt 0.2841796875 0.50390625
vt 0.0625 0.754638671875
vt 0.12060546875 0.32177734375
vt 0.0439453125 0.731201171875
vt 0.138671875 0.298583984375
vt 0.4169921875 0.69287109375
vt 0.343994140625 0.525146484375
vt 0.66015625 0.215087890625
vt 0.560546875 0.63623046875
vt 0.09228515625 0.355224609375
vt 0.2021484375 0.502685546875
vt 0.354736328125 0.742919921875
vt 0.09912109375 0.744873046875
vt 0.88330078125 0.3984375
vt 0.681884765625 0.440673828125
vt 0.623291015625 0.19140625
vt 0.2763671875 0.50634765625
vt 0.73193359375 0.30908203125
vt 0.490966796875 0.662841796875
vt 0.73095703125 0.828857421875
vt 0.512939453125 0.730712890625
vt 0.725830078125 0.070068359375
vt 0.49609375 0.652099609375
vt 0.776123046875 0.388916015625
vt 0.13671875 0.7685546875
vt 0.36328125 0.7412109375
vt 0.895751953125 0.359619140625
vt 0.4970703125 0.693359375
vt 0.66162109375 0.615234375
vt 0.74560546875 0.971435546875
vt 0.72412109375 0.3349609375
vt 0.095947265625 0.33154296875
vt 0.798095703125 0.3916015625
vt 0.755859375 0.843994140625
vt 0.509765625 0.650634765625
vt 0.111328125 0.759033203125
vt 0.39453125 0.579345703125
vt 0.87646484375 0.495361328125
vt 0.879150390625 0.50146484375
vt 0.11669921875 0.76416015625
vt 0.4091796875 0.682373046875
vt 0.6630859375 0.82470703125
vt 0.10400390625 0.325439453125
vt 0.666748046875 0.542236328125
vt 0.082275390625 0.35400390625
vt 0.112548828125 0.809814453125
vt 0.759521484375 0.383544921875
vt 0.75537109375 0.853759765625
vt 0.82470703125 0.3935546875
vt 0.1875 0.88623046875
vt 0.66455078125 0.5546875
vt 0.625732421875 0.62548828125
vt 0.34033203125 0.748046875
vt 0.387939453125 0.560546875
vt 0.8828125 0.50439453125
vt 0.322509765625 0.77197265625
vt 0.905029296875 0.005859375
vt 0.21728515625 0.0947265625
vt 0.3740234375 0.545654296875
vt 0.394287109375 0.592529296875
vt 0.877685546875 0.485107421875
vt 0.32958984375 0.753662109375
vt 0.904296875 0.021728515625
vt 0.33447265625 0.751220703125
vt 0.842529296875 0.40869140625
vt 0.523193359375 0.736572265625
vt 0.72265625 0.068115234375
vt 0.078857421875 0.342041015625
vt 0.1484375 0.81982421875
vt 0.281982421875 0.512451171875
vt 0.749267578125 0.847412109375
vt 0.3896484375 0.569580078125
vt 0.87939453125 0.500732421875
vt 0.404296875 0.6630859375
vt 0.191162109375 0.884033203125
vt 0.663818359375 0.5576171875
vt 0.27685546875 0.513427734375
vt 0.7333984375 0.31640625
vt 0.068115234375 0.35400390625
vt 0.327392578125 0.7607421875
vt 0.905517578125 0.016845703125
vt 0.16845703125 0.820556640625
vt 0.642333984375 0.827392578125
vt 0.8369140625 0.400390625
vt 0.771484375 0.874267578125
vt 0.077880859375 0.332275390625
vt 0.1279296875 0.8173828125
vt 0.120361328125 0.76025390625
vt 0.589111328125 0.828125
vt 0.3251953125 0.7685546875
vt 0.904052734375 0.01025390625
vt 0.685546875 0.829833984375
vt 0.293212890625 0.51904296875
vt 0.677978515625 0.463134765625
vt 0.747314453125 0.919921875
vt 0.7412109375 0.83935546875
vt 0.788818359375 0.38818359375
vt 0.58251953125 0.8291015625
vt 0.684326171875 0.22314453125
vt 0.442138671875 0.746826171875
vt 0.38427734375 0.56396484375
vt 0.323486328125 0.773193359375
vt 0.5869140625 0.82958984375
vt 0.77880859375 0.38623046875
vt 0.04833984375 0.8115234375
vt 0.745849609375 0.84619140625
vt 0.0595703125 0.35302734375
vt 0.67431640625 0.830322265625
vt 0.384033203125 0.763427734375
vt 0.60107421875 0.172607421875
vt 0.22314453125 0.843017578125
vt 0.85986328125 0.578125
vt 0.384521484375 0.5771484375
vt 0.35888671875 0.544189453125
vt 0.35107421875 0.747802734375
vt 0.051513671875 0.353271484375
vt 0.322998046875 0.77685546875
vt 0.864501953125 0.53662109375
vt 0.768310546875 0.3828125
vt 0.739501953125 0.839599609375
vt 0.315673828125 0.530029296875
vt 0.76806640625 0.87109375
vt 0.34765625 0.749267578125
vt 0.86962890625 0.400390625
vt 0.35791015625 0.746337890625
vt 0.887451171875 0.356689453125
vt 0.12353515625 0.8173828125
vt 0.7490234375 0.38037109375
vt 0.67431640625 0.216064453125
vt 0.816650390625 0.388671875
vt 0.376708984375 0.555419921875
vt 0.201416015625 0.874755859375
vt 0.21337890625 0.126220703125
vt 0.527587890625 0.726318359375
vt 0.80712890625 0.386474609375
vt 0.000244140625 0.352783203125
vt 0.5419921875 0.742431640625
vt 0.7177734375 0.065185546875
vt 0.5087890625 0.65771484375
vt 0.125244140625 0.2841796875
vt 0.39990234375 0.687255859375
vt 0.866455078125 0.545654296875
vt 0.105712890625 0.3095703125
vt 0.113525390625 0.817138671875
vt 0.7578125 0.379638671875
vt 0.341552734375 0.752685546875
vt 0.391845703125 0.620361328125
vt 0.07958984375 0.323486328125
vt 0.058837890625 0.3349609375
vt 0.84716796875 0.406005859375
vt 0.13330078125 0.757568359375
vt 0.89111328125 0.365234375
vt 0.044921875 0.35205078125
vt 0.138916015625 0.822509765625
vt 0.383544921875 0.59228515625
vt 0.665283203125 0.623779296875
vt 0.753173828125 0.969970703125
vt 0.724365234375 0.83642578125
vt 0.69970703125 0.42138671875
vt 0.6533203125 0.6279296875
vt 0.277099609375 0.52392578125
vt 0.73486328125 0.327880859375
vt 0.7216796875 0.836181640625
vt 0.212890625 0.861328125
vt 0.790283203125 0.3837890625
vt 0.866943359375 0.560302734375
vt 0.04443359375 0.35009765625
vt 0.372314453125 0.55908203125
vt 0.32958984375 0.76513671875
vt 0.62353515625 0.831787109375
vt 0.734619140625 0.840087890625
vt 0.82470703125 0.38720703125
vt 0.753173828125 0.94482421875
vt 0.870361328125 0.553466796875
vt 0.384521484375 0.6103515625
vt 0.23046875 0.83935546875
vt 0.70849609375 0.836669921875
vt 0.218994140625 0.8544921875
vt 0.77490234375 0.380859375
vt 0.388671875 0.6474609375
vt 0.465576171875 0.74560546875
vt 0.552001953125 0.83349609375
vt 0.515380859375 0.6591796875
vt 0.333740234375 0.75927734375
vt 0.1845703125 0.902587890625
vt 0.658447265625 0.53955078125
vt 0.77587890625 0.899658203125
vt 0.78515625 0.94189453125
vt 0.3564453125 0.748779296875
vt 0.235107421875 0.834716796875
vt 0.661865234375 0.51318359375
vt 0.767822265625 0.880126953125
vt 0.239990234375 0.829345703125
vt 0.6865234375 0.460693359375
vt 0.652099609375 0.19970703125
vt 0.12060546875 0.750732421875
vt 0.248779296875 0.819091796875
vt 0.2265625 0.845458984375
vt 0.866943359375 0.5673828125
vt 0.03515625 0.349853515625
vt 0.63671875 0.18994140625
vt 0.84716796875 0.403076171875
vt 0.2607421875 0.805908203125
vt 0.5400390625 0.656494140625
vt 0.283447265625 0.528564453125
vt 0.517578125 0.6689453125
vt 0.728515625 0.839111328125
vt 0.19970703125 0.88427734375
vt 0.806396484375 0.382568359375
vt 0.8427734375 0.396484375
vt 0.095703125 0.3056640625
vt 0.32763671875 0.772705078125
vt 0.11767578125 0.27587890625
vt 0.3896484375 0.68017578125
vt 0.529052734375 0.706298828125
vt 0.76171875 0.3759765625
vt 0.8349609375 0.38671875
vt 0.718505859375 0.380859375
vt 0.370849609375 0.57177734375
vt 0.3896484375 0.66650390625
vt 0.38330078125 0.634521484375
vt 0.5830078125 0.645751953125
vt 0.52001953125 0.661376953125
vt 0.11181640625 0.736328125
vt 0.87890625 0.3876953125
vt 0.711181640625 0.402099609375
vt 0.74560546875 0.853759765625
vt 0.014892578125 0.34814453125
vt 0.12744140625 0.822998046875
vt 0.746337890625 0.372314453125
vt 0.124267578125 0.748779296875
vt 0.88525390625 0.38525390625
vt 0.028564453125 0.841552734375
vt 0.8642578125 0.584228515625
vt 0.324951171875 0.777587890625
vt 0.871826171875 0.53564453125
vt 0.000244140625 0.343505859375
vt 0.556396484375 0.7412109375
vt 0.7607421875 0.867919921875
vt 0.034423828125 0.3369140625
vt 0.528076171875 0.6611328125
vt 0.265380859375 0.802490234375
vt 0.5263671875 0.683837890625
vt 0.032470703125 0.83251953125
vt 0.38623046875 0.652587890625
vt 0.86181640625 0.39794921875
vt 0.7255859375 0.3681640625
vt 0.542724609375 0.72021484375
vt 0.6513671875 0.836669921875
vt 0.277099609375 0.532958984375
vt 0.737060546875 0.33740234375
vt 0.853271484375 0.400146484375
vt 0.552001953125 0.731689453125
vt 0.139404296875 0.7548828125
vt 0.88671875 0.366455078125
vt 0.739990234375 0.85498046875
vt 0.356201171875 0.55908203125
vt 0.03759765625 0.8203125
vt 0.022216796875 0.3466796875
vt 0.278076171875 0.789306640625
vt 0.869140625 0.39306640625
vt 0.729248046875 0.360107421875
vt 0.532470703125 0.6982421875
vt 0.528076171875 0.663330078125
vt 0.539306640625 0.709716796875
vt 0.11181640625 0.729736328125
vt 0.87353515625 0.388671875
vt 0.79150390625 0.377685546875
vt 0.158447265625 0.734375
vt 0.86962890625 0.3837890625
vt 0.059326171875 0.31787109375
vt 0.291748046875 0.536865234375
vt 0.733154296875 0.846435546875
vt 0.820068359375 0.38232421875
vt 0.839599609375 0.38330078125
vt 0.01904296875 0.3388671875
vt 0.230712890625 0.845703125
vt 0.361328125 0.749755859375
vt 0.881103515625 0.358154296875
vt 0.000244140625 0.334228515625
vt 0.569580078125 0.736572265625
vt 0.040771484375 0.81005859375
vt 0.58935546875 0.836669921875
vt 0.286865234375 0.536376953125
vt 0.342529296875 0.758056640625
vt 0.045654296875 0.798828125
vt 0.14697265625 0.828125
vt 0.872314453125 0.364990234375
vt 0.864013671875 0.39404296875
vt 0.052734375 0.7763671875
vt 0.198974609375 0.17578125
vt 0.760986328125 0.876708984375
vt 0.59765625 0.8369140625
vt 0.351806640625 0.75390625
vt 0.366943359375 0.587890625
vt 0.798095703125 0.377197265625
vt 0.056396484375 0.7626953125
vt 0.20263671875 0.162841796875
vt 0.30712890625 0.321533203125
vt 0.86376953125 0.370849609375
vt 0.153076171875 0.82861328125
vt 0.0244140625 0.841796875
vt 0.867431640625 0.585693359375
vt 0.8583984375 0.39599609375
vt 0.7255859375 0.377197265625
vt 0.0927734375 0.29150390625
vt 0.5390625 0.68359375
vt 0.13671875 0.828369140625
vt 0.734619140625 0.851318359375
vt 0.205810546875 0.144287109375
vt 0.68798828125 0.47265625
vt 0.7607421875 0.93115234375
vt 0.788330078125 0.374755859375
vt 0.85205078125 0.392822265625
vt 0.633056640625 0.643310546875
vt 0.20458984375 0.149169921875
vt 0.28662109375 0.323974609375
vt 0.752197265625 0.86181640625
vt 0.736328125 0.8544921875
vt 0.378173828125 0.650634765625
vt 0.71826171875 0.39453125
vt 0.668212890625 0.204345703125
vt 0.205078125 0.08251953125
vt 0.63818359375 0.83935546875
vt 0.375244140625 0.6435546875
vt 0.85986328125 0.37109375
vt 0.847412109375 0.3779296875
vt 0.763427734375 0.887451171875
vt 0.794189453125 0.951416015625
vt 0.030517578125 0.82763671875
vt 0.84326171875 0.380859375
vt 0.650390625 0.19287109375
vt 0.56494140625 0.716064453125
vt 0.7548828125 0.867919921875
vt 0.025390625 0.3291015625
vt 0.34228515625 0.5595703125
vt 0.205322265625 0.102783203125
vt 0.20458984375 0.088134765625
vt 0.348876953125 0.571533203125
vt 0.583251953125 0.8408203125
vt 0.62255859375 0.175537109375
vt 0.205078125 0.126953125
vt 0.5966796875 0.649658203125
vt 0.794189453125 0.37451171875
vt 0.87744140625 0.560546875
vt 0.359619140625 0.751953125
vt 0.376708984375 0.655517578125
vt 0.20361328125 0.077880859375
vt 0.29052734375 0.780029296875
vt 0.833251953125 0.381103515625
vt 0.542236328125 0.6640625
vt 0.079345703125 0.298095703125
vt 0.777099609375 0.37060546875
vt 0.36474609375 0.603271484375
vt 0.69482421875 0.462890625
vt 0.55419921875 0.694091796875
vt 0.652099609375 0.6416015625
vt 0.772705078125 0.9814453125
vt 0.199462890625 0.89794921875
vt 0.874755859375 0.57421875
vt 0.841552734375 0.37841796875
vt 0.302978515625 0.548583984375
vt 0.588623046875 0.840576171875
vt 0.1162109375 0.83203125
vt 0.760986328125 0.36572265625
vt 0.18994140625 0.9091796875
vt 0.79638671875 0.941650390625
vt 0.20703125 0.8857421875
vt 0.689208984375 0.8447265625
vt 0.723388671875 0.846435546875
vt 0.572509765625 0.840087890625
vt 0.810791015625 0.37646484375
vt 0.614990234375 0.64892578125
vt 0.728271484375 0.848876953125
vt 0.3515625 0.589111328125
vt 0.042236328125 0.797607421875
vt 0.186767578125 0.20849609375
vt 0.1630859375 0.830078125
vt 0.712158203125 0.22509765625
vt 0.54833984375 0.672607421875
vt 0.54736328125 0.6640625
vt 0.278076171875 0.543212890625
vt 0.74072265625 0.34814453125
vt 0.07958984375 0.293701171875
vt 0.876708984375 0.35693359375
vt 0.012451171875 0.31640625
vt 0.608642578125 0.731689453125
vt 0.1455078125 0.83251953125
vt 0.662109375 0.84375
vt 0.595458984375 0.72119140625
vt 0.1328125 0.83544921875
vt 0.749267578125 0.362548828125
vt 0.80615234375 0.3740234375
vt 0.101318359375 0.264892578125
vt 0.376220703125 0.669921875
vt 0.036376953125 0.805908203125
vt 0.17041015625 0.831298828125
vt 0.702880859375 0.219970703125
vt 0.474853515625 0.754638671875
vt 0.564697265625 0.843017578125
vt 0.033203125 0.31689453125
vt 0.577880859375 0.7041015625
vt 0.093505859375 0.271728515625
vt 0.371826171875 0.68115234375
vt 0.126220703125 0.842041015625
vt 0.758544921875 0.363037109375
vt 0.353515625 0.7578125
vt 0.86962890625 0.359619140625
vt 0.747314453125 0.861328125
vt 0.701904296875 0.457275390625
vt 0.836669921875 0.377197265625
vt 0.360595703125 0.620849609375
vt 0.46875 0.757080078125
vt 0.322998046875 0.56103515625
vt 0.69873046875 0.8486328125
vt 0.20068359375 0.902587890625
vt 0.79736328125 0.930419921875
vt 0.14990234375 0.833740234375
vt 0.8564453125 0.365966796875
vt 0.716796875 0.848876953125
vt 0.73193359375 0.862548828125
vt 0.841796875 0.37353515625
vt 0.8017578125 0.37060546875
vt 0.580810546875 0.84716796875
vt 0.5625 0.68408203125
vt 0.01806640625 0.838623046875
vt 0.4619140625 0.758544921875
vt 0.692138671875 0.212158203125
vt 0.237548828125 0.8486328125
vt 0.71240234375 0.42724609375
vt 0.755126953125 0.88330078125
vt 0.804443359375 0.952880859375
vt 0.87353515625 0.3544921875
vt 0.586181640625 0.845947265625
vt 0.361572265625 0.647216796875
vt 0.6162109375 0.712890625
vt 0.32568359375 0.579345703125
vt 0.5615234375 0.666015625
vt 0.328125 0.78076171875
vt 0.23193359375 0.8583984375
vt 0.333984375 0.5966796875
vt 0.35693359375 0.63671875
vt 0.194091796875 0.1572265625
vt 0.820556640625 0.372314453125
vt 0.849609375 0.3662109375
vt 0.362060546875 0.7548828125
vt 0.879638671875 0.349609375
vt 0.197021484375 0.1455078125
vt 0.242919921875 0.8447265625
vt 0.334228515625 0.774169921875
vt 0.340087890625 0.76611328125
vt 0.726318359375 0.858154296875
vt 0.587158203125 0.847412109375
vt 0.069580078125 0.28125
vt 0.645751953125 0.182373046875
vt 0.04638671875 0.29638671875
vt 0.3212890625 0.789794921875
vt 0.8876953125 0.556884765625
vt 0.685546875 0.2060546875
vt 0.019775390625 0.292236328125
vt 0.641357421875 0.714111328125
vt 0.74609375 0.871337890625
vt 0.770751953125 0.9501953125
vt 0.80712890625 0.947509765625
vt 0.447509765625 0.764892578125
vt 0.1572265625 0.8369140625
vt 0.6015625 0.69970703125
vt 0.196533203125 0.096923828125
vt 0.279541015625 0.55712890625
vt 0.74169921875 0.361083984375
vt 0.568359375 0.66796875
vt 0.064208984375 0.28515625
vt 0.26953125 0.815185546875
vt 0.440185546875 0.76806640625
vt 0.802734375 0.36669921875
vt 0.302001953125 0.562744140625
vt 0.33154296875 0.612548828125
vt 0.6708984375 0.85107421875
vt 0.08642578125 0.251953125
vt 0.35791015625 0.665771484375
vt 0.595703125 0.84912109375
vt 0.677001953125 0.2001953125
vt 0.025146484375 0.812744140625
vt 0.28515625 0.5771484375
vt 0.73583984375 0.380859375
vt 0.309814453125 0.5791015625
vt 0.7451171875 0.874267578125
vt 0.037109375 0.287109375
vt 0.806396484375 0.935791015625
vt 0.05419921875 0.286865234375
vt 0.579345703125 0.68212890625
vt 0.425537109375 0.773193359375
vt 0.6044921875 0.8505859375
vt 0.281494140625 0.56298828125
vt 0.74169921875 0.36767578125
vt 0.862548828125 0.35498046875
vt 0.4755859375 0.76416015625
vt 0.559814453125 0.8505859375
vt 0.726318359375 0.865966796875
vt 0.151123046875 0.83984375
vt 0.707275390625 0.85498046875
vt 0.727783203125 0.866943359375
vt 0.578125 0.853759765625
vt 0.8427734375 0.365234375
vt 0.665771484375 0.192138671875
vt 0.22802734375 0.871337890625
vt 0.65283203125 0.18408203125
vt 0.360107421875 0.75927734375
vt 0.217041015625 0.88720703125
vt 0.57568359375 0.66796875
vt 0.617919921875 0.697021484375
vt 0.673583984375 0.196533203125
vt 0.349853515625 0.65771484375
vt 0.78759765625 0.3623046875
vt 0.836181640625 0.367431640625
vt 0.056640625 0.281494140625
vt 0.025390625 0.80712890625
vt 0.173095703125 0.220458984375
vt 0.17431640625 0.837890625
vt 0.69287109375 0.205322265625
vt 0.364990234375 0.759033203125
vt 0.87548828125 0.344482421875
vt 0.83056640625 0.3681640625
vt 0.071044921875 0.257568359375
vt 0.345947265625 0.67431640625
vt 0.7392578125 0.87646484375
vt 0.8232421875 0.959228515625
vt 0.1923828125 0.116943359375
vt 0.393310546875 0.7822265625
vt 0.610107421875 0.15673828125
vt 0.74658203125 0.88232421875
vt 0.816162109375 0.951416015625
vt 0.3486328125 0.765380859375
vt 0.0439453125 0.2802734375
vt 0.285888671875 0.564453125
vt 0.316650390625 0.614501953125
vt 0.046630859375 0.76171875
vt 0.18603515625 0.17333984375
vt 0.634033203125 0.171142578125
vt 0.6494140625 0.1806640625
vt 0.700439453125 0.473876953125
vt 0.7734375 0.925537109375
vt 0.659423828125 0.186767578125
vt 0.34716796875 0.6630859375
vt 0.28662109375 0.800537109375
vt 0.66943359375 0.192626953125
vt 0.053466796875 0.26611328125
vt 0.30517578125 0.61181640625
vt 0.724365234375 0.418212890625
vt 0.718994140625 0.860107421875
vt 0.3994140625 0.78076171875
vt 0.485595703125 0.76611328125
vt 0.570556640625 0.853759765625
vt 0.32861328125 0.639404296875
vt 0.3046875 0.59521484375
vt 0.026611328125 0.278076171875
vt 0.286865234375 0.56884765625
vt 0.03369140625 0.277099609375
vt 0.296142578125 0.584716796875
vt 0.703125 0.47119140625
vt 0.00732421875 0.843017578125
vt 0.885986328125 0.578125
vt 0.6181640625 0.160888671875
vt 0.30126953125 0.59716796875
vt 0.73046875 0.404052734375
vt 0.3095703125 0.6240234375
vt 0.72021484375 0.43017578125
vt 0.297119140625 0.590576171875
vt 0.733154296875 0.39697265625
vt 0.2919921875 0.58056640625
vt 0.81396484375 0.935791015625
vt 0.310302734375 0.630859375
vt 0.71875 0.435546875
vt 0.242919921875 0.85498046875
vt 0.336181640625 0.655029296875
vt 0.309814453125 0.616455078125
vt 0.77587890625 0.931640625
vt 0.734619140625 0.86962890625
vt 0.0703125 0.240966796875
vt 0.337646484375 0.66162109375
vt 0.305908203125 0.607666015625
vt 0.865234375 0.34912109375
vt 0.0205078125 0.27587890625
vt 0.818359375 0.364501953125
vt 0.0380859375 0.25927734375
vt 0.315673828125 0.631103515625
vt 0.63330078125 0.662109375
vt 0.25439453125 0.83984375
vt 0.322021484375 0.646484375
vt 0.71533203125 0.45361328125
vt 0.6455078125 0.6611328125
vt 0.709716796875 0.860595703125
vt 0.65478515625 0.662109375
vt 0.014892578125 0.275146484375
vt 0.645751953125 0.693115234375
vt 0.046142578125 0.250732421875
vt 0.58544921875 0.854248046875
vt 0.367431640625 0.76025390625
vt 0.87060546875 0.344482421875
vt 0.673095703125 0.663818359375
vt 0.779541015625 0.953125
vt 0.737060546875 0.873779296875
vt 0.329345703125 0.661376953125
vt 0.70556640625 0.469970703125
vt 0.590087890625 0.66943359375
vt 0.054443359375 0.242919921875
vt 0.3271484375 0.668212890625
vt 0.703125 0.475341796875
vt 0.778076171875 0.92626953125
vt 0.3251953125 0.653076171875
vt 0.71142578125 0.461669921875
vt 0.612060546875 0.666259765625
vt 0.020751953125 0.264892578125
vt 0.657958984375 0.683837890625
vt 0.624755859375 0.16357421875
vt 0.58544921875 0.66943359375
vt 0.319580078125 0.640380859375
vt 0.720458984375 0.4462890625
vt 0.63232421875 0.6875
vt 0.03564453125 0.24658203125
vt 0.78076171875 0.947265625
vt 0.576416015625 0.8583984375
vt 0.2138671875 0.900634765625
vt 0.799072265625 0.92431640625
vt 0.6201171875 0.68408203125
vt 0.01708984375 0.81494140625
vt 0.165771484375 0.228515625
vt 0.0185546875 0.250732421875
vt 0.662841796875 0.66552734375
vt 0.784423828125 0.96337890625
vt 0.6533203125 0.85693359375
vt 0.594482421875 0.676025390625
vt 0.8583984375 0.350341796875
vt 0.3583984375 0.76416015625
vt 0.64501953125 0.6640625
vt 0.60400390625 0.68017578125
vt 0.62841796875 0.666748046875
vt 0.80712890625 0.360107421875
vt 0.281982421875 0.81005859375
vt 0.698974609375 0.860107421875
vt 0.3935546875 0.78662109375
vt 0.613037109375 0.154541015625
vt 0.20849609375 0.915771484375
vt 0.81298828125 0.927490234375
vt 0.59716796875 0.67333984375
vt 0.361328125 0.763671875
vt 0.357421875 0.765380859375
vt 0.721435546875 0.870361328125
vt 0.22607421875 0.883544921875
vt 0.77734375 0.354248046875
vt 0.327880859375 0.78759765625
vt 0.9052734375 0.549072265625
vt 0.640380859375 0.17041015625
vt 0.1767578125 0.19482421875
vt 0.80126953125 0.358154296875
vt 0.844482421875 0.3564453125
vt 0.219482421875 0.894287109375
vt 0.135498046875 0.849609375
vt 0.75146484375 0.34716796875
vt 0.142578125 0.849853515625
vt 0.231201171875 0.878173828125
vt 0.186279296875 0.140625
vt 0.717041015625 0.867919921875
vt 0.009765625 0.82568359375
vt 0.1669921875 0.848876953125
vt 0.709228515625 0.207275390625
vt 0.18798828125 0.08544921875
vt 0.827880859375 0.94482421875
vt 0.216796875 0.90283203125
vt 0.33251953125 0.782958984375
vt 0.2646484375 0.833984375
vt 0.616455078125 0.85986328125
vt 0.584716796875 0.859130859375
vt 0.765869140625 0.349365234375
vt 0.25146484375 0.851318359375
vt 0.72802734375 0.875244140625
vt 0.8369140625 0.962158203125
vt 0.723388671875 0.87255859375
vt 0.213623046875 0.91357421875
vt 0.813232421875 0.921630859375
vt 0.343017578125 0.773193359375
vt 0.83349609375 0.357421875
vt 0.732177734375 0.881103515625
vt 0.839111328125 0.9541015625
vt 0.365478515625 0.765380859375
vt 0.869140625 0.335205078125
vt 0.02490234375 0.795654296875
vt 0.172607421875 0.20751953125
vt 0.700927734375 0.86865234375
vt 0.14794921875 0.852294921875
vt 0.354248046875 0.7685546875
vt 0.68994140625 0.86474609375
vt 0.23828125 0.87353515625
vt 0.6884765625 0.192138671875
vt 0.851806640625 0.34619140625
vt 0.016357421875 0.806640625
vt 0.16552734375 0.2177734375
vt 0.18310546875 0.1083984375
vt 0.224609375 0.89404296875
vt 0.1591796875 0.85107421875
vt 0.720703125 0.210205078125
vt 0.680908203125 0.864990234375
vt 0.4208984375 0.788818359375
vt 0.830078125 0.93505859375
vt 0.491943359375 0.776123046875
vt 0.57373046875 0.8671875
vt 0.667724609375 0.180908203125
vt 0.18212890625 0.123291015625
vt 0.181396484375 0.148193359375
vt 0.175048828125 0.177490234375
vt 0.662353515625 0.8642578125
vt 0.000244140625 0.836669921875
vt 0.151611328125 0.25
vt 0.89404296875 0.58154296875
vt 0.282470703125 0.818359375
vt 0.331298828125 0.78759765625
vt 0.848388671875 0.3466796875
vt 0.183349609375 0.07373046875
vt 0.30078125 0.798828125
vt 0.45458984375 0.7822265625
vt 0.802490234375 0.351806640625
vt 0.81591796875 0.35400390625
vt 0.824462890625 0.927001953125
vt 0.32666015625 0.79541015625
vt 0.903564453125 0.560546875
vt 0.576416015625 0.86669921875
vt 0.14697265625 0.2587890625
vt 0.898193359375 0.5712890625
vt 0.29052734375 0.81005859375
vt 0.36181640625 0.76953125
vt 0.68505859375 0.866943359375
vt 0.653564453125 0.1708984375
vt 0.826171875 0.354736328125
vt 0.17822265625 0.157958984375
vt 0.2314453125 0.88623046875
vt 0.646484375 0.864990234375
vt 0.340087890625 0.779541015625
vt 0.48388671875 0.7802734375
vt 0.247314453125 0.868408203125
vt 0.716552734375 0.87890625
vt 0.850341796875 0.959716796875
vt 0.253173828125 0.85791015625
vt 0.41015625 0.794189453125
vt 0.8154296875 0.91796875
vt 0.83154296875 0.351318359375
vt 0.789306640625 0.34765625
vt 0.6298828125 0.15478515625
vt 0.219970703125 0.904541015625
vt 0.805908203125 0.906005859375
vt 0.8408203125 0.941162109375
vt 0.34423828125 0.77587890625
vt 0.70654296875 0.87939453125
vt 0.858154296875 0.963623046875
vt 0.350341796875 0.773193359375
vt 0.845458984375 0.343505859375
vt 0.831298828125 0.928955078125
vt 0.6416015625 0.160888671875
vt 0.003662109375 0.820556640625
vt 0.156005859375 0.23388671875
vt 0.605712890625 0.86669921875
vt 0.13330078125 0.85986328125
vt 0.760498046875 0.3408203125
vt 0.84228515625 0.93798828125
vt 0.84912109375 0.944580078125
vt 0.396728515625 0.7998046875
vt 0.62158203125 0.1474609375
vt 0.853271484375 0.953857421875
vt 0.35302734375 0.773681640625
vt 0.17236328125 0.169189453125
vt 0.70361328125 0.191650390625
vt 0.8359375 0.929931640625
vt 0.43798828125 0.7919921875
vt 0.774658203125 0.3427734375
vt 0.583740234375 0.867919921875
vt 0.369140625 0.773681640625
vt 0.857666015625 0.330810546875
vt 0.853515625 0.94970703125
vt 0.6181640625 0.86865234375
vt 0.689208984375 0.877197265625
vt 0.46826171875 0.787841796875
vt 0.16357421875 0.207763671875
vt 0.357666015625 0.773681640625
vt 0.281005859375 0.827392578125
vt 0.4931640625 0.7841796875
vt 0.572265625 0.873291015625
vt 0.699951171875 0.8828125
vt 0.8642578125 0.96337890625
vt 0.8330078125 0.345458984375
vt 0.682373046875 0.18310546875
vt 0.1396484375 0.861572265625
vt 0.756103515625 0.3369140625
vt 0.268798828125 0.84326171875
vt 0.457275390625 0.78955078125
vt 0.144775390625 0.86083984375
vt 0.17529296875 0.13134765625
vt 0.165283203125 0.18798828125
vt 0.365478515625 0.774658203125
vt 0.86181640625 0.324951171875
vt 0.336669921875 0.7861328125
vt 0.841552734375 0.930908203125
vt 0.25634765625 0.865234375
vt 0.67236328125 0.87158203125
vt 0.63818359375 0.871826171875
vt 0.814453125 0.9091796875
vt 0.176513671875 0.084716796875
vt 0.762451171875 0.336669921875
vt 0.687255859375 0.882080078125
vt 0.875 0.969482421875
vt 0.154541015625 0.858642578125
vt 0.766357421875 0.337158203125
vt 0.32861328125 0.80029296875
vt 0.910888671875 0.563720703125
vt 0.294189453125 0.81787109375
vt 0.340576171875 0.7841796875
vt 0.661376953125 0.165771484375
vt 0.2763671875 0.837646484375
vt 0.164794921875 0.178466796875
vt 0.40576171875 0.8046875
vt 0.806640625 0.342529296875
vt 0.346923828125 0.779052734375
vt 0.487548828125 0.7900390625
vt 0.822509765625 0.34423828125
vt 0.24267578125 0.88427734375
vt 0.84521484375 0.331787109375
vt 0.17138671875 0.1181640625
vt 0.8642578125 0.95166015625
vt 0.228271484375 0.904541015625
vt 0.806884765625 0.8916015625
vt 0.2744140625 0.842529296875
vt 0.8564453125 0.938232421875
vt 0.267822265625 0.85400390625
vt 0.17041015625 0.150390625
vt 0.24755859375 0.8779296875
vt 0.354736328125 0.77880859375
vt 0.83251953125 0.3388671875
vt 0.68017578125 0.17626953125
vt 0.17236328125 0.099853515625
vt 0.349609375 0.77978515625
vt 0.2333984375 0.8994140625
vt 0.82470703125 0.916015625
vt 0.698486328125 0.183349609375
vt 0.24169921875 0.8876953125
vt 0.3330078125 0.79443359375
vt 0.141845703125 0.240966796875
vt 0.14208984375 0.867919921875
vt 0.754638671875 0.331787109375
vt 0.499755859375 0.781494140625
vt 0.582763671875 0.875732421875
vt 0.13818359375 0.24951171875
vt 0.911376953125 0.57958984375
vt 0.373291015625 0.78271484375
vt 0.8486328125 0.326171875
vt 0.147216796875 0.86669921875
vt 0.852783203125 0.9296875
vt 0.344970703125 0.782470703125
vt 0.23583984375 0.896728515625
vt 0.3603515625 0.78076171875
vt 0.22412109375 0.91357421875
vt 0.81396484375 0.899658203125
vt 0.494140625 0.792724609375
vt 0.1533203125 0.213134765625
vt 0.66259765625 0.8779296875
vt 0.8955078125 0.982421875
vt 0.673828125 0.169189453125
vt 0.834228515625 0.920654296875
vt 0.4794921875 0.796630859375
vt 0.3515625 0.78173828125
vt 0.161865234375 0.86669921875
vt 0.716796875 0.187744140625
vt 0.790283203125 0.335205078125
vt 0.306640625 0.81201171875
vt 0.267333984375 0.862060546875
vt 0.1572265625 0.191650390625
vt 0.762939453125 0.33056640625
vt 0.82421875 0.337158203125
vt 0.878173828125 0.95751953125
vt 0.871826171875 0.9482421875
vt 0.5966796875 0.879150390625
vt 0.81982421875 0.337646484375
vt 0.676513671875 0.889404296875
vt 0.8876953125 0.966064453125
vt 0.343505859375 0.78564453125
vt 0.861328125 0.931884765625
vt 0.84423828125 0.923583984375
vt 0.344970703125 0.7861328125
vt 0.26171875 0.870361328125
vt 0.350341796875 0.78515625
vt 0.277587890625 0.8515625
vt 0.35302734375 0.784423828125
vt 0.8203125 0.9033203125
vt 0.2529296875 0.881103515625
vt 0.156005859375 0.17919921875
vt 0.776123046875 0.329345703125
vt 0.82861328125 0.329833984375
vt 0.862548828125 0.92822265625
vt 0.285888671875 0.84130859375
vt 0.6240234375 0.882568359375
vt 0.166259765625 0.083740234375
vt 0.320556640625 0.80322265625
vt 0.707275390625 0.17919921875
vt 0.289794921875 0.837158203125
vt 0.341796875 0.791015625
vt 0.2421875 0.897216796875
vt 0.66015625 0.153564453125
vt 0.26806640625 0.86767578125
vt 0.839599609375 0.321533203125
vt 0.304443359375 0.822265625
vt 0.15771484375 0.162353515625
vt 0.654296875 0.14892578125
vt 0.5009765625 0.789306640625
vt 0.582275390625 0.8837890625
vt 0.129638671875 0.2451171875
vt 0.93505859375 0.57421875
vt 0.894775390625 0.961181640625
vt 0.495361328125 0.80224609375
vt 0.647705078125 0.883056640625
vt 0.33984375 0.7939453125
vt 0.239990234375 0.90478515625
vt 0.80859375 0.881591796875
vt 0.127685546875 0.25927734375
vt 0.920654296875 0.5712890625
vt 0.1474609375 0.20751953125
vt 0.81787109375 0.331298828125
vt 0.490966796875 0.803955078125
vt 0.88037109375 0.94091796875
vt 0.690185546875 0.170166015625
vt 0.371337890625 0.78955078125
vt 0.846923828125 0.31396484375
vt 0.828125 0.90625
vt 0.418212890625 0.81787109375
vt 0.433837890625 0.814453125
vt 0.252685546875 0.886962890625
vt 0.40283203125 0.821044921875
vt 0.635986328125 0.13623046875
vt 0.86962890625 0.9267578125
vt 0.15869140625 0.07080078125
vt 0.31201171875 0.816650390625
vt 0.61181640625 0.885498046875
vt 0.8046875 0.3291015625
vt 0.87548828125 0.931396484375
vt 0.8916015625 0.95166015625
vt 0.835205078125 0.911376953125
vt 0.33203125 0.8046875
vt 0.925048828125 0.565673828125
vt 0.236328125 0.912109375
vt 0.814697265625 0.885009765625
vt 0.359130859375 0.789306640625
vt 0.6513671875 0.89013671875
vt 0.90771484375 0.97216796875
vt 0.279052734375 0.862060546875
vt 0.472412109375 0.000244140625
vt 0.507080078125 0.7900390625
vt 0.59375 0.8876953125
vt 0.1572265625 0.1318359375
vt 0.766357421875 0.322509765625
vt 0.263916015625 0.876953125
vt 0.819580078125 0.891357421875
vt 0.251220703125 0.89208984375
vt 0.82470703125 0.898193359375
vt 0.46533203125 0.81201171875
vt 0.3359375 0.8017578125
vt 0.3583984375 0.7919921875
vt 0.35400390625 0.792724609375
vt 0.624267578125 0.88916015625
vt 0.15576171875 0.874755859375
vt 0.7314453125 0.181640625
vt 0.49560546875 0.80810546875
vt 0.71875 0.176513671875
vt 0.15673828125 0.109375
vt 0.34814453125 0.796875
vt 0.29345703125 0.845947265625
vt 0.149658203125 0.879638671875
vt 0.15869140625 0.08544921875
vt 0.85986328125 0.920166015625
vt 0.847412109375 0.91552734375
vt 0.63916015625 0.89111328125
vt 0.920166015625 0.980224609375
vt 0.14306640625 0.197021484375
vt 0.1533203125 0.151611328125
vt 0.774658203125 0.31982421875
vt 0.501708984375 0.79638671875
vt 0.64208984375 0.8935546875
vt 0.916748046875 0.9755859375
vt 0.829833984375 0.31689453125
vt 0.2421875 0.914306640625
vt 0.81884765625 0.8818359375
vt 0.246826171875 0.9033203125
vt 0.47509765625 0.81494140625
vt 0.300537109375 0.838623046875
vt 0.306396484375 0.831787109375
vt 0.275390625 0.870361328125
vt 0.1416015625 0.885009765625
vt 0.762939453125 0.318359375
vt 0.260498046875 0.88427734375
vt 0.4970703125 0.810302734375
vt 0.88916015625 0.93212890625
vt 0.342529296875 0.802001953125
vt 0.881591796875 0.92236328125
vt 0.15869140625 0.87548828125
vt 0.730224609375 0.177490234375
vt 0.13330078125 0.219970703125
vt 0.4541015625 0.81982421875
vt 0.61865234375 0.893310546875
vt 0.93701171875 0.98583984375
vt 0.486083984375 0.8154296875
vt 0.80078125 0.3212890625
vt 0.78857421875 0.319580078125
vt 0.830322265625 0.898681640625
vt 0.252685546875 0.89794921875
vt 0.1474609375 0.16259765625
vt 0.336669921875 0.806640625
vt 0.936279296875 0.565185546875
vt 0.86474609375 0.918701171875
vt 0.889404296875 0.927734375
vt 0.8955078125 0.9365234375
vt 0.416259765625 0.829833984375
vt 0.63720703125 0.122802734375
vt 0.836181640625 0.903076171875
vt 0.502197265625 0.80224609375
vt 0.36767578125 0.79638671875
vt 0.828125 0.893310546875
vt 0.68994140625 0.15966796875
vt 0.288330078125 0.8642578125
vt 0.8134765625 0.32080078125
vt 0.3486328125 0.802734375
vt 0.36181640625 0.79736328125
vt 0.14892578125 0.138916015625
vt 0.259521484375 0.890625
vt 0.496337890625 0.815185546875
vt 0.11279296875 0.252685546875
vt 0.333984375 0.8115234375
vt 0.931396484375 0.57177734375
vt 0.824462890625 0.885498046875
vt 0.910400390625 0.955810546875
vt 0.250244140625 0.904541015625
vt 0.155029296875 0.885498046875
vt 0.001953125 0.370849609375
vt 0.46044921875 0.007568359375
vt 0.6025390625 0.897705078125
vt 0.953857421875 0.989990234375
vt 0.69580078125 0.16162109375
vt 0.630126953125 0.896728515625
vt 0.928955078125 0.97509765625
vt 0.152587890625 0.885986328125
vt 0.486328125 0.82080078125
vt 0.310791015625 0.833984375
vt 0.84375 0.906005859375
vt 0.645751953125 0.129150390625
vt 0.7841796875 0.315185546875
vt 0.497314453125 0.816650390625
vt 0.25048828125 0.90771484375
vt 0.820068359375 0.8671875
vt 0.492919921875 0.819580078125
vt 0.27099609375 0.880859375
vt 0.372802734375 0.799072265625
vt 0.839111328125 0.302001953125
vt 0.285888671875 0.868896484375
vt 0.854248046875 0.910888671875
vt 0.6728515625 0.144775390625
vt 0.659423828125 0.1357421875
vt 0.889892578125 0.91748046875
vt 0.12060546875 0.233154296875
vt 0.320068359375 0.826171875
vt 0.921875 0.962158203125
vt 0.002685546875 0.393310546875
vt 0.505615234375 0.804931640625
vt 0.1328125 0.20263671875
vt 0.35693359375 0.804443359375
vt 0.50146484375 0.810791015625
vt 0.147216796875 0.890625
vt 0.7568359375 0.309814453125
vt 0.947265625 0.9814453125
vt 0.143310546875 0.152587890625
vt 0.436767578125 0.832275390625
vt 0.2607421875 0.89697265625
vt 0.264404296875 0.890625
vt 0.1484375 0.8916015625
vt 0.755126953125 0.3076171875
vt 0.936279296875 0.97412109375
vt 0.830322265625 0.885009765625
vt 0.810302734375 0.314453125
vt 0.8203125 0.3095703125
vt 0.136962890625 0.175048828125
vt 0.8251953125 0.87353515625
vt 0.8955078125 0.916748046875
vt 0.7783203125 0.310302734375
vt 0.48974609375 0.826904296875
vt 0.14697265625 0.0869140625
vt 0.71630859375 0.1630859375
vt 0.913330078125 0.94384765625
vt 0.785400390625 0.309814453125
vt 0.255859375 0.90625
vt 0.35009765625 0.80810546875
vt 0.14599609375 0.080078125
vt 0.329345703125 0.822021484375
vt 0.14111328125 0.14697265625
vt 0.12548828125 0.213623046875
vt 0.12841796875 0.20556640625
vt 0.158203125 0.891845703125
vt 0.736083984375 0.16455078125
vt 0.296875 0.86865234375
vt 0.3115234375 0.844482421875
vt 0.3720703125 0.80419921875
vt 0.830810546875 0.29345703125
vt 0.86474609375 0.91015625
vt 0.841552734375 0.896484375
vt 0.099365234375 0.25439453125
vt 0.33837890625 0.8134765625
vt 0.884521484375 0.91259765625
vt 0.37646484375 0.8046875
vt 0.829345703125 0.301025390625
vt 0.896484375 0.912109375
vt 0.498046875 0.822265625
vt 0.2744140625 0.884521484375
vt 0.1513671875 0.894287109375
vt 0.7470703125 0.163330078125
vt 0.753173828125 0.30224609375
vt 0.4560546875 0.832763671875
vt 0.142822265625 0.1005859375
vt 0.872802734375 0.9111328125
vt 0.942138671875 0.974365234375
vt 0.343994140625 0.811279296875
vt 0.938720703125 0.969482421875
vt 0.720458984375 0.160888671875
vt 0.14794921875 0.900146484375
vt 0.762939453125 0.306396484375
vt 0.8564453125 0.905517578125
vt 0.494873046875 0.82666015625
vt 0.142578125 0.084716796875
vt 0.1279296875 0.1953125
vt 0.28076171875 0.880126953125
vt 0.12646484375 0.200927734375
vt 0.287353515625 0.875732421875
vt 0.8349609375 0.88525390625
vt 0.130126953125 0.185546875
vt 0.123779296875 0.20751953125
vt 0.14013671875 0.116455078125
vt 0.6533203125 0.12353515625
vt 0.710205078125 0.15673828125
vt 0.1318359375 0.068359375
vt 0.322998046875 0.83544921875
vt 0.2646484375 0.897705078125
vt 0.12744140625 0.187255859375
vt 0.8994140625 0.9091796875
vt 0.937744140625 0.96240234375
vt 0.130859375 0.17626953125
vt 0.30810546875 0.858642578125
vt 0.1357421875 0.088623046875
vt 0.1376953125 0.130615234375
vt 0.36865234375 0.808837890625
vt 0.916015625 0.933837890625
vt 0.469970703125 0.834228515625
vt 0.9267578125 0.9462890625
vt 0.830078125 0.8681640625
vt 0.13427734375 0.111083984375
vt 0.30224609375 0.87109375
vt 0.014892578125 0.404296875
vt 0.5009765625 0.823486328125
vt 0.13330078125 0.160888671875
vt 0.106689453125 0.228515625
vt 0.01123046875 0.3955078125
vt 0.138671875 0.0830078125
vt 0.33740234375 0.82373046875
vt 0.835693359375 0.879638671875
vt 0.13525390625 0.144287109375
vt 0.01171875 0.38525390625
vt 0.446533203125 0.000244140625
vt 0.515869140625 0.805908203125
vt 0.313232421875 0.855712890625
vt 0.271484375 0.89453125
vt 0.6689453125 0.130126953125
vt 0.850830078125 0.89599609375
vt 0.091552734375 0.249755859375
vt 0.341064453125 0.817138671875
vt 0.96435546875 0.266357421875
vt 0.011962890625 0.39892578125
vt 0.503173828125 0.819580078125
vt 0.490478515625 0.835205078125
vt 0.701904296875 0.151123046875
vt 0.26025390625 0.9130859375
vt 0.828857421875 0.8564453125
vt 0.478271484375 0.83642578125
vt 0.887939453125 0.906982421875
vt 0.322509765625 0.84228515625
vt 0.806640625 0.306396484375
vt 0.294921875 0.87548828125
vt 0.796630859375 0.3046875
vt 0.732666015625 0.155029296875
vt 0.776123046875 0.302001953125
vt 0.134033203125 0.15185546875
vt 0.456787109375 0.83935546875
vt 0.12890625 0.09228515625
vt 0.011474609375 0.3759765625
vt 0.957275390625 0.9736328125
vt 0.263916015625 0.904296875
vt 0.827880859375 0.84619140625
vt 0.844970703125 0.889892578125
vt 0.131103515625 0.135986328125
vt 0.125244140625 0.17529296875
vt 0.658447265625 0.121826171875
vt 0.27685546875 0.890869140625
vt 0.70361328125 0.150390625
vt 0.92236328125 0.932861328125
vt 0.904541015625 0.904296875
vt 0.127197265625 0.111572265625
vt 0.9072265625 0.9091796875
vt 0.492431640625 0.8408203125
vt 0.11181640625 0.211181640625
vt 0.35205078125 0.814453125
vt 0.87158203125 0.903076171875
vt 0.934814453125 0.9462890625
vt 0.751220703125 0.153076171875
vt 0.757080078125 0.294677734375
vt 0.377685546875 0.81201171875
vt 0.822021484375 0.29443359375
vt 0.690673828125 0.14111328125
vt 0.01416015625 0.3984375
vt 0.43310546875 0.8466796875
vt 0.015380859375 0.406982421875
vt 0.500732421875 0.82763671875
vt 0.306396484375 0.8740234375
vt 0.49755859375 0.831787109375
vt 0.496337890625 0.833740234375
vt 0.952880859375 0.967529296875
vt 0.859130859375 0.897705078125
vt 0.47607421875 0.84326171875
vt 0.312744140625 0.86474609375
vt 0.916015625 0.9208984375
vt 0.126220703125 0.13232421875
vt 0.706787109375 0.147705078125
vt 0.68212890625 0.134521484375
vt 0.346923828125 0.81689453125
vt 0.9560546875 0.277099609375
vt 0.116943359375 0.18408203125
vt 0.1279296875 0.15478515625
vt 0.81396484375 0.298095703125
vt 0.09326171875 0.238037109375
vt 0.958984375 0.256591796875
vt 0.879638671875 0.903076171875
vt 0.900146484375 0.902587890625
vt 0.016845703125 0.40625
vt 0.5048828125 0.82568359375
vt 0.74169921875 0.15087890625
vt 0.492919921875 0.844970703125
vt 0.414794921875 0.8515625
vt 0.654541015625 0.113037109375
vt 0.1318359375 0.08544921875
vt 0.122802734375 0.09521484375
vt 0.3212890625 0.857177734375
vt 0.787353515625 0.29931640625
vt 0.132080078125 0.083740234375
vt 0.34228515625 0.8291015625
vt 0.69677734375 0.139404296875
vt 0.46826171875 0.845703125
vt 0.33349609375 0.8388671875
vt 0.669921875 0.125
vt 0.31689453125 0.862548828125
vt 0.014892578125 0.408203125
vt 0.500732421875 0.8291015625
vt 0.49560546875 0.838134765625
vt 0.2783203125 0.89404296875
vt 0.48828125 0.849609375
vt 0.323974609375 0.852294921875
vt 0.49267578125 0.851318359375
vt 0.931884765625 0.932861328125
vt 0.019287109375 0.3876953125
vt 0.01953125 0.4091796875
vt 0.66064453125 0.11767578125
vt 0.90869140625 0.89794921875
vt 0.7255859375 0.142822265625
vt 0.117431640625 0.169189453125
vt 0.710693359375 0.143310546875
vt 0.2734375 0.90234375
vt 0.5009765625 0.83544921875
vt 0.7734375 0.06640625
vt 0.302734375 0.87890625
vt 0.3662109375 0.815673828125
vt 0.016845703125 0.377685546875
vt 0.95947265625 0.967041015625
vt 0.840087890625 0.86865234375
vt 0.120849609375 0.145751953125
vt 0.659912109375 0.112548828125
vt 0.377685546875 0.815185546875
vt 0.822265625 0.286376953125
vt 0.836669921875 0.85595703125
vt 0.496826171875 0.847412109375
vt 0.854248046875 0.887939453125
vt 0.343994140625 0.822265625
vt 0.954833984375 0.265625
vt 0.100341796875 0.214599609375
vt 0.28662109375 0.8896484375
vt 0.11669921875 0.09716796875
vt 0.45166015625 0.853759765625
vt 0.019775390625 0.40380859375
vt 0.495849609375 0.8515625
vt 0.31396484375 0.876220703125
vt 0.50244140625 0.83740234375
vt 0.7744140625 0.069091796875
vt 0.49365234375 0.854736328125
vt 0.296630859375 0.8837890625
vt 0.02294921875 0.372802734375
vt 0.743408203125 0.174072265625
vt 0.955078125 0.958251953125
vt 0.322265625 0.86328125
vt 0.358642578125 0.818359375
vt 0.019287109375 0.3798828125
vt 0.8486328125 0.879638671875
vt 0.697509765625 0.131591796875
vt 0.919921875 0.91015625
vt 0.318359375 0.871826171875
vt 0.66552734375 0.113037109375
vt 0.911865234375 0.89111328125
vt 0.020751953125 0.401611328125
vt 0.872314453125 0.89501953125
vt 0.011962890625 0.4130859375
vt 0.502685546875 0.83251953125
vt 0.8935546875 0.89697265625
vt 0.754150390625 0.167236328125
vt 0.944580078125 0.939697265625
vt 0.6865234375 0.1240234375
vt 0.33251953125 0.849853515625
vt 0.11376953125 0.123779296875
vt 0.8017578125 0.296630859375
vt 0.085693359375 0.231201171875
vt 0.951171875 0.2529296875
vt 0.8447265625 0.8701171875
vt 0.803955078125 0.29541015625
vt 0.3271484375 0.857666015625
vt 0.86376953125 0.890380859375
vt 0.37353515625 0.818603515625
vt 0.103515625 0.186767578125
vt 0.316162109375 0.879638671875
vt 0.909423828125 0.822998046875
vt 0.0263671875 0.41455078125
vt 0.4189453125 0.86279296875
vt 0.660888671875 0.102783203125
vt 0.125 0.083984375
vt 0.77783203125 0.0712890625
vt 0.270751953125 0.913330078125
vt 0.84033203125 0.84765625
vt 0.74951171875 0.143310546875
vt 0.033203125 0.416259765625
vt 0.471923828125 0.857421875
vt 0.276611328125 0.906982421875
vt 0.84228515625 0.838623046875
vt 0.29296875 0.889404296875
vt 0.486083984375 0.860107421875
vt 0.113037109375 0.159912109375
vt 0.1220703125 0.07568359375
vt 0.342041015625 0.841552734375
vt 0.123779296875 0.08544921875
vt 0.353271484375 0.82177734375
vt 0.943603515625 0.281005859375
vt 0.90283203125 0.892822265625
vt 0.85888671875 0.88427734375
vt 0.0380859375 0.416748046875
vt 0.884033203125 0.894287109375
vt 0.0439453125 0.423828125
vt 0.497314453125 0.85595703125
vt 0.0400390625 0.419677734375
vt 0.495361328125 0.860107421875
vt 0.02685546875 0.409912109375
vt 0.1083984375 0.100341796875
vt 0.806396484375 0.289306640625
vt 0.770263671875 0.140869140625
vt 0.775634765625 0.284423828125
vt 0.010009765625 0.4169921875
vt 0.504150390625 0.834716796875
vt 0.776123046875 0.06396484375
vt 0.28369140625 0.9013671875
vt 0.8505859375 0.8310546875
vt 0.01806640625 0.417236328125
vt 0.364990234375 0.82177734375
vt 0.929443359375 0.2958984375
vt 0.85693359375 0.87939453125
vt 0.099853515625 0.179443359375
vt 0.935302734375 0.205322265625
vt 0.932861328125 0.916748046875
vt 0.844970703125 0.856689453125
vt 0.287109375 0.898193359375
vt 0.860107421875 0.8251953125
vt 0.7060546875 0.125732421875
vt 0.512451171875 0.84130859375
vt 0.779052734375 0.07568359375
vt 0.5029296875 0.85693359375
vt 0.289794921875 0.895751953125
vt 0.873046875 0.888671875
vt 0.91748046875 0.87939453125
vt 0.91259765625 0.8291015625
vt 0.025390625 0.381591796875
vt 0.7421875 0.186767578125
vt 0.086181640625 0.219482421875
vt 0.943603515625 0.24365234375
vt 0.46533203125 0.864013671875
vt 0.763916015625 0.16552734375
vt 0.94873046875 0.932861328125
vt 0.676025390625 0.107421875
vt 0.045166015625 0.42919921875
vt 0.501953125 0.858154296875
vt 0.853271484375 0.871826171875
vt 0.89794921875 0.89013671875
vt 0.092041015625 0.197509765625
vt 0.936767578125 0.226806640625
vt 0.04638671875 0.415283203125
vt 0.494384765625 0.865234375
vt 0.76904296875 0.21435546875
vt 0.864501953125 0.882568359375
vt 0.327880859375 0.872802734375
vt 0.9208984375 0.8154296875
vt 0.797607421875 0.287353515625
vt 0.337890625 0.858154296875
vt 0.1044921875 0.133544921875
vt 0.117919921875 0.08349609375
vt 0.43310546875 0.870361328125
vt 0.115234375 0.075439453125
vt 0.34619140625 0.8466796875
vt 0.314453125 0.885498046875
vt 0.898681640625 0.82470703125
vt 0.035400390625 0.42236328125
vt 0.915771484375 0.83642578125
vt 0.885986328125 0.88818359375
vt 0.489501953125 0.86669921875
vt 0.91943359375 0.870849609375
vt 0.781494140625 0.07080078125
vt 0.783447265625 0.0771484375
vt 0.7509765625 0.13525390625
vt 0.72705078125 0.1279296875
vt 0.512939453125 0.84716796875
vt 0.008544921875 0.421630859375
vt 0.779541015625 0.067138671875
vt 0.0322265625 0.380859375
vt 0.75 0.18408203125
vt 0.306884765625 0.889404296875
vt 0.8857421875 0.82275390625
vt 0.918212890625 0.8291015625
vt 0.11669921875 0.0859375
vt 0.021240234375 0.422607421875
vt 0.853515625 0.864013671875
vt 0.510986328125 0.85302734375
vt 0.099609375 0.103515625
vt 0.850341796875 0.847412109375
vt 0.02978515625 0.38671875
vt 0.94140625 0.265625
vt 0.92041015625 0.8623046875
vt 0.422607421875 0.877197265625
vt 0.6708984375 0.092529296875
vt 0.5087890625 0.857421875
vt 0.86181640625 0.874755859375
vt 0.04833984375 0.411865234375
vt 0.767578125 0.212158203125
vt 0.91796875 0.843994140625
vt 0.89892578125 0.884765625
vt 0.69580078125 0.111083984375
vt 0.04248046875 0.4326171875
vt 0.47705078125 0.871826171875
vt 0.919921875 0.85205078125
vt 0.521484375 0.84033203125
vt 0.784423828125 0.080810546875
vt 0.381591796875 0.82421875
vt 0.812255859375 0.275634765625
vt 0.757568359375 0.1767578125
vt 0.302978515625 0.894287109375
vt 0.877685546875 0.824462890625
vt 0.03271484375 0.406494140625
vt 0.706787109375 0.11572265625
vt 0.03759765625 0.42626953125
vt 0.483154296875 0.8720703125
vt 0.776611328125 0.224365234375
vt 0.360107421875 0.82763671875
vt 0.92919921875 0.28369140625
vt 0.871826171875 0.87939453125
vt 0.85693359375 0.83935546875
vt 0.774658203125 0.212646484375
vt 0.095703125 0.10546875
vt 0.291748046875 0.90478515625
vt 0.861572265625 0.833251953125
vt 0.88134765625 0.882080078125
vt 0.8583984375 0.86474609375
vt 0.03759765625 0.408935546875
vt 0.109130859375 0.090576171875
vt 0.907958984375 0.877197265625
vt 0.8935546875 0.88232421875
vt 0.087158203125 0.1962890625
vt 0.928955078125 0.225830078125
vt 0.85595703125 0.85595703125
vt 0.73291015625 0.122802734375
vt 0.88330078125 0.826904296875
vt 0.03515625 0.389892578125
vt 0.754638671875 0.1923828125
vt 0.9345703125 0.888916015625
vt 0.29736328125 0.901123046875
vt 0.869873046875 0.830078125
vt 0.111328125 0.087158203125
vt 0.359375 0.843505859375
vt 0.0341796875 0.395751953125
vt 0.9072265625 0.837646484375
vt 0.768798828125 0.1708984375
vt 0.954345703125 0.9365234375
vt 0.78759765625 0.083740234375
vt 0.773193359375 0.16650390625
vt 0.9521484375 0.92138671875
vt 0.0986328125 0.076416015625
vt 0.350830078125 0.85693359375
vt 0.029052734375 0.427490234375
vt 0.76318359375 0.17919921875
vt 0.777587890625 0.211669921875
vt 0.930419921875 0.8720703125
vt 0.486572265625 0.8759765625
vt 0.77880859375 0.21875
vt 0.9130859375 0.85791015625
vt 0.002685546875 0.428955078125
vt 0.787841796875 0.0712890625
vt 0.897216796875 0.83349609375
vt 0.513671875 0.862548828125
vt 0.909423828125 0.868408203125
vt 0.428955078125 0.88623046875
vt 0.67529296875 0.081298828125
vt 0.464599609375 0.878662109375
vt 0.861328125 0.8447265625
vt 0.04541015625 0.442138671875
vt 0.51318359375 0.86328125
vt 0.51806640625 0.856201171875
vt 0.52587890625 0.844970703125
vt 0.780517578125 0.090087890625
vt 0.342041015625 0.875
vt 0.93603515625 0.819091796875
vt 0.933837890625 0.25732421875
vt 0.09130859375 0.122314453125
vt 0.896240234375 0.164306640625
vt 0.782470703125 0.127685546875
vt 0.79150390625 0.275390625
vt 0.87646484375 0.32373046875
vt 0.7890625 0.078125
vt 0.92919921875 0.848388671875
vt 0.448974609375 0.880859375
vt 0.877197265625 0.8740234375
vt 0.9287109375 0.24462890625
vt 0.089599609375 0.1650390625
vt 0.92041015625 0.19970703125
vt 0.474609375 0.881103515625
vt 0.784423828125 0.228515625
vt 0.898193359375 0.87451171875
vt 0.869140625 0.867919921875
vt 0.784423828125 0.158935546875
vt 0.949462890625 0.906982421875
vt 0.888916015625 0.875732421875
vt 0.918701171875 0.288818359375
vt 0.86376953125 0.856201171875
vt 0.08837890625 0.136474609375
vt 0.903076171875 0.1767578125
vt 0.7548828125 0.125
vt 0.0107421875 0.430908203125
vt 0.909423828125 0.853271484375
vt 0.08837890625 0.109375
vt 0.886474609375 0.157958984375
vt 0.930419921875 0.84326171875
vt 0.373779296875 0.830322265625
vt 0.90771484375 0.30126953125
vt 0.781982421875 0.21142578125
vt 0.87109375 0.83740234375
vt 0.932373046875 0.82958984375
vt 0.931396484375 0.26708984375
vt 0.904541015625 0.867919921875
vt 0.740234375 0.1162109375
vt 0.6904296875 0.092529296875
vt 0.1044921875 0.090087890625
vt 0.883544921875 0.83544921875
vt 0.90380859375 0.84375
vt 0.92822265625 0.2734375
vt 0.386962890625 0.834228515625
vt 0.796875 0.268310546875
vt 0.885009765625 0.314208984375
vt 0.09912109375 0.095947265625
vt 0.921630859375 0.2822265625
vt 0.791259765625 0.08740234375
vt 0.7822265625 0.16748046875
vt 0.041015625 0.40478515625
vt 0.041015625 0.4033203125
vt 0.76025390625 0.20263671875
vt 0.8701171875 0.84716796875
vt 0.88427734375 0.159912109375
vt 0.045654296875 0.390625
vt 0.76416015625 0.197021484375
vt 0.044677734375 0.40478515625
vt 0.881103515625 0.8681640625
vt 0.711181640625 0.1025390625
vt 0.796875 0.1533203125
vt 0.94873046875 0.892578125
vt 0.871337890625 0.8564453125
vt 0.767822265625 0.1875
vt 0.093994140625 0.08154296875
vt 0.359375 0.859375
vt 0.95458984375 0.8017578125
vt 0.90380859375 0.854248046875
vt 0.0908203125 0.1025390625
vt 0.886962890625 0.151611328125
vt 0.89453125 0.8662109375
vt 0.35205078125 0.87158203125
vt 0.946044921875 0.814453125
vt 0.774658203125 0.17724609375
vt 0.702880859375 0.0966796875
vt 0.900390625 0.8486328125
vt 0.1005859375 0.09130859375
vt 0.521728515625 0.86279296875
vt 0.03662109375 0.434814453125
vt 0.787353515625 0.2099609375
vt 0.937255859375 0.848388671875
vt 0.7880859375 0.0927734375
vt 0.891845703125 0.84375
vt 0.8798828125 0.8447265625
vt 0.048828125 0.40380859375
vt 0.765869140625 0.205322265625
vt 0.9111328125 0.290283203125
vt 0.927490234375 0.261962890625
vt 0.89794921875 0.8583984375
vt 0.732177734375 0.106689453125
vt 0.940185546875 0.8603515625
vt 0.88818359375 0.305419921875
vt 0.879150390625 0.854736328125
vt 0.91650390625 0.219970703125
vt 0.78759765625 0.22021484375
vt 0.88818359375 0.169677734375
vt 0.886474609375 0.85888671875
vt 0.4599609375 0.888427734375
vt 0.791015625 0.23828125
vt 0.8896484375 0.8525390625
vt 0.79443359375 0.07861328125
vt 0.80908203125 0.150146484375
vt 0.94775390625 0.876220703125
vt 0.04541015625 0.45068359375
vt 0.520751953125 0.8671875
vt 0.04248046875 0.44775390625
vt 0.765380859375 0.1103515625
vt 0.867431640625 0.314697265625
vt 0.7919921875 0.208740234375
vt 0.794677734375 0.082763671875
vt 0.43115234375 0.900146484375
vt 0.685302734375 0.071533203125
vt 0.801513671875 0.259765625
vt 0.021240234375 0.438232421875
vt 0.054931640625 0.403564453125
vt 0.77099609375 0.206298828125
vt 0.797119140625 0.166259765625
vt 0.9208984375 0.271728515625
vt 0.694091796875 0.078369140625
vt 0.055419921875 0.3994140625
vt 0.771240234375 0.205078125
vt 0.52880859375 0.858154296875
vt 0.77294921875 0.106689453125
vt 0.877685546875 0.164794921875
vt 0.796630859375 0.093017578125
vt 0.9423828125 0.84326171875
vt 0.94384765625 0.82958984375
vt 0.82177734375 0.143310546875
vt 0.947021484375 0.863037109375
vt 0.910400390625 0.20947265625
vt 0.796630859375 0.08740234375
vt 0.793212890625 0.22412109375
vt 0.916259765625 0.2763671875
vt 0.093505859375 0.094482421875
vt 0.88427734375 0.1416015625
vt 0.0859375 0.083984375
vt 0.873291015625 0.13720703125
vt 0.960205078125 0.805908203125
vt 0.798095703125 0.20751953125
vt 0.716796875 0.091796875
vt 0.82958984375 0.287841796875
vt 0.776123046875 0.204833984375
vt 0.7861328125 0.10205078125
vt 0.802001953125 0.207275390625
vt 0.70849609375 0.08642578125
vt 0.033203125 0.440185546875
vt 0.77734375 0.2001953125
vt 0.781982421875 0.185546875
vt 0.88916015625 0.18798828125
vt 0.912841796875 0.240478515625
vt 0.73974609375 0.096923828125
vt 0.845947265625 0.300048828125
vt 0.02734375 0.441162109375
vt 0.816162109375 0.158203125
vt 0.95654296875 0.870849609375
vt 0.79931640625 0.218017578125
vt 0.0087890625 0.4443359375
vt 0.804443359375 0.067138671875
vt 0.7998046875 0.231689453125
vt 0.798583984375 0.085205078125
vt 0.833984375 0.145751953125
vt 0.94970703125 0.851806640625
vt 0.886474609375 0.2919921875
vt 0.91162109375 0.273193359375
vt 0.81005859375 0.203857421875
vt 0.855224609375 0.137451171875
vt 0.95263671875 0.82470703125
vt 0.865234375 0.3056640625
vt 0.917724609375 0.2666015625
vt 0.088623046875 0.096435546875
vt 0.8828125 0.146728515625
vt 0.757080078125 0.100341796875
vt 0.860595703125 0.308837890625
vt 0.8076171875 0.203857421875
vt 0.5302734375 0.86962890625
vt 0.780029296875 0.204345703125
vt 0.80078125 0.0966796875
vt 0.04248046875 0.458740234375
vt 0.528076171875 0.87353515625
vt 0.016845703125 0.44482421875
vt 0.81689453125 0.20068359375
vt 0.826416015625 0.15185546875
vt 0.958740234375 0.856689453125
vt 0.80224609375 0.22802734375
vt 0.80419921875 0.2236328125
vt 0.869873046875 0.17041015625
vt 0.783203125 0.1923828125
vt 0.8154296875 0.199951171875
vt 0.703125 0.066650390625
vt 0.81396484375 0.258056640625
vt 0.801025390625 0.09130859375
vt 0.82470703125 0.197265625
vt 0.7958984375 0.1025390625
vt 0.03466796875 0.4453125
vt 0.812744140625 0.2236328125
vt 0.85107421875 0.14453125
vt 0.95703125 0.8310546875
vt 0.87939453125 0.15185546875
vt 0.815673828125 0.2158203125
vt 0.853515625 0.297119140625
vt 0.893310546875 0.203369140625
vt 0.8857421875 0.27490234375
vt 0.80322265625 0.203369140625
vt 0.87890625 0.149169921875
vt 0.7978515625 0.18212890625
vt 0.810302734375 0.2392578125
vt 0.83056640625 0.194091796875
vt 0.82421875 0.225830078125
vt 0.035888671875 0.45166015625
vt 0.865966796875 0.284912109375
vt 0.03173828125 0.446533203125
vt 0.8955078125 0.2626953125
vt 0.904541015625 0.23779296875
vt 0.834716796875 0.193359375
vt 0.831298828125 0.213623046875
vt 0.823486328125 0.19580078125
vt 0.786865234375 0.202392578125
vt 0.832275390625 0.20166015625
vt 0.8212890625 0.16845703125
vt 0.81689453125 0.249267578125
vt 0.8046875 0.1005859375
vt 0.845703125 0.287109375
vt 0.717529296875 0.07861328125
vt 0.826171875 0.27490234375
vt 0.80322265625 0.091552734375
vt 0.905517578125 0.24853515625
vt 0.86474609375 0.17431640625
vt 0.83935546875 0.19921875
vt 0.899658203125 0.221435546875
vt 0.534912109375 0.87548828125
vt 0.843017578125 0.18798828125
vt 0.849609375 0.22802734375
vt 0.54248046875 0.869384765625
vt 0.833251953125 0.159912109375
vt 0.83447265625 0.191162109375
vt 0.865966796875 0.150390625
vt 0.845703125 0.187744140625
vt 0.852783203125 0.220458984375
vt 0.72900390625 0.07958984375
vt 0.838623046875 0.280517578125
vt 0.860107421875 0.270751953125
vt 0.883544921875 0.2568359375
vt 0.033203125 0.45263671875
vt 0.724853515625 0.076904296875
vt 0.832763671875 0.276123046875
vt 0.860107421875 0.202392578125
vt 0.856689453125 0.18017578125
vt 0.031005859375 0.45263671875
vt 0.8369140625 0.2763671875
vt 0.849853515625 0.1572265625
vt 0.874755859375 0.156005859375
vt 0.79296875 0.200439453125
vt 0.794189453125 0.194091796875
vt 0.873046875 0.22900390625
vt 0.860595703125 0.177490234375
vt 0.849853515625 0.182861328125
vt 0.897705078125 0.23681640625
vt 0.870361328125 0.19189453125
vt 0.83154296875 0.271728515625
vt 0.021484375 0.452880859375
vt 0.811279296875 0.07958984375
vt 0.844482421875 0.26318359375
vt 0.861328125 0.25244140625
vt 0.8837890625 0.212158203125
vt 0.835693359375 0.1669921875
vt 0.869384765625 0.161865234375
vt 0.815673828125 0.181640625
vt 0.81005859375 0.1962890625
vt 0.876953125 0.242919921875
vt 0.541015625 0.87451171875
vt 0.04296875 0.470458984375
vt 0.5361328125 0.880126953125
vt 0.891357421875 0.232421875
vt 0.893798828125 0.22900390625
vt 0.789306640625 0.11572265625
vt 0.870849609375 0.157958984375
vt 0.808349609375 0.096923828125
vt 0.798095703125 0.19921875
vt 0.009765625 0.459228515625
vt 0.81689453125 0.0712890625
vt 0.81103515625 0.105712890625
vt 0.863037109375 0.1689453125
vt 0.85693359375 0.1767578125
vt 0.54052734375 0.882080078125
vt 0.847412109375 0.1689453125
vt 0.80126953125 0.112060546875
vt 0.801513671875 0.197509765625
vt 0.865478515625 0.164306640625
vt 0.553955078125 0.865966796875
vt 0.785400390625 0.120361328125
vt 0.80859375 0.1943359375
vt 0.02099609375 0.4599609375
vt 0.03466796875 0.461669921875
vt 0.792236328125 0.118408203125
vt 0.816650390625 0.191650390625
vt 0.840087890625 0.174560546875
vt 0.857666015625 0.173828125
vt 0.858642578125 0.17138671875
vt 0.83984375 0.182861328125
vt 0.826171875 0.187744140625
vt 0.852783203125 0.1767578125
vt 0.82470703125 0.186767578125
vt 0.830810546875 0.185791015625
vt 0.027587890625 0.462890625
vt 0.045166015625 0.4814453125
vt 0.54638671875 0.886474609375
vt 0.850830078125 0.176025390625
vt 0.8134765625 0.10107421875
vt 0.841064453125 0.1806640625
vt 0.832763671875 0.18359375
vt 0.81640625 0.10986328125
vt 0.548583984375 0.883056640625
vt 0.54931640625 0.876220703125
vt 0.555419921875 0.875732421875
vt 0.817138671875 0.104736328125
vt 0.02392578125 0.468017578125
vt 0.55126953125 0.88232421875
vt 0.81982421875 0.11328125
vt 0.04541015625 0.489013671875
vt 0.55126953125 0.888671875
vt 0.0361328125 0.47412109375
vt 0.012939453125 0.4716796875
vt 0.828857421875 0.071044921875
vt 0.808349609375 0.121337890625
vt 0.568603515625 0.8779296875
vt 0.80322265625 0.125244140625
vt 0.8212890625 0.103759765625
vt 0.5556640625 0.880859375
vt 0.554931640625 0.890625
vt 0.82421875 0.09423828125
vt 0.821533203125 0.107666015625
vt 0.828857421875 0.080078125
vt 0.82470703125 0.117919921875
vt 0.8232421875 0.107666015625
vt 0.045654296875 0.496337890625
vt 0.26953125 0.999755859375
vt 0.55908203125 0.89404296875
vt 0.02001953125 0.4775390625
vt 0.83935546875 0.064453125
vt 0.824951171875 0.111572265625
vt 0.266357421875 0.998779296875
vt 0.5634765625 0.895263671875
vt 0.827392578125 0.120849609375
vt 0.56591796875 0.884521484375
vt 0.03662109375 0.4853515625
vt 0.827880859375 0.1123046875
vt 0.24462890625 0.999755859375
vt 0.562744140625 0.88916015625
vt 0.82080078125 0.12744140625
vt 0.26416015625 0.994140625
vt 0.834716796875 0.096923828125
vt 0.830078125 0.114501953125
vt 0.83203125 0.1240234375
vt 0.840087890625 0.08154296875
vt 0.03662109375 0.4931640625
vt 0.266845703125 0.993408203125
vt 0.25439453125 0.99365234375
vt 0.213623046875 0.99072265625
vt 0.57568359375 0.88525390625
vt 0.8046875 0.139404296875
vt 0.921142578125 0.30712890625
vt 0.836181640625 0.106689453125
vt 0.23583984375 0.99462890625
vt 0.57177734375 0.894287109375
vt 0.260498046875 0.989501953125
vt 0.847412109375 0.07470703125
vt 0.225341796875 0.9921875
vt 0.574462890625 0.89111328125
vt 0.834228515625 0.1181640625
vt 0.263916015625 0.989501953125
vt 0.262451171875 0.987548828125
vt 0.82568359375 0.1337890625
vt 0.937744140625 0.298583984375
vt 0.03662109375 0.50146484375
vt 0.276123046875 0.990966796875
vt 0.838134765625 0.128173828125
vt 0.9482421875 0.290771484375
vt 0.254638671875 0.987548828125
vt 0.260986328125 0.985107421875
vt 0.83935546875 0.122802734375
vt 0.951416015625 0.28564453125
vt 0.848876953125 0.085693359375
vt 0.839599609375 0.12109375
vt 0.25537109375 0.9814453125
vt 0.205810546875 0.980224609375
vt 0.931640625 0.308837890625
vt 0.217529296875 0.982666015625
vt 0.258544921875 0.9814453125
vt 0.240478515625 0.98583984375
vt 0.84814453125 0.095458984375
vt 0.939453125 0.304931640625
vt 0.2734375 0.98681640625
vt 0.0166015625 0.502197265625
vt 0.290771484375 0.9580078125
vt 0.8564453125 0.077880859375
vt 0.029052734375 0.5068359375
vt 0.28125 0.97509765625
vt 0.950439453125 0.29736328125
vt 0.253662109375 0.977783203125
vt 0.229736328125 0.982421875
vt 0.843505859375 0.123046875
vt 0.955078125 0.28759765625
vt 0.2900390625 0.9423828125
vt 0.853271484375 0.08984375
vt 0.986328125 0.281005859375
vt 0.21484375 0.977783203125
vt 0.271240234375 0.983154296875
vt 0.268310546875 0.98388671875
vt 0.25439453125 0.975830078125
vt 0.20849609375 0.9755859375
vt 0.934814453125 0.316650390625
vt 0.275390625 0.976318359375
vt 0.945068359375 0.30810546875
vt 0.951904296875 0.302734375
vt 0.283447265625 0.9619140625
vt 0.25244140625 0.973388671875
vt 0.265625 0.980224609375
vt 0.28564453125 0.95166015625
vt 0.86181640625 0.08251953125
vt 0.238037109375 0.977294921875
vt 0.943603515625 0.31494140625
vt 0.95458984375 0.2939453125
vt 0.2666015625 0.978515625
vt 0.261962890625 0.9755859375
vt 0.27685546875 0.959228515625
vt 0.271240234375 0.96875
vt 0.94970703125 0.313232421875
vt 0.96484375 0.2939453125
vt 0.95751953125 0.296875
vt 0.95556640625 0.309326171875
vt 0.2490234375 0.96875
vt 0.2802734375 0.94970703125
vt 0.269775390625 0.965576171875
vt 0.274658203125 0.927490234375
vt 0.979248046875 0.29296875
vt 0.226318359375 0.970703125
vt 0.213134765625 0.962890625
vt 0.94189453125 0.32470703125
vt 0.2626953125 0.97265625
vt 0.245361328125 0.9677734375
vt 0.9580078125 0.302001953125
vt 0.238037109375 0.96875
vt 0.220947265625 0.963623046875
vt 0.27734375 0.936279296875
vt 0.98974609375 0.2880859375
vt 0.970703125 0.298583984375
vt 0.245849609375 0.964111328125
vt 0.259521484375 0.969482421875
vt 0.96484375 0.301513671875
vt 0.213623046875 0.943115234375
vt 0.95458984375 0.32177734375
vt 0.258056640625 0.9677734375
vt 0.96142578125 0.303466796875
vt 0.958251953125 0.31787109375
vt 0.960693359375 0.306396484375
vt 0.9609375 0.31689453125
vt 0.26904296875 0.951171875
vt 0.259521484375 0.964111328125
vt 0.26953125 0.943359375
vt 0.97021484375 0.309326171875
vt 0.249267578125 0.960693359375
vt 0.217529296875 0.931640625
vt 0.961669921875 0.323486328125
vt 0.259033203125 0.91796875
vt 0.980712890625 0.31005859375
vt 0.23779296875 0.956298828125
vt 0.964111328125 0.3134765625
vt 0.22412109375 0.93505859375
vt 0.262939453125 0.950927734375
vt 0.240966796875 0.953857421875
vt 0.261474609375 0.928466796875
vt 0.228515625 0.944091796875
vt 0.966796875 0.31494140625
vt 0.255859375 0.9599609375
vt 0.228271484375 0.937744140625
vt 0.2314453125 0.9404296875
vt 0.258544921875 0.939453125
vt 0.22509765625 0.927734375
vt 0.23486328125 0.943603515625
vt 0.25048828125 0.955078125
vt 0.22412109375 0.923828125
vt 0.96728515625 0.322021484375
vt 0.23193359375 0.931640625
vt 0.2470703125 0.951171875
vt 0.24609375 0.932373046875
vt 0.2314453125 0.9267578125
vt 0.243896484375 0.947265625
vt 0.23974609375 0.94482421875
vt 0.246337890625 0.940673828125
vt 0.23681640625 0.937744140625
vt 0.237060546875 0.9287109375
vt 0.2353515625 0.931640625
vt 0.239013671875 0.94140625
vt 0.239013671875 0.934814453125
vt 0.042724609375 0.125244140625
vt 0.284423828125 0.167236328125
vt 0.07177734375 0.900146484375
vt 0.727783203125 0.030029296875
vt 0.00634765625 0.523193359375
vt 0.439453125 0.904296875
vt 0.927001953125 0.059326171875
vt 0.305908203125 0.71630859375
vt 0.924560546875 0.04736328125
vt 0.170654296875 0.47119140625
vt 0.2216796875 0.760009765625
vt 0.43896484375 0.910888671875
vt 0.460693359375 0.938232421875
vt 0.464599609375 0.945556640625
vt 0.662353515625 0.95849609375
vt 0.453369140625 0.92919921875
vt 0.44482421875 0.918701171875
vt 0.30810546875 0.718017578125
vt 0.924072265625 0.04443359375
vt 0.25390625 0.2705078125
vt 0.804443359375 0.792724609375
vt 0.17529296875 0.695556640625
vt 0.18359375 0.77587890625
vt 0.290283203125 0.189208984375
vt 0.27734375 0.178955078125
vt 0.037353515625 0.128662109375
vt 0.01904296875 0.52197265625
vt 0.437744140625 0.919921875
vt 0.2978515625 0.197998046875
vt 0.629638671875 0.53955078125
vt 0.1630859375 0.4736328125
vt 0.013916015625 0.523193359375
vt 0.4375 0.914306640625
vt 0.45703125 0.56787109375
vt 0.294189453125 0.206298828125
vt 0.74462890625 0.048583984375
vt 0.02587890625 0.51806640625
vt 0.437744140625 0.927490234375
vt 0.26904296875 0.2490234375
vt 0.0849609375 0.8779296875
vt 0.245361328125 0.460205078125
vt 0.27734375 0.99951171875
vt 0.001708984375 0.063232421875
vt 0.250732421875 0.154052734375
vt 0.7138671875 0.617431640625
vt 0.26025390625 0.259521484375
vt 0.44873046875 0.556396484375
vt 0.6650390625 0.278564453125
vt 0.248291015625 0.27783203125
vt 0.282958984375 0.211669921875
vt 0.290283203125 0.212890625
vt 0 0.059814453125
vt 0.245849609375 0.152587890625
vt 0.46630859375 0.97021484375
vt 0.0322265625 0.517822265625
vt 0.437255859375 0.931884765625
vt 0.357666015625 0.705078125
vt 0.279052734375 0.1943359375
vt 0.654052734375 0.27392578125
vt 0.73779296875 0.4755859375
vt 0.2470703125 0.275634765625
vt 0.18359375 0.447509765625
vt 0.281982421875 0.125244140625
vt 0.236328125 0.154296875
vt 0.46240234375 0.963623046875
vt 0.27587890625 0.22607421875
vt 0.04736328125 0.503662109375
vt 0.44970703125 0.94482421875
vt 0.2548828125 0.26171875
vt 0.240234375 0.265380859375
vt 0.66162109375 0.30029296875
vt 0.28515625 0.221435546875
vt 0.776611328125 0.7783203125
vt 0.268310546875 0.24755859375
vt 0.261962890625 0.253173828125
vt 0.583740234375 0.76318359375
vt 0.037109375 0.920654296875
vt 0.2353515625 0.257568359375
vt 0.60107421875 0.76220703125
vt 0.759033203125 0.064697265625
vt 0.040283203125 0.5185546875
vt 0.265625 0.19189453125
vt 0.26953125 0.23779296875
vt 0.755615234375 0.771240234375
vt 0.281494140625 0.228271484375
vt 0.2548828125 0.175048828125
vt 0.2431640625 0.160888671875
vt 0.229736328125 0.413818359375
vt 0.360595703125 0.70263671875
vt 0.458251953125 0.958740234375
vt 0.263427734375 0.21630859375
vt 0.744873046875 0.45068359375
vt 0.25390625 0.2421875
vt 0.0322265625 0.93701171875
vt 0.22998046875 0.246337890625
vt 0.472412109375 0.57470703125
vt 0.0615234375 0.927978515625
vt 0.73681640625 0.0380859375
vt 0.73583984375 0.49072265625
vt 0.7158203125 0.635986328125
vt 0.274169921875 0.242431640625
vt 0.247802734375 0.170654296875
vt 0.438232421875 0.540283203125
vt 0.767333984375 0.068359375
vt 0.255859375 0.228515625
vt 0.22705078125 0.15966796875
vt 0.455810546875 0.960205078125
vt 0.72412109375 0.5419921875
vt 0.25146484375 0.182373046875
vt 0.25537109375 0.207275390625
vt 0.62255859375 0.4111328125
vt 0.04736328125 0.516357421875
vt 0.8955078125 0.511474609375
vt 0.2265625 0.235595703125
vt 0.292724609375 0.10498046875
vt 0.05712890625 0.496337890625
vt 0.216796875 0.162841796875
vt 0.447998046875 0.956298828125
vt 0.236083984375 0.22802734375
vt 0.66162109375 0.281982421875
vt 0.276611328125 0.236328125
vt 0.239501953125 0.211669921875
vt 0.249267578125 0.190673828125
vt 0.230224609375 0.250244140625
vt 0.158203125 0.47900390625
vt 0.054931640625 0.5048828125
vt 0.206787109375 0.168701171875
vt 0.88720703125 0.507568359375
vt 0.23291015625 0.17578125
vt 0.747802734375 0.4423828125
vt 0.22265625 0.223388671875
vt 0.05419921875 0.514404296875
vt 0.8935546875 0.506591796875
vt 0.236328125 0.2626953125
vt 0.226318359375 0.23974609375
vt 0.235595703125 0.4189453125
vt 0.225830078125 0.209228515625
vt 0.891845703125 0.502197265625
vt 0.3896484375 0.46533203125
vt 0.574462890625 0.257568359375
vt 0.21923828125 0.214599609375
vt 0.2412109375 0.184326171875
vt 0.614990234375 0.7607421875
vt 0.889892578125 0.49560546875
vt 0.470703125 0.571533203125
vt 0.217529296875 0.185546875
vt 0.235595703125 0.189208984375
vt 0.19873046875 0.7802734375
vt 0.716552734375 0.657958984375
vt 0.226806640625 0.193359375
vt 0.217529296875 0.20751953125
vt 0.222412109375 0.22705078125
vt 0.211181640625 0.1943359375
vt 0.88427734375 0.48779296875
vt 0.20703125 0.187255859375
vt 0.886962890625 0.491455078125
vt 0.214111328125 0.2021484375
vt 0.883056640625 0.481201171875
vt 0.6142578125 0.266357421875
vt 0.044921875 0.519775390625
vt 0.8984375 0.514404296875
vt 0.59423828125 0.262451171875
vt 0.679443359375 0.761962890625
vt 0.77197265625 0.436279296875
vt 0.81396484375 0.793701171875
vt 0.631103515625 0.383544921875
vt 0.311767578125 0.717041015625
vt 0.92138671875 0.041748046875
vt 0.216552734375 0.2099609375
vt 0.882080078125 0.47509765625
vt 0.17041015625 0.5791015625
vt 0.2314453125 0.740234375
vt 0.892822265625 0.5
vt 0.134765625 0.517578125
vt 0.561279296875 0.7626953125
vt 0.750244140625 0.440673828125
vt 0.30712890625 0.714599609375
vt 0.75244140625 0.053955078125
vt 0.15869140625 0.47216796875
vt 0.72900390625 0.52978515625
vt 0.327392578125 0.715087890625
vt 0.029052734375 0.95068359375
vt 0.15625 0.47998046875
vt 0.604248046875 0.53759765625
vt 0.22998046875 0.32470703125
vt 0.05224609375 0.896240234375
vt 0.64404296875 0.28125
vt 0.737548828125 0.49951171875
vt 0.167236328125 0.770751953125
vt 0.654052734375 0.964599609375
vt 0.655029296875 0.520751953125
vt 0.730712890625 0.519287109375
vt 0.04541015625 0.908935546875
vt 0.44140625 0.51025390625
vt 0.758056640625 0.059814453125
vt 0.4560546875 0.53955078125
vt 0.65625 0.287353515625
vt 0.73681640625 0.764892578125
vt 0.155517578125 0.478515625
vt 0.6083984375 0.43115234375
vt 0.721435546875 0.762451171875
vt 0.7626953125 0.766357421875
vt 0.724609375 0.590576171875
vt 0.17822265625 0.666748046875
vt 0.479736328125 0.565185546875
vt 0.031982421875 0.9462890625
vt 0.4853515625 0.563232421875
vt 0.3330078125 0.7109375
vt 0.055419921875 0.126708984375
vt 0.28857421875 0.0751953125
vt 0.157470703125 0.469970703125
vt 0.72412109375 0.59912109375
vt 0.754638671875 0.7646484375
vt 0.72802734375 0.558837890625
vt 0.28125 0.1162109375
vt 0.731689453125 0.510986328125
vt 0.51953125 0.554931640625
vt 0.727294921875 0.572998046875
vt 0.397216796875 0.463623046875
vt 0.567626953125 0.267578125
vt 0.152587890625 0.4814453125
vt 0.475830078125 0.55615234375
vt 0.173583984375 0.68212890625
vt 0.235107421875 0.407470703125
vt 0.033935546875 0.947509765625
vt 0.155029296875 0.4853515625
vt 0.750244140625 0.45654296875
vt 0.484375 0.561767578125
vt 0.038330078125 0.9365234375
vt 0.650634765625 0.959228515625
vt 0.23974609375 0.412109375
vt 0.68896484375 0.758056640625
vt 0.17333984375 0.4521484375
vt 0.580078125 0.27197265625
vt 0.23974609375 0.27880859375
vt 0.178955078125 0.640625
vt 0.74365234375 0.490478515625
vt 0.1796875 0.44189453125
vt 0.275634765625 0.12548828125
vt 0.03857421875 0.939453125
vt 0.722900390625 0.64208984375
vt 0.15283203125 0.474609375
vt 0.73388671875 0.521728515625
vt 0.176025390625 0.767822265625
vt 0.734619140625 0.76123046875
vt 0.300048828125 0.710205078125
vt 0.173828125 0.591552734375
vt 0.24365234375 0.42529296875
vt 0.459716796875 0.5263671875
vt 0.352783203125 0.7021484375
vt 0.163818359375 0.764892578125
vt 0.743408203125 0.49755859375
vt 0.166015625 0.462890625
vt 0.16748046875 0.46240234375
vt 0.333984375 0.708740234375
vt 0.607421875 0.277587890625
vt 0.671875 0.755615234375
vt 0.753173828125 0.453857421875
vt 0.599853515625 0.437255859375
vt 0.648681640625 0.953369140625
vt 0.177734375 0.62109375
vt 0.45703125 0.442138671875
vt 0.749755859375 0.046875
vt 0.152099609375 0.46826171875
vt 0.729248046875 0.582763671875
vt 0.64990234375 0.293701171875
vt 0.150146484375 0.47705078125
vt 0.177490234375 0.61083984375
vt 0.176025390625 0.5986328125
vt 0.63720703125 0.522216796875
vt 0.48974609375 0.556640625
vt 0.450439453125 0.48486328125
vt 0.75634765625 0.05419921875
vt 0.5703125 0.53857421875
vt 0.2294921875 0.404541015625
vt 0.35498046875 0.699951171875
vt 0.04345703125 0.927734375
vt 0.794189453125 0.453125
vt 0.7958984375 0.774658203125
vt 0.739013671875 0.760009765625
vt 0.04345703125 0.929443359375
vt 0.222412109375 0.339111328125
vt 0.236083984375 0.7255859375
vt 0.644775390625 0.327392578125
vt 0.634521484375 0.289306640625
vt 0.731689453125 0.572509765625
vt 0.7587890625 0.443603515625
vt 0.340087890625 0.70556640625
vt 0.575439453125 0.536376953125
vt 0.64697265625 0.29931640625
vt 0.89306640625 0.482421875
vt 0.14111328125 0.53076171875
vt 0.54345703125 0.75830078125
vt 0.568359375 0.279296875
vt 0.14794921875 0.4677734375
vt 0.043701171875 0.95068359375
vt 0.14599609375 0.4921875
vt 0.48291015625 0.386474609375
vt 0.753173828125 0.464599609375
vt 0.24169921875 0.4033203125
vt 0.406494140625 0.460693359375
vt 0.5595703125 0.27880859375
vt 0.12646484375 0.509765625
vt 0.4296875 0.969970703125
vt 0.572998046875 0.75390625
vt 0.487060546875 0.549072265625
vt 0.23974609375 0.396728515625
vt 0.359375 0.69482421875
vt 0.094482421875 0.892822265625
vt 0.259765625 0.45703125
vt 0.0478515625 0.919921875
vt 0.60205078125 0.4267578125
vt 0.45751953125 0.496826171875
vt 0.761962890625 0.054931640625
vt 0.255859375 0.37890625
vt 0.737060546875 0.7578125
vt 0.757568359375 0.759033203125
vt 0.451171875 0.476806640625
vt 0.75537109375 0.051025390625
vt 0.01953125 0.533203125
vt 0.61669921875 0.391357421875
vt 0.1416015625 0.484619140625
vt 0.472900390625 0.39697265625
vt 0.751708984375 0.474365234375
vt 0.501708984375 0.550048828125
vt 0.49365234375 0.548828125
vt 0.221923828125 0.256103515625
vt 0.231201171875 0.303466796875
vt 0.304443359375 0.709228515625
vt 0.6318359375 0.353759765625
vt 0.281494140625 0.10595703125
vt 0.05078125 0.9130859375
vt 0.749755859375 0.486328125
vt 0.431640625 0.95703125
vt 0.591552734375 0.749267578125
vt 0.05126953125 0.9365234375
vt 0.496826171875 0.371337890625
vt 0.08544921875 0.91357421875
vt 0.643310546875 0.298095703125
vt 0.3330078125 0.706298828125
vt 0.749755859375 0.500244140625
vt 0.243896484375 0.389404296875
vt 0.62158203125 0.519775390625
vt 0.14306640625 0.467529296875
vt 0.484375 0.531005859375
vt 0.140380859375 0.47802734375
vt 0.75048828125 0.498291015625
vt 0.2568359375 0.439208984375
vt 0.05029296875 0.135498046875
vt 0.0087890625 0.536865234375
vt 0.295166015625 0.708740234375
vt 0.24609375 0.3818359375
vt 0.5341796875 0.539794921875
vt 0.25439453125 0.386474609375
vt 0.056640625 0.904052734375
vt 0.6337890625 0.74755859375
vt 0.263916015625 0.375244140625
vt 0.502685546875 0.54638671875
vt 0.14013671875 0.466796875
vt 0.068115234375 0.950439453125
vt 0.469970703125 0.439697265625
vt 0.747314453125 0.039306640625
vt 0.4970703125 0.387939453125
vt 0.238037109375 0.39208984375
vt 0.35693359375 0.691162109375
vt 0.112060546875 0.46630859375
vt 0.262939453125 0.369140625
vt 0.134765625 0.484619140625
vt 0.322998046875 0.358154296875
vt 0.43017578125 0.000244140625
vt 0.4736328125 0.40625
vt 0.265380859375 0.3818359375
vt 0.16796875 0.6875
vt 0.193359375 0.7607421875
vt 0.343505859375 0.701171875
vt 0.164306640625 0.45703125
vt 0.060302734375 0.899169921875
vt 0.527099609375 0.3173828125
vt 0.246337890625 0.3984375
vt 0.731201171875 0.646728515625
vt 0.132568359375 0.4794921875
vt 0.312255859375 0.357177734375
vt 0.437255859375 0.00634765625
vt 0.415283203125 0.458251953125
vt 0.552001953125 0.28955078125
vt 0.776123046875 0.439697265625
vt 0.816650390625 0.780029296875
vt 0.55615234375 0.533447265625
vt 0.709716796875 0.750244140625
vt 0.5771484375 0.2939453125
vt 0.05908203125 0.91357421875
vt 0.52001953125 0.343017578125
vt 0.63916015625 0.302490234375
vt 0.702392578125 0.74951171875
vt 0.248046875 0.40234375
vt 0.4609375 0.46435546875
vt 0.75390625 0.0458984375
vt 0.314697265625 0.71142578125
vt 0.132568359375 0.471435546875
vt 0.128173828125 0.478271484375
vt 0.30322265625 0.361328125
vt 0.139404296875 0.464599609375
vt 0.272705078125 0.372802734375
vt 0.7607421875 0.46044921875
vt 0.211669921875 0.234619140625
vt 0.1171875 0.46630859375
vt 0.2724609375 0.36181640625
vt 0.60498046875 0.29833984375
vt 0.282470703125 0.373779296875
vt 0.123779296875 0.47216796875
vt 0.291259765625 0.361083984375
vt 0.31005859375 0.363525390625
vt 0.441650390625 0.000244140625
vt 0.306884765625 0.708740234375
vt 0.3056640625 0.365478515625
vt 0.12841796875 0.466552734375
vt 0.06640625 0.8916015625
vt 0.535888671875 0.306884765625
vt 0.755615234375 0.484619140625
vt 0.4794921875 0.504150390625
vt 0.6591796875 0.74609375
vt 0.114501953125 0.471923828125
vt 0.27734375 0.36767578125
vt 0.639892578125 0.5087890625
vt 0.64111328125 0.977294921875
vt 0.28173828125 0.37890625
vt 0.25439453125 0.415283203125
vt 0.489990234375 0.40234375
vt 0.592529296875 0.439697265625
vt 0.637939453125 0.964599609375
vt 0.220947265625 0.732421875
vt 0.73486328125 0.709716796875
vt 0.748291015625 0.5068359375
vt 0.068115234375 0.888671875
vt 0.4248046875 0.459716796875
vt 0.54052734375 0.303466796875
vt 0.162109375 0.583984375
vt 0.33349609375 0.703369140625
vt 0.201416015625 0.7548828125
vt 0.732177734375 0.6806640625
vt 0.638671875 0.30615234375
vt 0.4990234375 0.5224609375
vt 0.513916015625 0.53955078125
vt 0.758544921875 0.472900390625
vt 0.17041015625 0.658203125
vt 0.626220703125 0.3056640625
vt 0.724365234375 0.749267578125
vt 0.613037109375 0.381591796875
vt 0.27294921875 0.39599609375
vt 0.259033203125 0.42724609375
vt 0.90185546875 0.483642578125
vt 0.604248046875 0.5166015625
vt 0.744384765625 0.521240234375
vt 0.2294921875 0.281982421875
vt 0.509521484375 0.533447265625
vt 0.756103515625 0.497802734375
vt 0.42041015625 0.456298828125
vt 0.54833984375 0.298095703125
vt 0.167236328125 0.443359375
vt 0.228271484375 0.390625
vt 0.351318359375 0.6962890625
vt 0.031982421875 0.147705078125
vt 0.16455078125 0.75732421875
vt 0.17333984375 0.432861328125
vt 0.26513671875 0.126220703125
vt 0.282958984375 0.38818359375
vt 0.031005859375 0.537109375
vt 0.521728515625 0.368896484375
vt 0.4296875 0.94287109375
vt 0.60595703125 0.7421875
vt 0.266845703125 0.404052734375
vt 0.53955078125 0.32275390625
vt 0.511962890625 0.391357421875
vt 0.49072265625 0.501953125
vt 0.634521484375 0.30810546875
vt 0.736083984375 0.749755859375
vt 0.162109375 0.45361328125
vt 0.3134765625 0.37646484375
vt 0.55078125 0.301025390625
vt 0.15380859375 0.56640625
vt 0.26904296875 0.410400390625
vt 0.76708984375 0.44873046875
vt 0.466552734375 0.452880859375
vt 0.75244140625 0.041259765625
vt 0.106689453125 0.8916015625
vt 0.2666015625 0.442626953125
vt 0.494873046875 0.409423828125
vt 0.265869140625 0.12158203125
vt 0.275634765625 0.102294921875
vt 0.59814453125 0.41015625
vt 0.537109375 0.343017578125
vt 0.76953125 0.75048828125
vt 0.794677734375 0.473388671875
vt 0.634521484375 0.311767578125
vt 0.763427734375 0.74951171875
vt 0.79541015625 0.474853515625
vt 0.30517578125 0.38818359375
vt 0.626953125 0.311279296875
vt 0.330078125 0.369384765625
vt 0.48828125 0.415283203125
vt 0.60302734375 0.39697265625
vt 0.523681640625 0.533203125
vt 0.64794921875 0.741455078125
vt 0.289794921875 0.399658203125
vt 0.75634765625 0.749755859375
vt 0.797119140625 0.474365234375
vt 0.68701171875 0.743408203125
vt 0.039794921875 0.146240234375
vt 0.48193359375 0.47705078125
vt 0.584716796875 0.518310546875
vt 0.592041015625 0.42529296875
vt 0.765625 0.460693359375
vt 0.100830078125 0.9072265625
vt 0.58056640625 0.309814453125
vt 0.74755859375 0.52294921875
vt 0.52099609375 0.525390625
vt 0.04541015625 0.144287109375
vt 0.1240234375 0.4619140625
vt 0.284423828125 0.4130859375
vt 0.2255859375 0.281982421875
vt 0.275634765625 0.0888671875
vt 0.333251953125 0.7001953125
vt 0.130126953125 0.52783203125
vt 0.515380859375 0.512939453125
vt 0.738525390625 0.643310546875
vt 0.74609375 0.550537109375
vt 0.0966796875 0.9169921875
vt 0.552734375 0.322021484375
vt 0.218505859375 0.319580078125
vt 0.221923828125 0.722900390625
vt 0.76220703125 0.490234375
vt 0.522705078125 0.396240234375
vt 0.743896484375 0.5849609375
vt 0.60205078125 0.31689453125
vt 0.748046875 0.74560546875
vt 0.799072265625 0.47314453125
vt 0.579345703125 0.322021484375
vt 0.739990234375 0.62255859375
vt 0.093017578125 0.926513671875
vt 0.761474609375 0.498046875
vt 0.085693359375 0.93896484375
vt 0.228271484375 0.286376953125
vt 0.5205078125 0.4013671875
vt 0.631103515625 0.97265625
vt 0.644775390625 0.495361328125
vt 0.420166015625 0.962158203125
vt 0.580322265625 0.7431640625
vt 0.31396484375 0.70751953125
vt 0.510986328125 0.49658203125
vt 0.7421875 0.60400390625
vt 0.14208984375 0.546630859375
vt 0.61474609375 0.320556640625
vt 0.552490234375 0.52294921875
vt 0.4833984375 0.45263671875
vt 0.04541015625 0.538818359375
vt 0.304443359375 0.408935546875
vt 0.166015625 0.61474609375
vt 0.6259765625 0.332763671875
vt 0.630859375 0.318359375
vt 0.156005859375 0.452880859375
vt 0.518310546875 0.408203125
vt 0.115234375 0.458251953125
vt 0.25244140625 0.35595703125
vt 0.567626953125 0.518310546875
vt 0.21240234375 0.3369140625
vt 0.225830078125 0.7158203125
vt 0.7578125 0.735595703125
vt 0.082275390625 0.94921875
vt 0.75 0.529296875
vt 0.07763671875 0.955078125
vt 0.4794921875 0.439697265625
vt 0.352294921875 0.37841796875
vt 0.508544921875 0.41455078125
vt 0.54541015625 0.36376953125
vt 0.73779296875 0.74462890625
vt 0.111083984375 0.923828125
vt 0.087646484375 0.941162109375
vt 0.1640625 0.433837890625
vt 0.142333984375 0.900390625
vt 0.2998046875 0.418212890625
vt 0.630859375 0.498291015625
vt 0.323486328125 0.402099609375
vt 0.628662109375 0.322265625
vt 0.50830078125 0.482421875
vt 0.67431640625 0.73828125
vt 0.55517578125 0.342529296875
vt 0.156494140625 0.451416015625
vt 0.20361328125 0.740966796875
vt 0.73681640625 0.69140625
vt 0.5400390625 0.383056640625
vt 0.587158203125 0.42041015625
vt 0.771484375 0.455322265625
vt 0.90966796875 0.48486328125
vt 0.426025390625 0.925537109375
vt 0.624267578125 0.735595703125
vt 0.061279296875 0.140869140625
vt 0.270263671875 0.072265625
vt 0.53759765625 0.522705078125
vt 0.0830078125 0.95166015625
vt 0.62451171875 0.330078125
vt 0.173828125 0.753662109375
vt 0.1650390625 0.429931640625
vt 0.080078125 0.962158203125
vt 0.4892578125 0.445068359375
vt 0.5908203125 0.341552734375
vt 0.7421875 0.632080078125
vt 0.21875 0.378173828125
vt 0.3505859375 0.691650390625
vt 0.198974609375 0.218505859375
vt 0.897705078125 0.45751953125
vt 0.773681640625 0.467529296875
vt 0.620849609375 0.337890625
vt 0.146240234375 0.91064453125
vt 0.30908203125 0.419189453125
vt 0.611083984375 0.34033203125
vt 0.766845703125 0.4970703125
vt 0.6103515625 0.3603515625
vt 0.752197265625 0.53369140625
vt 0.5390625 0.51708984375
vt 0.08447265625 0.972900390625
vt 0.502685546875 0.454833984375
vt 0.7705078125 0.480712890625
vt 0.615478515625 0.34716796875
vt 0.772705078125 0.45068359375
vt 0.2275390625 0.3720703125
vt 0.14306640625 0.5537109375
vt 0.006103515625 0.5478515625
vt 0.294677734375 0.703369140625
vt 0.341064453125 0.6943359375
vt 0.749755859375 0.57421875
vt 0.09814453125 0.954345703125
vt 0.490966796875 0.428955078125
vt 0.558349609375 0.364013671875
vt 0.32470703125 0.700439453125
vt 0.1337890625 0.929931640625
vt 0.60400390625 0.353515625
vt 0.755126953125 0.520751953125
vt 0.609130859375 0.355712890625
vt 0.198486328125 0.917236328125
vt 0.3701171875 0.38525390625
vt 0.5263671875 0.414794921875
vt 0.052490234375 0.54150390625
vt 0.918212890625 0.498779296875
vt 0.159912109375 0.919189453125
vt 0.33056640625 0.416748046875
vt 0.546630859375 0.517578125
vt 0.577392578125 0.362548828125
vt 0.605224609375 0.36865234375
vt 0.783447265625 0.455078125
vt 0.602783203125 0.373779296875
vt 0.33447265625 0.695556640625
vt 0.162109375 0.63525390625
vt 0.10986328125 0.955078125
vt 0.529541015625 0.428955078125
vt 0.173828125 0.422607421875
vt 0.259033203125 0.119140625
vt 0.755615234375 0.74365234375
vt 0.79541015625 0.47900390625
vt 0.539306640625 0.40478515625
vt 0.590576171875 0.364013671875
vt 0.907470703125 0.47021484375
vt 0.52392578125 0.470703125
vt 0.637451171875 0.732666015625
vt 0.684326171875 0.734130859375
vt 0.774658203125 0.44775390625
vt 0.599609375 0.367919921875
vt 0.17822265625 0.420654296875
vt 0.2607421875 0.113525390625
vt 0.0390625 0.154296875
vt 0.793212890625 0.48046875
vt 0.592041015625 0.393310546875
vt 0.60009765625 0.37451171875
vt 0.533935546875 0.47705078125
vt 0.539794921875 0.45947265625
vt 0.154296875 0.443359375
vt 0.7724609375 0.49560546875
vt 0.1787109375 0.74951171875
vt 0.158203125 0.429443359375
vt 0.5380859375 0.48291015625
vt 0.776123046875 0.4501953125
vt 0.3330078125 0.694580078125
vt 0.552734375 0.513427734375
vt 0.778076171875 0.47802734375
vt 0.31396484375 0.70263671875
vt 0.183837890625 0.41748046875
vt 0.263916015625 0.1064453125
vt 0.775634765625 0.4892578125
vt 0.128173828125 0.95458984375
vt 0.735107421875 0.738037109375
vt 0.2177734375 0.299072265625
vt 0.713623046875 0.734619140625
vt 0.5859375 0.40625
vt 0.592041015625 0.386962890625
vt 0.56787109375 0.5068359375
vt 0.697509765625 0.73291015625
vt 0.58935546875 0.501953125
vt 0.153564453125 0.937255859375
vt 0.765869140625 0.50732421875
vt 0.556640625 0.510986328125
vt 0.41552734375 0.955078125
vt 0.5771484375 0.385498046875
vt 0.2021484375 0.933349609375
vt 0.542724609375 0.411376953125
vt 0.130615234375 0.97509765625
vt 0.557373046875 0.4462890625
vt 0.561767578125 0.388916015625
vt 0.78076171875 0.456298828125
vt 0.668212890625 0.730712890625
vt 0.136474609375 0.955078125
vt 0.726318359375 0.7353515625
vt 0.04296875 0.154296875
vt 0.04736328125 0.152099609375
vt 0.7880859375 0.469970703125
vt 0.173828125 0.748046875
vt 0.7822265625 0.46630859375
vt 0.677978515625 0.72998046875
vt 0.180908203125 0.9404296875
vt 0.5576171875 0.4833984375
vt 0.58251953125 0.39208984375
vt 0.20263671875 0.252197265625
vt 0.307861328125 0.7021484375
vt 0.557861328125 0.50390625
vt 0.556640625 0.402587890625
vt 0.19384765625 0.410888671875
vt 0.264892578125 0.09521484375
vt 0.586181640625 0.39892578125
vt 0.3037109375 0.701171875
vt 0.5654296875 0.5048828125
vt 0.6025390625 0.4931640625
vt 0.299072265625 0.70166015625
vt 0.621826171875 0.485595703125
vt 0.218017578125 0.368408203125
vt 0.35009765625 0.686279296875
vt 0.617431640625 0.97509765625
vt 0.638427734375 0.4794921875
vt 0.5712890625 0.46435546875
vt 0.578369140625 0.501708984375
vt 0.783935546875 0.471435546875
vt 0.146484375 0.4482421875
vt 0.16357421875 0.423583984375
vt 0.568603515625 0.4951171875
vt 0.757080078125 0.551025390625
vt 0.181396484375 0.4140625
vt 0.19970703125 0.40625
vt 0.26611328125 0.08642578125
vt 0.4248046875 0.894775390625
vt 0.66650390625 0.728759765625
vt 0.05322265625 0.15087890625
vt 0.7880859375 0.478271484375
vt 0.15673828125 0.672607421875
vt 0.65234375 0.72900390625
vt 0.322998046875 0.6962890625
vt 0.58251953125 0.48681640625
vt 0.574462890625 0.479736328125
vt 0.611083984375 0.486083984375
vt 0.687744140625 0.729736328125
vt 0.60400390625 0.48828125
vt 0.74853515625 0.703369140625
vt 0.156982421875 0.426513671875
vt 0.5830078125 0.47216796875
vt 0.604248046875 0.978515625
vt 0.62744140625 0.479248046875
vt 0.154541015625 0.682861328125
vt 0.2998046875 0.700439453125
vt 0.5791015625 0.41748046875
vt 0.147216796875 0.446533203125
vt 0.176513671875 0.415283203125
vt 0.1943359375 0.98681640625
vt 0.613525390625 0.9755859375
vt 0.630126953125 0.470947265625
vt 0.578125 0.4208984375
vt 0.61767578125 0.965576171875
vt 0.16259765625 0.98974609375
vt 0.591064453125 0.461669921875
vt 0.125732421875 0.532958984375
vt 0.17138671875 0.98876953125
vt 0.609130859375 0.46728515625
vt 0.1875 0.98974609375
vt 0.625244140625 0.474853515625
vt 0.334716796875 0.68994140625
vt 0.7578125 0.55712890625
vt 0.007568359375 0.5556640625
vt 0.295166015625 0.699462890625
vt 0.73681640625 0.734130859375
vt 0.16259765625 0.95458984375
vt 0.0341796875 0.16015625
vt 0.171630859375 0.7451171875
vt 0.785888671875 0.47900390625
vt 0.57958984375 0.4130859375
vt 0.1552734375 0.97119140625
vt 0.59130859375 0.44482421875
vt 0.18115234375 0.9736328125
vt 0.086669921875 0.430908203125
vt 0.20263671875 0.353759765625
vt 0.342529296875 0.686767578125
vt 0.199951171875 0.980224609375
vt 0.57421875 0.42578125
vt 0.612548828125 0.970458984375
vt 0.15185546875 0.427490234375
vt 0.56005859375 0.41357421875
vt 0.188720703125 0.956787109375
vt 0.55224609375 0.428466796875
vt 0.330078125 0.69287109375
vt 0.565185546875 0.411376953125
vt 0.01220703125 0.553955078125
vt 0.29296875 0.69873046875
vt 0.162353515625 0.9599609375
vt 0.168701171875 0.4189453125
vt 0.574951171875 0.411865234375
vt 0.206298828125 0.3994140625
vt 0.261474609375 0.075927734375
vt 0.20556640625 0.959228515625
vt 0.56298828125 0.414306640625
vt 0.120361328125 0.5263671875
vt 0.408203125 0.976318359375
vt 0.56689453125 0.257080078125
vt 0.7255859375 0.730712890625
vt 0.15576171875 0.60107421875
vt 0.141845703125 0.44580078125
vt 0.02001953125 0.553955078125
vt 0.045166015625 0.156982421875
vt 0.1943359375 0.4033203125
vt 0.759521484375 0.573974609375
vt 0.78125 0.49658203125
vt 0.3330078125 0.689697265625
vt 0.765380859375 0.51904296875
vt 0.908935546875 0.45654296875
vt 0.122314453125 0.444580078125
vt 0.130859375 0.4462890625
vt 0.784912109375 0.48486328125
vt 0.7890625 0.4873046875
vt 0.1064453125 0.446533203125
vt 0.228515625 0.346923828125
vt 0.13818359375 0.444580078125
vt 0.061279296875 0.15087890625
vt 0.211181640625 0.394775390625
vt 0.25830078125 0.06591796875
vt 0.763427734375 0.547119140625
vt 0.20849609375 0.314453125
vt 0.125 0.4423828125
vt 0.71484375 0.72705078125
vt 0.408203125 0.9599609375
vt 0.416748046875 0.91357421875
vt 0.637939453125 0.7236328125
vt 0.294677734375 0.69677734375
vt 0.1845703125 0.405517578125
vt 0.76171875 0.57666015625
vt 0.0361328125 0.5537109375
vt 0.10888671875 0.445068359375
vt 0.2265625 0.3447265625
vt 0.066650390625 0.15283203125
vt 0.205810546875 0.395263671875
vt 0.144287109375 0.424560546875
vt 0.124267578125 0.4306640625
vt 0.1533203125 0.59228515625
vt 0.094482421875 0.44140625
vt 0.218017578125 0.35546875
vt 0.1357421875 0.4228515625
vt 0.760986328125 0.583984375
vt 0.135009765625 0.422607421875
vt 0.10107421875 0.433349609375
vt 0.039306640625 0.1630859375
vt 0.12353515625 0.42333984375
vt 0.010986328125 0.55908203125
vt 0.2919921875 0.6962890625
vt 0.055419921875 0.15576171875
vt 0.4140625 0.92041015625
vt 0.153564453125 0.421630859375
vt 0.0927734375 0.4208984375
vt 0.336181640625 0.68505859375
vt 0.10986328125 0.421142578125
vt 0.145263671875 0.42236328125
vt 0.759765625 0.6005859375
vt 0.779296875 0.5029296875
vt 0.153564453125 0.616943359375
vt 0.146728515625 0.69775390625
vt 0.19091796875 0.74169921875
vt 0.3271484375 0.690185546875
vt 0.1279296875 0.421875
vt 0.6806640625 0.72119140625
vt 0.158447265625 0.41845703125
vt 0.748291015625 0.72900390625
vt 0.7978515625 0.48193359375
vt 0.756591796875 0.679931640625
vt 0.78857421875 0.494384765625
vt 0.0947265625 0.421630859375
vt 0.131591796875 0.549560546875
vt 0.114013671875 0.420166015625
vt 0.77197265625 0.515625
vt 0.175048828125 0.408447265625
vt 0.101806640625 0.419677734375
vt 0.054443359375 0.552978515625
vt 0.9296875 0.491455078125
vt 0.307861328125 0.696533203125
vt 0.75732421875 0.6875
vt 0.758056640625 0.664794921875
vt 0.094970703125 0.419677734375
vt 0.335205078125 0.683349609375
vt 0.036865234375 0.16552734375
vt 0.19580078125 0.395751953125
vt 0.74072265625 0.7265625
vt 0.8017578125 0.476806640625
vt 0.05126953125 0.16015625
vt 0.758544921875 0.65087890625
vt 0.92822265625 0.48583984375
vt 0.759521484375 0.62548828125
vt 0.13134765625 0.41943359375
vt 0.1328125 0.553955078125
vt 0.20849609375 0.285400390625
vt 0.899658203125 0.379638671875
vt 0.043212890625 0.163818359375
vt 0.92138671875 0.47314453125
vt 0.15185546875 0.6474609375
vt 0.40966796875 0.933837890625
vt 0.797119140625 0.485107421875
vt 0.73095703125 0.7236328125
vt 0.809814453125 0.474609375
vt 0.150146484375 0.418701171875
vt 0.760498046875 0.6376953125
vt 0.056396484375 0.159912109375
vt 0.795654296875 0.48828125
vt 0.32080078125 0.68994140625
vt 0.332275390625 0.6845703125
vt 0.7587890625 0.70263671875
vt 0.033447265625 0.168701171875
vt 0.176513671875 0.739501953125
vt 0.79931640625 0.48388671875
vt 0.040771484375 0.166259765625
vt 0.91845703125 0.462890625
vt 0.696533203125 0.718994140625
vt 0.92333984375 0.47265625
vt 0.725341796875 0.721435546875
vt 0.77001953125 0.569580078125
vt 0.205078125 0.71044921875
vt 0.7529296875 0.7177734375
vt 0.3095703125 0.693115234375
vt 0.115234375 0.415771484375
vt 0.41162109375 0.8857421875
vt 0.67431640625 0.716552734375
vt 0.968994140625 0.596435546875
vt 0.297119140625 0.69384765625
vt 0.917236328125 0.45751953125
vt 0.406005859375 0.945556640625
vt 0.19921875 0.2724609375
vt 0.901611328125 0.39306640625
vt 0.912353515625 0.4462890625
vt 0.1884765625 0.243408203125
vt 0.908203125 0.421142578125
vt 0.780029296875 0.5126953125
vt 0.18408203125 0.22412109375
vt 0.91015625 0.4423828125
vt 0.13037109375 0.414306640625
vt 0.775390625 0.529296875
vt 0.301025390625 0.69287109375
vt 0.064453125 0.163818359375
vt 0.2080078125 0.384033203125
vt 0.147705078125 0.640869140625
vt 0.76416015625 0.62841796875
vt 0.400146484375 0.958740234375
vt 0.02978515625 0.17236328125
vt 0.181884765625 0.736572265625
vt 0.910888671875 0.43115234375
vt 0.903564453125 0.38232421875
vt 0.907958984375 0.410400390625
vt 0.20458984375 0.292724609375
vt 0.900146484375 0.36669921875
vt 0.040771484375 0.170654296875
vt 0.102783203125 0.412841796875
vt 0.4091796875 0.900634765625
vt 0.66650390625 0.710693359375
vt 0.096435546875 0.4130859375
vt 0.333251953125 0.680908203125
vt 0.796142578125 0.49658203125
vt 0.147216796875 0.6630859375
vt 0.3251953125 0.685546875
vt 0.314453125 0.689453125
vt 0.402099609375 0.953369140625
vt 0.1923828125 0.389892578125
vt 0.160400390625 0.408203125
vt 0.703857421875 0.71533203125
vt 0.9384765625 0.59326171875
vt 0.771728515625 0.580078125
vt 0.052734375 0.167236328125
vt 0.397705078125 0.96923828125
vt 0.55810546875 0.24853515625
vt 0.177978515625 0.3974609375
vt 0.203857421875 0.305419921875
vt 0.90185546875 0.348876953125
vt 0.039306640625 0.563720703125
vt 0.14208984375 0.412109375
vt 0.7353515625 0.720947265625
vt 0.805908203125 0.4794921875
vt 0.11181640625 0.4111328125
vt 0.77734375 0.537353515625
vt 0.01953125 0.568359375
vt 0.286865234375 0.690185546875
vt 0.396728515625 0.95947265625
vt 0.199462890625 0.319091796875
vt 0.900634765625 0.330078125
vt 0.783935546875 0.517578125
vt 0.76806640625 0.62353515625
vt 0.685546875 0.712158203125
vt 0.95849609375 0.59716796875
vt 0.8017578125 0.48876953125
vt 0.765869140625 0.674560546875
vt 0.1162109375 0.534423828125
vt 0.552734375 0.2626953125
vt 0.16796875 0.4013671875
vt 0.03759765625 0.173583984375
vt 0.906982421875 0.380859375
vt 0.02197265625 0.17919921875
vt 0.13916015625 0.7021484375
vt 0.190673828125 0.73388671875
vt 0.153076171875 0.408447265625
vt 0.7783203125 0.54931640625
vt 0.19873046875 0.33203125
vt 0.767822265625 0.7275390625
vt 0.899169921875 0.313232421875
vt 0.060302734375 0.168701171875
vt 0.780517578125 0.531982421875
vt 0.044189453125 0.17138671875
vt 0.093017578125 0.4091796875
vt 0.330078125 0.680908203125
vt 0.031982421875 0.17529296875
vt 0.77294921875 0.593017578125
vt 0.119873046875 0.540771484375
vt 0.549560546875 0.270263671875
vt 0.806396484375 0.484619140625
vt 0.940185546875 0.484130859375
vt 0.790771484375 0.505859375
vt 0.048828125 0.171630859375
vt 0.3056640625 0.688232421875
vt 0.911376953125 0.389404296875
vt 0.767578125 0.72314453125
vt 0.04638671875 0.566650390625
vt 0.380615234375 0.088134765625
vt 0.95068359375 0.495849609375
vt 0.79296875 0.50537109375
vt 0.781005859375 0.565185546875
vt 0.919921875 0.440673828125
vt 0.070068359375 0.169189453125
vt 0.198486328125 0.380126953125
vt 0.913818359375 0.400390625
vt 0.19384765625 0.382080078125
vt 0.031005859375 0.570068359375
vt 0.1416015625 0.61669921875
vt 0.129150390625 0.405517578125
vt 0.12353515625 0.55126953125
vt 0.544921875 0.28173828125
vt 0.143310546875 0.40576171875
vt 0.0556640625 0.173828125
vt 0.1259765625 0.5556640625
vt 0.54248046875 0.28662109375
vt 0.13916015625 0.68798828125
vt 0.036865234375 0.1767578125
vt 0.0517578125 0.17529296875
vt 0.043212890625 0.1748046875
vt 0.799560546875 0.50146484375
vt 0.719970703125 0.71142578125
vt 0.784423828125 0.55712890625
vt 0.39013671875 0.961181640625
vt 0.811279296875 0.484130859375
vt 0.06494140625 0.17333984375
vt 0.182861328125 0.386962890625
vt 0.80419921875 0.499755859375
vt 0.17333984375 0.392333984375
vt 0.400390625 0.905517578125
vt 0.806884765625 0.4892578125
vt 0.29296875 0.687744140625
vt 0.2958984375 0.6875
vt 0.139404296875 0.67919921875
vt 0.8046875 0.498291015625
vt 0.919921875 0.42529296875
vt 0.787109375 0.54296875
vt 0.546630859375 0.261962890625
vt 0.792724609375 0.5146484375
vt 0.131103515625 0.56689453125
vt 0.535888671875 0.29833984375
vt 0.104736328125 0.40234375
vt 0.33056640625 0.673583984375
vt 0.1494140625 0.40283203125
vt 0.2998046875 0.6865234375
vt 0.387939453125 0.972412109375
vt 0.54833984375 0.2490234375
vt 0.056396484375 0.177490234375
vt 0.39794921875 0.91455078125
vt 0.11376953125 0.400390625
vt 0.029296875 0.182373046875
vt 0.038330078125 0.179443359375
vt 0.134765625 0.58154296875
vt 0.77099609375 0.71630859375
vt 0.176513671875 0.38720703125
vt 0.1396484375 0.667724609375
vt 0.025390625 0.575927734375
vt 0.7744140625 0.640380859375
vt 0.1826171875 0.3818359375
vt 0.776123046875 0.630126953125
vt 0.921142578125 0.40576171875
vt 0.774169921875 0.6708984375
vt 0.918701171875 0.39306640625
vt 0.137939453125 0.59375
vt 0.137451171875 0.6337890625
vt 0.150146484375 0.399169921875
vt 0.140380859375 0.6494140625
vt 0.13623046875 0.61669921875
vt 0.137451171875 0.604248046875
vt 0.3154296875 0.680908203125
vt 0.7919921875 0.557373046875
vt 0.15576171875 0.395751953125
vt 0.138916015625 0.6640625
vt 0.39111328125 0.95361328125
vt 0.394287109375 0.92626953125
vt 0.391845703125 0.946533203125
vt 0.724609375 0.70703125
vt 0.8173828125 0.4873046875
vt 0.927734375 0.6044921875
vt 0.797119140625 0.5224609375
vt 0.93505859375 0.452392578125
vt 0.794677734375 0.52978515625
vt 0.80712890625 0.502685546875
vt 0.790283203125 0.56396484375
vt 0.094970703125 0.39697265625
vt 0.322021484375 0.675048828125
vt 0.78173828125 0.609130859375
vt 0.081298828125 0.185302734375
vt 0.189697265625 0.376220703125
vt 0.784423828125 0.588623046875
vt 0.135986328125 0.60400390625
vt 0.137939453125 0.64404296875
vt 0.1337890625 0.62353515625
vt 0.81591796875 0.48974609375
vt 0.80908203125 0.502197265625
vt 0.80126953125 0.509033203125
vt 0.39501953125 0.89501953125
vt 0.781005859375 0.62109375
vt 0.798828125 0.519287109375
vt 0.044677734375 0.1826171875
vt 0.38232421875 0.97705078125
vt 0.5419921875 0.2529296875
vt 0.811767578125 0.493408203125
vt 0.3818359375 0.96240234375
vt 0.13720703125 0.395263671875
vt 0.7783203125 0.742431640625
vt 0.911376953125 0.327392578125
vt 0.135009765625 0.59423828125
vt 0.5185546875 0.32421875
vt 0.3076171875 0.681396484375
vt 0.689208984375 0.698974609375
vt 0.955810546875 0.611083984375
vt 0.798095703125 0.54443359375
vt 0.01904296875 0.58251953125
vt 0.286376953125 0.682373046875
vt 0.778564453125 0.72802734375
vt 0.11279296875 0.392578125
vt 0.322509765625 0.662841796875
vt 0.135498046875 0.66162109375
vt 0.31787109375 0.676513671875
vt 0.39013671875 0.093994140625
vt 0.956298828125 0.483642578125
vt 0.80615234375 0.508544921875
vt 0.914794921875 0.347900390625
vt 0.71337890625 0.7021484375
vt 0.933349609375 0.609130859375
vt 0.787353515625 0.598388671875
vt 0.066650390625 0.1826171875
vt 0.207275390625 0.37060546875
vt 0.13330078125 0.6708984375
vt 0.803466796875 0.517578125
vt 0.7890625 0.587646484375
vt 0.9267578125 0.3994140625
vt 0.125732421875 0.573974609375
vt 0.524169921875 0.30029296875
vt 0.9296875 0.414306640625
vt 0.78759765625 0.6064453125
vt 0.77978515625 0.697998046875
vt 0.16650390625 0.38232421875
vt 0.93505859375 0.438720703125
vt 0.53271484375 0.27734375
vt 0.791748046875 0.57861328125
vt 0.05078125 0.18603515625
vt 0.8134765625 0.49951171875
vt 0.916748046875 0.36865234375
vt 0.793212890625 0.574951171875
vt 0.8017578125 0.551513671875
vt 0.802734375 0.53662109375
vt 0.806884765625 0.51025390625
vt 0.921142578125 0.3779296875
vt 0.036865234375 0.18701171875
vt 0.412109375 0.087158203125
vt 0.9482421875 0.458251953125
vt 0.129150390625 0.388916015625
vt 0.1689453125 0.377685546875
vt 0.816162109375 0.5
vt 0.92041015625 0.619140625
vt 0.150146484375 0.38818359375
vt 0.3115234375 0.676025390625
vt 0.129638671875 0.63818359375
vt 0.29541015625 0.679931640625
vt 0.375 0.96337890625
vt 0.016845703125 0.193603515625
vt 0.126708984375 0.693603515625
vt 0.800048828125 0.5634765625
vt 0.82080078125 0.495361328125
vt 0.925048828125 0.6171875
vt 0.94970703125 0.615966796875
vt 0.78857421875 0.61572265625
vt 0.3740234375 0.972412109375
vt 0.535400390625 0.24658203125
vt 0.810791015625 0.524658203125
vt 0.90478515625 0.63232421875
vt 0.8095703125 0.51123046875
vt 0.91357421875 0.6220703125
vt 0.8095703125 0.520751953125
vt 0.813232421875 0.505615234375
vt 0.916748046875 0.624755859375
vt 0.928955078125 0.393798828125
vt 0.3837890625 0.935302734375
vt 0.783203125 0.71533203125
vt 0.8125 0.507568359375
vt 0.915771484375 0.624267578125
vt 0.104248046875 0.382568359375
vt 0.318359375 0.667236328125
vt 0.78662109375 0.628173828125
vt 0.039306640625 0.58251953125
vt 0.380615234375 0.103271484375
vt 0.147705078125 0.385986328125
vt 0.30712890625 0.67578125
vt 0.800048828125 0.568115234375
vt 0.802978515625 0.5615234375
vt 0.386962890625 0.88623046875
vt 0.963623046875 0.62060546875
vt 0.786865234375 0.632568359375
vt 0.94091796875 0.616943359375
vt 0.798583984375 0.5732421875
vt 0.379638671875 0.953369140625
vt 0.811767578125 0.51806640625
vt 0.90771484375 0.62841796875
vt 0.125244140625 0.6171875
vt 0.49609375 0.33642578125
vt 0.80908203125 0.54443359375
vt 0.7861328125 0.65478515625
vt 0.794921875 0.5966796875
vt 0.171630859375 0.370849609375
vt 0.31201171875 0.671630859375
vt 0.79150390625 0.620849609375
vt 0.044921875 0.19189453125
vt 0.124267578125 0.58349609375
vt 0.5126953125 0.30859375
vt 0.29931640625 0.676513671875
vt 0.384033203125 0.89501953125
vt 0.785888671875 0.6787109375
vt 0.074951171875 0.19287109375
vt 0.192626953125 0.36083984375
vt 0.921630859375 0.62939453125
vt 0.42822265625 0.08642578125
vt 0.94384765625 0.438720703125
vt 0.290283203125 0.6767578125
vt 0.814453125 0.539306640625
vt 0.892333984375 0.648681640625
vt 0.13671875 0.380859375
vt 0.93505859375 0.624755859375
vt 0.123779296875 0.380859375
vt 0.52490234375 0.274169921875
vt 0.797607421875 0.584716796875
vt 0.809814453125 0.55322265625
vt 0.1552734375 0.37744140625
vt 0.12646484375 0.666748046875
vt 0.91552734375 0.6328125
vt 0.807861328125 0.556640625
vt 0.123046875 0.653564453125
vt 0.470947265625 0.36083984375
vt 0.79443359375 0.61376953125
vt 0.448486328125 0.084716796875
vt 0.9384765625 0.409423828125
vt 0.7958984375 0.60595703125
vt 0.80029296875 0.580078125
vt 0.819091796875 0.517578125
vt 0.909912109375 0.64111328125
vt 0.3662109375 0.977294921875
vt 0.527099609375 0.249755859375
vt 0.0361328125 0.587646484375
vt 0.3798828125 0.111572265625
vt 0.1220703125 0.68603515625
vt 0.7939453125 0.628173828125
vt 0.066650390625 0.19482421875
vt 0.365234375 0.964599609375
vt 0.923828125 0.63525390625
vt 0.47216796875 0.081298828125
vt 0.930908203125 0.377685546875
vt 0.821533203125 0.531005859375
vt 0.906494140625 0.64892578125
vt 0.791259765625 0.6474609375
vt 0.01904296875 0.59521484375
vt 0.28515625 0.6748046875
vt 0.155517578125 0.37255859375
vt 0.95263671875 0.6259765625
vt 0.51806640625 0.2822265625
vt 0.1201171875 0.6318359375
vt 0.483154296875 0.3427734375
vt 0.149658203125 0.375732421875
vt 0.372314453125 0.95361328125
vt 0.059814453125 0.197265625
vt 0.911376953125 0.64794921875
vt 0.03662109375 0.197021484375
vt 0.11279296875 0.707275390625
vt 0.8173828125 0.546630859375
vt 0.88916015625 0.657958984375
vt 0.12109375 0.601318359375
vt 0.50244140625 0.318359375
vt 0.916259765625 0.646240234375
vt 0.791259765625 0.668212890625
vt 0.30615234375 0.66845703125
vt 0.131591796875 0.37451171875
vt 0.799072265625 0.605712890625
vt 0.02880859375 0.594482421875
vt 0.791748046875 0.69189453125
vt 0.79296875 0.726318359375
vt 0.11328125 0.370361328125
vt 0.31591796875 0.656982421875
vt 0.360107421875 0.988037109375
vt 0.5205078125 0.261474609375
vt 0.04150390625 0.591552734375
vt 0.390380859375 0.11083984375
vt 0.29443359375 0.672607421875
vt 0.07958984375 0.2001953125
vt 0.183837890625 0.355712890625
vt 0.445068359375 0.08935546875
vt 0.94775390625 0.41845703125
vt 0.302734375 0.669677734375
vt 0.8017578125 0.59912109375
vt 0.503173828125 0.086669921875
vt 0.928955078125 0.345458984375
vt 0.79345703125 0.7080078125
vt 0.802978515625 0.593017578125
vt 0.119140625 0.678955078125
vt 0.91064453125 0.654541015625
vt 0.80810546875 0.57373046875
vt 0.1669921875 0.362060546875
vt 0.370849609375 0.937744140625
vt 0.804443359375 0.58544921875
vt 0.359375 0.96533203125
vt 0.373046875 0.920654296875
vt 0.947265625 0.63720703125
vt 0.897705078125 0.660888671875
vt 0.42822265625 0.0947265625
vt 0.810302734375 0.56982421875
vt 0.47998046875 0.0869140625
vt 0.930419921875 0.367919921875
vt 0.14697265625 0.37060546875
vt 0.8134765625 0.56298828125
vt 0.863037109375 0.66357421875
vt 0.929443359375 0.647216796875
vt 0.798583984375 0.638671875
vt 0.801025390625 0.614990234375
vt 0.794189453125 0.66259765625
vt 0.403564453125 0.107421875
vt 0.026611328125 0.206298828125
vt 0.114990234375 0.693359375
vt 0.431640625 0.3837890625
vt 0.449462890625 0.031005859375
vt 0.372314453125 0.888916015625
vt 0.963134765625 0.637451171875
vt 0.371337890625 0.90283203125
vt 0.29736328125 0.6689453125
vt 0.4853515625 0.328369140625
vt 0.136474609375 0.367431640625
vt 0.513427734375 0.269775390625
vt 0.0361328125 0.203857421875
vt 0.4375 0.031005859375
vt 0.818359375 0.55517578125
vt 0.875732421875 0.66357421875
vt 0.308837890625 0.65771484375
vt 0.0615234375 0.204833984375
vt 0.809326171875 0.581298828125
vt 0.298828125 0.666259765625
vt 0.80078125 0.641357421875
vt 0.36376953125 0.9541015625
vt 0.13134765625 0.3642578125
vt 0.31396484375 0.64404296875
vt 0.1142578125 0.6611328125
vt 0.45947265625 0.355712890625
vt 0.9228515625 0.659912109375
vt 0.94384765625 0.65185546875
vt 0.801513671875 0.64501953125
vt 0.151123046875 0.361572265625
vt 0.90576171875 0.6669921875
vt 0.35302734375 0.964599609375
vt 0.077392578125 0.206298828125
vt 0.1845703125 0.3466796875
vt 0.365234375 0.885498046875
vt 0.95947265625 0.64697265625
vt 0.80322265625 0.62646484375
vt 0.442138671875 0.09716796875
vt 0.454833984375 0.09375
vt 0.9482421875 0.4013671875
vt 0.52685546875 0.089111328125
vt 0.80224609375 0.735107421875
vt 0.923583984375 0.315185546875
vt 0.809814453125 0.58984375
vt 0.042236328125 0.206787109375
vt 0.411376953125 0.388427734375
vt 0.491455078125 0.3154296875
vt 0.801025390625 0.725341796875
vt 0.80615234375 0.61474609375
vt 0.42431640625 0.10302734375
vt 0.11376953125 0.669677734375
vt 0.45166015625 0.361572265625
vt 0.110595703125 0.638916015625
vt 0.470458984375 0.338134765625
vt 0.814697265625 0.57373046875
vt 0.8486328125 0.673095703125
vt 0.4951171875 0.302490234375
vt 0.29052734375 0.6669921875
vt 0.30517578125 0.65625
vt 0.171142578125 0.349609375
vt 0.92724609375 0.665283203125
vt 0.799560546875 0.670654296875
vt 0.49951171875 0.289306640625
vt 0.50830078125 0.266357421875
vt 0.146240234375 0.360595703125
vt 0.365478515625 0.89697265625
vt 0.9111328125 0.671630859375
vt 0.1103515625 0.685546875
vt 0.43505859375 0.37255859375
vt 0.03125 0.604736328125
vt 0.881103515625 0.668212890625
vt 0.294189453125 0.6630859375
vt 0.356689453125 0.955810546875
vt 0.8701171875 0.669189453125
vt 0.036376953125 0.207275390625
vt 0.416748046875 0.384765625
vt 0.438232421875 0.026123046875
vt 0.802490234375 0.71826171875
vt 0.8017578125 0.686767578125
vt 0.3583984375 0.953369140625
vt 0.80908203125 0.606689453125
vt 0.362060546875 0.925537109375
vt 0.426025390625 0.37841796875
vt 0.44775390625 0.024658203125
vt 0.299560546875 0.65771484375
vt 0.81103515625 0.59765625
vt 0.347412109375 0.974609375
vt 0.8056640625 0.637939453125
vt 0.0400390625 0.605224609375
vt 0.3916015625 0.1220703125
vt 0.076171875 0.211181640625
vt 0.182373046875 0.3408203125
vt 0.920654296875 0.6728515625
vt 0.358154296875 0.946044921875
vt 0.12646484375 0.3525390625
vt 0.30810546875 0.64453125
vt 0.400146484375 0.118896484375
vt 0.8056640625 0.650390625
vt 0.82666015625 0.78955078125
vt 0.34619140625 0.987060546875
vt 0.506591796875 0.258544921875
vt 0.436279296875 0.103271484375
vt 0.820068359375 0.567138671875
vt 0.860107421875 0.672119140625
vt 0.802734375 0.68212890625
vt 0.893310546875 0.67041015625
vt 0.953369140625 0.6640625
vt 0.2978515625 0.656982421875
vt 0.361328125 0.9140625
vt 0.475341796875 0.094482421875
vt 0.94091796875 0.36474609375
vt 0.81689453125 0.580078125
vt 0.841552734375 0.67822265625
vt 0.34619140625 0.964111328125
vt 0.4482421875 0.358154296875
vt 0.802978515625 0.671142578125
vt 0.804931640625 0.697998046875
vt 0.45751953125 0.34619140625
vt 0.302978515625 0.6513671875
vt 0.354736328125 0.953369140625
vt 0.48486328125 0.3134765625
vt 0.03515625 0.209716796875
vt 0.416259765625 0.380859375
vt 0.806884765625 0.6494140625
vt 0.283935546875 0.66455078125
vt 0.349853515625 0.95849609375
vt 0.35546875 0.893310546875
vt 0.9677734375 0.660400390625
vt 0.5029296875 0.265380859375
vt 0.93408203125 0.676025390625
vt 0.47509765625 0.32275390625
vt 0.80908203125 0.641357421875
vt 0.81689453125 0.76806640625
vt 0.353515625 0.94970703125
vt 0.359130859375 0.90380859375
vt 0.81591796875 0.592529296875
vt 0.82958984375 0.689697265625
vt 0.149169921875 0.3515625
vt 0.4423828125 0.35986328125
vt 0.04296875 0.213134765625
vt 0.41064453125 0.38037109375
vt 0.159423828125 0.346435546875
vt 0.920654296875 0.681884765625
vt 0.139892578125 0.352783203125
vt 0.176513671875 0.3388671875
vt 0.81103515625 0.623779296875
vt 0.80712890625 0.692138671875
vt 0.4169921875 0.114501953125
vt 0.432861328125 0.36572265625
vt 0.85009765625 0.67919921875
vt 0.918701171875 0.681884765625
vt 0.02880859375 0.61181640625
vt 0.279541015625 0.6630859375
vt 0.813720703125 0.611328125
vt 0.28515625 0.66064453125
vt 0.460205078125 0.101318359375
vt 0.29931640625 0.651123046875
vt 0.90087890625 0.676025390625
vt 0.810546875 0.633056640625
vt 0.81298828125 0.743896484375
vt 0.552978515625 0.10107421875
vt 0.808349609375 0.70361328125
vt 0.42822265625 0.110595703125
vt 0.495849609375 0.271484375
vt 0.4921875 0.280517578125
vt 0.820068359375 0.58740234375
vt 0.837646484375 0.68701171875
vt 0.90576171875 0.6787109375
vt 0.14599609375 0.349609375
vt 0.033935546875 0.614990234375
vt 0.38330078125 0.126708984375
vt 0.564453125 0.10400390625
vt 0.808837890625 0.6904296875
vt 0.810791015625 0.653564453125
vt 0.8310546875 0.783935546875
vt 0.128173828125 0.344482421875
vt 0.303955078125 0.639404296875
vt 0.54052734375 0.10009765625
vt 0.81005859375 0.718994140625
vt 0.468505859375 0.32421875
vt 0.289306640625 0.65625
vt 0.57470703125 0.10791015625
vt 0.807373046875 0.677734375
vt 0.33935546875 0.97900390625
vt 0.076171875 0.218505859375
vt 0.180908203125 0.333251953125
vt 0.4453125 0.107177734375
vt 0.502685546875 0.09912109375
vt 0.945556640625 0.339111328125
vt 0.35107421875 0.90185546875
vt 0.2958984375 0.650146484375
vt 0.81787109375 0.60302734375
vt 0.822509765625 0.7021484375
vt 0.03466796875 0.625
vt 0.392578125 0.130859375
vt 0.34765625 0.952392578125
vt 0.353515625 0.910400390625
vt 0.33935546875 0.96240234375
vt 0.57861328125 0.111572265625
vt 0.81005859375 0.67333984375
vt 0.837890625 0.805908203125
vt 0.35302734375 0.9091796875
vt 0.813720703125 0.73095703125
vt 0.814208984375 0.625244140625
vt 0.3388671875 0.971435546875
vt 0.344482421875 0.9560546875
vt 0.422119140625 0.367919921875
vt 0.888671875 0.677490234375
vt 0.534912109375 0.099365234375
vt 0.810302734375 0.72265625
vt 0.8193359375 0.5986328125
vt 0.828125 0.6982421875
vt 0.35107421875 0.921142578125
vt 0.055908203125 0.218994140625
vt 0.3955078125 0.373779296875
vt 0.442626953125 0.352783203125
vt 0.55908203125 0.10546875
vt 0.81201171875 0.695556640625
vt 0.4833984375 0.101318359375
vt 0.946044921875 0.356201171875
vt 0.837646484375 0.7880859375
vt 0.44482421875 0.349853515625
vt 0.3466796875 0.89111328125
vt 0.966064453125 0.67578125
vt 0.816162109375 0.7236328125
vt 0.816162109375 0.6201171875
vt 0.88134765625 0.67822265625
vt 0.30029296875 0.64306640625
vt 0.81201171875 0.662353515625
vt 0.840576171875 0.795166015625
vt 0.923828125 0.691162109375
vt 0.85888671875 0.681396484375
vt 0.927978515625 0.69287109375
vt 0.572021484375 0.1103515625
vt 0.28173828125 0.65673828125
vt 0.869384765625 0.679931640625
vt 0.51904296875 0.1015625
vt 0.475341796875 0.310302734375
vt 0.819091796875 0.611572265625
vt 0.820556640625 0.71337890625
vt 0.48046875 0.29638671875
vt 0.410888671875 0.124267578125
vt 0.02880859375 0.618408203125
vt 0.2783203125 0.657470703125
vt 0.384033203125 0.144287109375
vt 0.402587890625 0.368408203125
vt 0.287841796875 0.651123046875
vt 0.9267578125 0.697265625
vt 0.90966796875 0.685546875
vt 0.541748046875 0.104736328125
vt 0.345703125 0.93212890625
vt 0.85009765625 0.6865234375
vt 0.411376953125 0.36328125
vt 0.91455078125 0.688720703125
vt 0.397216796875 0.13671875
vt 0.333740234375 0.965576171875
vt 0.908447265625 0.543701171875
vt 0.450439453125 0.33642578125
vt 0.490966796875 0.261962890625
vt 0.935302734375 0.196533203125
vt 0.8466796875 0.7900390625
vt 0.836669921875 0.697265625
vt 0.89892578125 0.684814453125
vt 0.532958984375 0.104736328125
vt 0.429931640625 0.1181640625
vt 0.339599609375 0.892822265625
vt 0.967041015625 0.686279296875
vt 0.522216796875 0.104736328125
vt 0.3447265625 0.916015625
vt 0.82177734375 0.746826171875
vt 0.42724609375 0.354736328125
vt 0.551025390625 0.108642578125
vt 0.129638671875 0.333740234375
vt 0.300537109375 0.6357421875
vt 0.576171875 0.1181640625
vt 0.84814453125 0.804931640625
vt 0.50927734375 0.10546875
vt 0.942626953125 0.697021484375
vt 0.81689453125 0.6416015625
vt 0.824951171875 0.75830078125
vt 0.1591796875 0.33251953125
vt 0.90869140625 0.540771484375
vt 0.331298828125 0.960205078125
vt 0.913330078125 0.54736328125
vt 0.5224609375 0.106201171875
vt 0.47412109375 0.108154296875
vt 0.925048828125 0.701416015625
vt 0.564697265625 0.11474609375
vt 0.927490234375 0.702392578125
vt 0.33984375 0.909912109375
vt 0.44189453125 0.116455078125
vt 0.537353515625 0.109375
vt 0.073974609375 0.22705078125
vt 0.18115234375 0.323974609375
vt 0.337646484375 0.90283203125
vt 0.5126953125 0.10693359375
vt 0.2890625 0.64404296875
vt 0.3310546875 0.9775390625
vt 0.93408203125 0.181884765625
vt 0.33740234375 0.950927734375
vt 0.146240234375 0.33740234375
vt 0.82568359375 0.71875
vt 0.340576171875 0.915771484375
vt 0.9287109375 0.704833984375
vt 0.330078125 0.98681640625
vt 0.48779296875 0.257080078125
vt 0.932861328125 0.1904296875
vt 0.505126953125 0.107666015625
vt 0.43603515625 0.347412109375
vt 0.554443359375 0.112060546875
vt 0.330078125 0.984375
vt 0.932861328125 0.187255859375
vt 0.540283203125 0.10986328125
vt 0.337158203125 0.94384765625
vt 0.835693359375 0.774658203125
vt 0.452392578125 0.114990234375
vt 0.8232421875 0.732421875
vt 0.83056640625 0.765869140625
vt 0.834716796875 0.705322265625
vt 0.322998046875 0.8837890625
vt 0.95703125 0.697265625
vt 0.427001953125 0.12646484375
vt 0.402587890625 0.14208984375
vt 0.91455078125 0.545166015625
vt 0.829833984375 0.7119140625
vt 0.485107421875 0.26318359375
vt 0.931640625 0.19580078125
vt 0.416015625 0.133544921875
vt 0.28125 0.6484375
vt 0.38232421875 0.1630859375
vt 0.328369140625 0.95947265625
vt 0.914794921875 0.548828125
vt 0.29541015625 0.63671875
vt 0.332275390625 0.955078125
vt 0.4912109375 0.109375
vt 0.84326171875 0.7822265625
vt 0.53466796875 0.115234375
vt 0.854736328125 0.789794921875
vt 0.419677734375 0.349853515625
vt 0.85546875 0.692626953125
vt 0.855712890625 0.79052734375
vt 0.87939453125 0.687744140625
vt 0.477294921875 0.280029296875
vt 0.43603515625 0.344482421875
vt 0.330078125 0.970458984375
vt 0.904052734375 0.5390625
vt 0.9375 0.175537109375
vt 0.94580078125 0.577880859375
vt 0.46142578125 0.1142578125
vt 0.51708984375 0.114013671875
vt 0.845703125 0.698486328125
vt 0.441650390625 0.336669921875
vt 0.4345703125 0.345458984375
vt 0.930419921875 0.177734375
vt 0.2958984375 0.6337890625
vt 0.918701171875 0.70166015625
vt 0.477783203125 0.111572265625
vt 0.468017578125 0.299072265625
vt 0.932373046875 0.174072265625
vt 0.945068359375 0.572998046875
vt 0.138916015625 0.327880859375
vt 0.298583984375 0.628662109375
vt 0.465087890625 0.306396484375
vt 0.5322265625 0.118896484375
vt 0.337158203125 0.923583984375
vt 0.912109375 0.53759765625
vt 0.069091796875 0.2333984375
vt 0.380859375 0.35888671875
vt 0.92822265625 0.179931640625
vt 0.47265625 0.113037109375
vt 0.429443359375 0.3427734375
vt 0.57275390625 0.125
vt 0.857666015625 0.80419921875
vt 0.89208984375 0.69091796875
vt 0.392333984375 0.343017578125
vt 0.150390625 0.330322265625
vt 0.325927734375 0.890380859375
vt 0.33349609375 0.917724609375
vt 0.336181640625 0.9228515625
vt 0.86669921875 0.6923828125
vt 0.453125 0.31884765625
vt 0.445068359375 0.327392578125
vt 0.538818359375 0.11474609375
vt 0.492919921875 0.116455078125
vt 0.90380859375 0.6953125
vt 0.55224609375 0.116943359375
vt 0.32958984375 0.9521484375
vt 0.32421875 0.95947265625
vt 0.92041015625 0.548095703125
vt 0.460205078125 0.309326171875
vt 0.830810546875 0.75537109375
vt 0.32275390625 0.89111328125
vt 0.965087890625 0.703369140625
vt 0.837646484375 0.77001953125
vt 0.945556640625 0.7099609375
vt 0.406982421875 0.342041015625
vt 0.507568359375 0.120361328125
vt 0.52978515625 0.123046875
vt 0.9111328125 0.533935546875
vt 0.146484375 0.329345703125
vt 0.324462890625 0.957275390625
vt 0.86328125 0.7880859375
vt 0.283447265625 0.641845703125
vt 0.3828125 0.176513671875
vt 0.886474609375 0.692626953125
vt 0.473876953125 0.266845703125
vt 0.92333984375 0.192626953125
vt 0.927978515625 0.167724609375
vt 0.1611328125 0.32373046875
vt 0.47314453125 0.11669921875
vt 0.29248046875 0.6337890625
vt 0.90625 0.534423828125
vt 0.94921875 0.580078125
vt 0.39501953125 0.1572265625
vt 0.14013671875 0.323974609375
vt 0.295654296875 0.626220703125
vt 0.4580078125 0.30712890625
vt 0.461669921875 0.2958984375
vt 0.850341796875 0.780517578125
vt 0.834716796875 0.718994140625
vt 0.56201171875 0.12255859375
vt 0.423828125 0.138427734375
vt 0.44677734375 0.1298828125
vt 0.41455078125 0.144287109375
vt 0.8544921875 0.70068359375
vt 0.927734375 0.720458984375
vt 0.860107421875 0.784912109375
vt 0.831298828125 0.7421875
vt 0.947509765625 0.570068359375
vt 0.466552734375 0.279052734375
vt 0.831787109375 0.73193359375
vt 0.531494140625 0.123291015625
vt 0.329345703125 0.942626953125
vt 0.939697265625 0.7158203125
vt 0.462158203125 0.124267578125
vt 0.845458984375 0.707275390625
vt 0.924560546875 0.16796875
vt 0.395263671875 0.33740234375
vt 0.472900390625 0.257080078125
vt 0.576416015625 0.022216796875
vt 0.924072265625 0.183349609375
vt 0.9091796875 0.702392578125
vt 0.479736328125 0.120361328125
vt 0.430419921875 0.330078125
vt 0.93017578125 0.163330078125
vt 0.94580078125 0.564453125
vt 0.324462890625 0.953369140625
vt 0.379638671875 0.3369140625
vt 0.319580078125 0.958984375
vt 0.925537109375 0.548828125
vt 0.32177734375 0.908447265625
vt 0.968505859375 0.090576171875
vt 0.3173828125 0.890625
vt 0.96142578125 0.7119140625
vt 0.968994140625 0.07421875
vt 0.429443359375 0.140380859375
vt 0.9208984375 0.5419921875
vt 0.330322265625 0.927490234375
vt 0.404541015625 0.15478515625
vt 0.526611328125 0.128662109375
vt 0.286865234375 0.635498046875
vt 0.3798828125 0.18994140625
vt 0.83935546875 0.7177734375
vt 0.304931640625 0.9638671875
vt 0.928466796875 0.152099609375
vt 0.9365234375 0.558837890625
vt 0.434814453125 0.322998046875
vt 0.91748046875 0.536865234375
vt 0.497802734375 0.12548828125
vt 0.080810546875 0.240478515625
vt 0.164794921875 0.314697265625
vt 0.35791015625 0.335693359375
vt 0.451416015625 0.303466796875
vt 0.463623046875 0.274169921875
vt 0.580078125 0.037109375
vt 0.4404296875 0.13720703125
vt 0.1513671875 0.32373046875
vt 0.4521484375 0.29931640625
vt 0.882568359375 0.697509765625
vt 0.1494140625 0.3232421875
vt 0.870849609375 0.78515625
vt 0.926513671875 0.728515625
vt 0.422119140625 0.14501953125
vt 0.537353515625 0.12158203125
vt 0.92626953125 0.159912109375
vt 0.943359375 0.560546875
vt 0.8720703125 0.69921875
vt 0.302490234375 0.96435546875
vt 0.9267578125 0.1484375
vt 0.568115234375 0.1318359375
vt 0.897705078125 0.701416015625
vt 0.414306640625 0.3310546875
vt 0.508544921875 0.1298828125
vt 0.454345703125 0.13427734375
vt 0.953369140625 0.578369140625
vt 0.316162109375 0.958740234375
vt 0.929443359375 0.550048828125
vt 0.83837890625 0.75537109375
vt 0.306884765625 0.962646484375
vt 0.9365234375 0.557373046875
vt 0.29052734375 0.6298828125
vt 0.38037109375 0.202392578125
vt 0.391845703125 0.332275390625
vt 0.393310546875 0.172119140625
vt 0.568603515625 0.02685546875
vt 0.91796875 0.178466796875
vt 0.92138671875 0.16162109375
vt 0.914306640625 0.526611328125
vt 0.926513671875 0.15380859375
vt 0.940673828125 0.55810546875
vt 0.83837890625 0.730712890625
vt 0.454833984375 0.283447265625
vt 0.92919921875 0.547607421875
vt 0.84375 0.7646484375
vt 0.848388671875 0.71435546875
vt 0.919189453125 0.71826171875
vt 0.91162109375 0.52490234375
vt 0.956787109375 0.58740234375
vt 0.949951171875 0.5634765625
vt 0.86279296875 0.705078125
vt 0.55712890625 0.12890625
vt 0.856201171875 0.70849609375
vt 0.96240234375 0.0927734375
vt 0.56201171875 0.022705078125
vt 0.917724609375 0.170654296875
vt 0.3876953125 0.186279296875
vt 0.925537109375 0.149658203125
vt 0.84912109375 0.769775390625
vt 0.486328125 0.129638671875
vt 0.573486328125 0.135498046875
vt 0.8759765625 0.794921875
vt 0.523681640625 0.135009765625
vt 0.8388671875 0.74462890625
vt 0.566650390625 0.13720703125
vt 0.875732421875 0.801513671875
vt 0.319091796875 0.94580078125
vt 0.955322265625 0.12451171875
vt 0.150634765625 0.31689453125
vt 0.34130859375 0.3251953125
vt 0.46826171875 0.1318359375
vt 0.881591796875 0.780029296875
vt 0.954345703125 0.56982421875
vt 0.923583984375 0.151123046875
vt 0.946044921875 0.557861328125
vt 0.30908203125 0.96044921875
vt 0.934814453125 0.554443359375
vt 0.304931640625 0.961181640625
vt 0.364501953125 0.328857421875
vt 0.922119140625 0.53466796875
vt 0.419189453125 0.15380859375
vt 0.914794921875 0.71826171875
vt 0.856689453125 0.7744140625
vt 0.922607421875 0.7412109375
vt 0.31494140625 0.95654296875
vt 0.937744140625 0.5537109375
vt 0.91552734375 0.519287109375
vt 0.3212890625 0.928955078125
vt 0.963134765625 0.111572265625
vt 0.951171875 0.72900390625
vt 0.967041015625 0.068603515625
vt 0.867919921875 0.77734375
vt 0.572998046875 0.1455078125
vt 0.88037109375 0.791015625
vt 0.960693359375 0.1005859375
vt 0.957763671875 0.083984375
vt 0.966552734375 0.72265625
vt 0.447265625 0.1455078125
vt 0.951171875 0.558837890625
vt 0.322265625 0.932861328125
vt 0.962646484375 0.11572265625
vt 0.8603515625 0.7119140625
vt 0.458984375 0.139892578125
vt 0.890869140625 0.70703125
vt 0.53564453125 0.1279296875
vt 0.29638671875 0.962158203125
vt 0.9228515625 0.143310546875
vt 0.906494140625 0.714111328125
vt 0.8447265625 0.732666015625
vt 0.564208984375 0.0380859375
vt 0.9306640625 0.740234375
vt 0.403076171875 0.16845703125
vt 0.877685546875 0.70751953125
vt 0.918701171875 0.747802734375
vt 0.544677734375 0.13037109375
vt 0.4423828125 0.14990234375
vt 0.893798828125 0.77294921875
vt 0.850341796875 0.723388671875
vt 0.919677734375 0.150390625
vt 0.84765625 0.758056640625
vt 0.89794921875 0.71142578125
vt 0.42236328125 0.31005859375
vt 0.140625 0.30859375
vt 0.289306640625 0.62060546875
vt 0.326904296875 0.30615234375
vt 0.3828125 0.215576171875
vt 0.94970703125 0.55615234375
vt 0.439208984375 0.288818359375
vt 0.919189453125 0.523681640625
vt 0.51953125 0.142822265625
vt 0.15234375 0.309326171875
vt 0.347900390625 0.320068359375
vt 0.943359375 0.5537109375
vt 0.382568359375 0.323486328125
vt 0.888671875 0.78515625
vt 0.955810546875 0.11767578125
vt 0.44482421875 0.2763671875
vt 0.391357421875 0.1953125
vt 0.923095703125 0.139404296875
vt 0.14794921875 0.309326171875
vt 0.338623046875 0.312744140625
vt 0.900390625 0.7685546875
vt 0.552001953125 0.025390625
vt 0.913330078125 0.161865234375
vt 0.91015625 0.759521484375
vt 0.53271484375 0.13232421875
vt 0.91064453125 0.723388671875
vt 0.847412109375 0.742919921875
vt 0.913330078125 0.154296875
vt 0.34765625 0.3173828125
vt 0.857666015625 0.7216796875
vt 0.85498046875 0.762939453125
vt 0.862060546875 0.768798828125
vt 0.914306640625 0.73291015625
vt 0.95361328125 0.112548828125
vt 0.5556640625 0.140869140625
vt 0.86865234375 0.7158203125
vt 0.85107421875 0.75390625
vt 0.4658203125 0.1435546875
vt 0.91943359375 0.135986328125
vt 0.407470703125 0.31201171875
vt 0.94677734375 0.068603515625
vt 0.952392578125 0.74072265625
vt 0.553466796875 0.032470703125
vt 0.433349609375 0.1591796875
vt 0.549072265625 0.078369140625
vt 0.912841796875 0.513427734375
vt 0.967529296875 0.5908203125
vt 0.3984375 0.185546875
vt 0.414306640625 0.167236328125
vt 0.43212890625 0.291015625
vt 0.443115234375 0.267822265625
vt 0.5595703125 0.049560546875
vt 0.939208984375 0.545166015625
vt 0.95166015625 0.096923828125
vt 0.905029296875 0.724609375
vt 0.5341796875 0.134033203125
vt 0.3115234375 0.947998046875
vt 0.9482421875 0.125244140625
vt 0.5166015625 0.149169921875
vt 0.95068359375 0.09521484375
vt 0.5478515625 0.083984375
vt 0.917236328125 0.512451171875
vt 0.393310546875 0.317626953125
vt 0.911376953125 0.739013671875
vt 0.368896484375 0.31884765625
vt 0.959716796875 0.557373046875
vt 0.946533203125 0.08642578125
vt 0.968994140625 0.740966796875
vt 0.3076171875 0.9560546875
vt 0.880615234375 0.71728515625
vt 0.89013671875 0.71826171875
vt 0.950439453125 0.552001953125
vt 0.908203125 0.73291015625
vt 0.395751953125 0.199951171875
vt 0.900634765625 0.7236328125
vt 0.906982421875 0.774169921875
vt 0.875244140625 0.76806640625
vt 0.50048828125 0.148193359375
vt 0.435546875 0.2744140625
vt 0.556884765625 0.059326171875
vt 0.85498046875 0.747802734375
vt 0.30078125 0.95751953125
vt 0.93017578125 0.1376953125
vt 0.856201171875 0.736083984375
vt 0.55712890625 0.147705078125
vt 0.8984375 0.78662109375
vt 0.914794921875 0.13427734375
vt 0.958251953125 0.552734375
vt 0.408203125 0.17578125
vt 0.947021484375 0.55029296875
vt 0.552001953125 0.042724609375
vt 0.540283203125 0.1396484375
vt 0.963623046875 0.56201171875
vt 0.967041015625 0.57470703125
vt 0.394775390625 0.206787109375
vt 0.551025390625 0.0830078125
vt 0.914306640625 0.510009765625
vt 0.91455078125 0.1318359375
vt 0.44873046875 0.15771484375
vt 0.86328125 0.759765625
vt 0.884033203125 0.764892578125
vt 0.394775390625 0.310791015625
vt 0.876220703125 0.722900390625
vt 0.869140625 0.726318359375
vt 0.9384765625 0.07861328125
vt 0.962890625 0.749267578125
vt 0.354248046875 0.31103515625
vt 0.939208984375 0.538330078125
vt 0.864501953125 0.731201171875
vt 0.545166015625 0.033447265625
vt 0.532958984375 0.13916015625
vt 0.9052734375 0.745361328125
vt 0.416259765625 0.29443359375
vt 0.53076171875 0.139892578125
vt 0.89990234375 0.730224609375
vt 0.888427734375 0.72412109375
vt 0.943115234375 0.09423828125
vt 0.42431640625 0.17041015625
vt 0.4150390625 0.17431640625
vt 0.89111328125 0.76123046875
vt 0.30419921875 0.95556640625
vt 0.936767578125 0.1337890625
vt 0.9423828125 0.107666015625
vt 0.903564453125 0.739013671875
vt 0.91015625 0.143310546875
vt 0.923828125 0.767333984375
vt 0.862060546875 0.747802734375
vt 0.4267578125 0.278076171875
vt 0.552978515625 0.0703125
vt 0.536376953125 0.02734375
vt 0.906005859375 0.1494140625
vt 0.873779296875 0.761474609375
vt 0.92236328125 0.513916015625
vt 0.899169921875 0.7529296875
vt 0.94091796875 0.118896484375
vt 0.33642578125 0.294189453125
vt 0.39501953125 0.21923828125
vt 0.90966796875 0.129638671875
vt 0.403076171875 0.30078125
vt 0.93701171875 0.761474609375
vt 0.5595703125 0.15771484375
vt 0.90234375 0.795654296875
vt 0.92822265625 0.065185546875
vt 0.95263671875 0.755126953125
vt 0.42333984375 0.28466796875
vt 0.539794921875 0.094482421875
vt 0.94677734375 0.54638671875
vt 0.9541015625 0.548828125
vt 0.4619140625 0.15576171875
vt 0.866943359375 0.7392578125
vt 0.93505859375 0.13134765625
vt 0.50732421875 0.15576171875
vt 0.931884765625 0.1328125
vt 0.404052734375 0.19287109375
vt 0.92724609375 0.517333984375
vt 0.88525390625 0.731689453125
vt 0.909912109375 0.128173828125
vt 0.93359375 0.526123046875
vt 0.874267578125 0.7353515625
vt 0.893310546875 0.73681640625
vt 0.8857421875 0.755615234375
vt 0.874267578125 0.75390625
vt 0.388671875 0.302978515625
vt 0.906005859375 0.12841796875
vt 0.379638671875 0.310546875
vt 0.47265625 0.158203125
vt 0.9306640625 0.086181640625
vt 0.54443359375 0.0537109375
vt 0.893798828125 0.74267578125
vt 0.8935546875 0.747802734375
vt 0.408203125 0.1865234375
vt 0.518310546875 0.1552734375
vt 0.874267578125 0.74560546875
vt 0.514404296875 0.159423828125
vt 0.546630859375 0.1533203125
vt 0.529541015625 0.14453125
vt 0.405029296875 0.19873046875
vt 0.882080078125 0.739990234375
vt 0.935302734375 0.115966796875
vt 0.494384765625 0.159912109375
vt 0.360595703125 0.305419921875
vt 0.88427734375 0.746337890625
vt 0.5556640625 0.08837890625
vt 0.412353515625 0.183349609375
vt 0.55810546875 0.165283203125
vt 0.9091796875 0.792724609375
vt 0.557861328125 0.08837890625
vt 0.503173828125 0.01708984375
vt 0.902099609375 0.123779296875
vt 0.56201171875 0.064208984375
vt 0.97412109375 0.56787109375
vt 0.92138671875 0.781982421875
vt 0.926513671875 0.12890625
vt 0.947265625 0.767822265625
vt 0.52490234375 0.14990234375
vt 0.902099609375 0.141845703125
vt 0.927490234375 0.1279296875
vt 0.969970703125 0.554931640625
vt 0 0.716064453125
vt 0.551513671875 0.0908203125
vt 0.92431640625 0.507080078125
vt 0.422607421875 0.18115234375
vt 0.51318359375 0.16455078125
vt 0.9521484375 0.544189453125
vt 0.5009765625 0.019775390625
vt 0.8955078125 0.119384765625
vt 0.4404296875 0.17333984375
vt 0.9326171875 0.77783203125
vt 0.916748046875 0.075927734375
vt 0.963134765625 0.76806640625
vt 0.96728515625 0.546630859375
vt 0.91748046875 0.081787109375
vt 0.53466796875 0.153564453125
vt 0.5283203125 0.03759765625
vt 0.56201171875 0.074462890625
vt 0.977294921875 0.58203125
vt 0.511962890625 0.025634765625
vt 0.900146484375 0.1337890625
vt 0.41162109375 0.201416015625
vt 0.365478515625 0.300537109375
vt 0.411376953125 0.24462890625
vt 0.895263671875 0.11767578125
vt 0.413330078125 0.1904296875
vt 0.54345703125 0.16064453125
vt 0.36962890625 0.30078125
vt 0.884521484375 0.11083984375
vt 0.404296875 0.2822265625
vt 0.45263671875 0.263916015625
vt 0.921142578125 0.124755859375
vt 0.47412109375 0.169189453125
vt 0.551025390625 0.1728515625
vt 0.92138671875 0.7958984375
vt 0.925537109375 0.103515625
vt 0.518310546875 0.160400390625
vt 0.414306640625 0.269775390625
vt 0.5380859375 0.075439453125
vt 0.526123046875 0.15185546875
vt 0.942626953125 0.52685546875
vt 0.513427734375 0.167236328125
vt 0.00830078125 0.71875
vt 0.934814453125 0.514404296875
vt 0.8798828125 0.11083984375
vt 0.511474609375 0.169921875
vt 0.420166015625 0.187744140625
vt 0.39013671875 0.287841796875
vt 0.43896484375 0.25830078125
vt 0.5458984375 0.165771484375
vt 0.5224609375 0.0341796875
vt 0.8955078125 0.1435546875
vt 0.878173828125 0.103271484375
vt 0.516357421875 0.03466796875
vt 0.889404296875 0.1123046875
vt 0.40966796875 0.275390625
vt 0.458251953125 0.26318359375
vt 0.535888671875 0.0830078125
vt 0.36279296875 0.28515625
vt 0.4228515625 0.236083984375
vt 0.489501953125 0.172119140625
vt 0.95654296875 0.5419921875
vt 0.00146484375 0.71142578125
vt 0.556396484375 0.0927734375
vt 0.953369140625 0.53759765625
vt 0.504150390625 0.0302734375
vt 0.874267578125 0.11865234375
vt 0.97216796875 0.5458984375
vt 0.51220703125 0.0419921875
vt 0.921630859375 0.113037109375
vt 0.4248046875 0.205810546875
vt 0.872802734375 0.100830078125
vt 0.875732421875 0.10009765625
vt 0.378173828125 0.29052734375
vt 0.42919921875 0.25048828125
vt 0.523681640625 0.0478515625
vt 0.564208984375 0.091796875
vt 0.3720703125 0.285400390625
vt 0.42919921875 0.2431640625
vt 0.427978515625 0.18896484375
vt 0.916259765625 0.121337890625
vt 0.867919921875 0.10595703125
vt 0.4921875 0.23046875
vt 0.500732421875 0.04736328125
vt 0.859375 0.12158203125
vt 0.56982421875 0.064453125
vt 0.983154296875 0.569091796875
vt 0.566162109375 0.086181640625
vt 0.91064453125 0.11962890625
vt 0.5048828125 0.175048828125
vt 0.525146484375 0.15625
vt 0.5146484375 0.207275390625
vt 0.8671875 0.09228515625
vt 0.900146484375 0.07373046875
vt 0.9619140625 0.797119140625
vt 0.513427734375 0.20703125
vt 0.86572265625 0.09326171875
vt 0.56884765625 0.073486328125
vt 0.46533203125 0.176513671875
vt 0.899658203125 0.0634765625
vt 0.958251953125 0.78515625
vt 0.513427734375 0.173583984375
vt 0.50146484375 0.215087890625
vt 0.856689453125 0.101806640625
vt 0.433837890625 0.186767578125
vt 0.51318359375 0.201171875
vt 0.484130859375 0.219970703125
vt 0.94580078125 0.52197265625
vt 0.567138671875 0.093017578125
vt 0.972900390625 0.5419921875
vt 0.43603515625 0.2236328125
vt 0.4814453125 0.237548828125
vt 0.506591796875 0.06298828125
vt 0.978759765625 0.55517578125
vt 0.5185546875 0.166015625
vt 0.51416015625 0.199951171875
vt 0.474853515625 0.25146484375
vt 0.522705078125 0.0693359375
vt 0.001953125 0.705810546875
vt 0.561279296875 0.0947265625
vt 0.51171875 0.189453125
vt 0.4404296875 0.203369140625
vt 0.53271484375 0.165771484375
vt 0.53662109375 0.17529296875
vt 0.4443359375 0.2294921875
vt 0.512939453125 0.190185546875
vt 0.91162109375 0.116943359375
vt 0.5009765625 0.194091796875
vt 0.913818359375 0.109130859375
vt 0.45654296875 0.18017578125
vt 0.44775390625 0.183349609375
vt 0.473388671875 0.209716796875
vt 0.019775390625 0.71728515625
vt 0.943115234375 0.512451171875
vt 0.48486328125 0.2001953125
vt 0.512451171875 0.180908203125
vt 0.45263671875 0.251220703125
vt 0.5224609375 0.161865234375
vt 0.4443359375 0.186279296875
vt 0.46728515625 0.226318359375
vt 0.900390625 0.089111328125
vt 0.53515625 0.184326171875
vt 0.9404296875 0.803955078125
vt 0.497802734375 0.18310546875
vt 0.4599609375 0.252685546875
vt 0.52685546875 0.084228515625
vt 0.51318359375 0.184326171875
vt 0.962890625 0.538330078125
vt 0.450439453125 0.209228515625
vt 0.535888671875 0.194580078125
vt 0.884765625 0.0625
vt 0.950439453125 0.796630859375
vt 0.458251953125 0.245849609375
vt 0.44921875 0.19580078125
vt 0.980224609375 0.549072265625
vt 0.9052734375 0.114013671875
vt 0.457763671875 0.22314453125
vt 0.5244140625 0.1640625
vt 0.460693359375 0.19580078125
vt 0.4775390625 0.18505859375
vt 0.907470703125 0.113525390625
vt 0.981201171875 0.53857421875
vt 0.88623046875 0.072998046875
vt 0.575439453125 0.072265625
vt 0.982666015625 0.53955078125
vt 0.456298828125 0.200439453125
vt 0.57373046875 0.09521484375
vt 0.0029296875 0.7001953125
vt 0.566650390625 0.09716796875
vt 0.455322265625 0.187255859375
vt 0.455810546875 0.1865234375
vt 0.958984375 0.529541015625
vt 0.52197265625 0.167236328125
vt 0.90087890625 0.11083984375
vt 0.5185546875 0.17333984375
vt 0.900390625 0.10205078125
vt 0.90185546875 0.10888671875
vt 0.891845703125 0.10400390625
vt 0.524169921875 0.185546875
vt 0.51953125 0.1767578125
vt 0.5791015625 0.067138671875
vt 0.896240234375 0.10546875
vt 0.968505859375 0.53515625
vt 0.578125 0.05322265625
vt 0.98681640625 0.554931640625
vt 0.884521484375 0.083740234375
vt 0.525634765625 0.195556640625
vt 0.87646484375 0.070068359375
vt 0.89013671875 0.0947265625
vt 0.88330078125 0.09423828125
vt 0.962158203125 0.526611328125
vt 0.51708984375 0.189208984375
vt 0.51708984375 0.181640625
vt 0.88623046875 0.094482421875
vt 0.98876953125 0.53564453125
vt 0.587158203125 0.0341796875
vt 0.990966796875 0.536865234375
vt 0.580810546875 0.081298828125
vt 0.579345703125 0.097412109375
vt 0.009521484375 0.699462890625
vt 0.026611328125 0.7119140625
vt 0.95361328125 0.5078125
vt 0.019287109375 0.70849609375
vt 0.939453125 0.505126953125
vt 0.519775390625 0.200927734375
vt 0.866455078125 0.083251953125
vt 0.518798828125 0.189208984375
vt 0.8798828125 0.0888671875
vt 0.96142578125 0.517822265625
vt 0.525390625 0.205078125
vt 0.876220703125 0.087158203125
vt 0.00439453125 0.693603515625
vt 0.572998046875 0.099609375
vt 0.518798828125 0.192138671875
vt 0.521728515625 0.201416015625
vt 0.874267578125 0.07958984375
vt 0.582275390625 0.05810546875
vt 0.586181640625 0.043212890625
vt 0.993408203125 0.5439453125
vt 0.594970703125 0.029052734375
vt 0.99560546875 0.53369140625
vt 0.584716796875 0.06982421875
vt 0.976806640625 0.532470703125
vt 0.5859375 0.09326171875
vt 0.041748046875 0.715087890625
vt 0.9677734375 0.519775390625
vt 0.5859375 0.0615234375
vt 0.587890625 0.050048828125
vt 0.996337890625 0.548828125
vt 0.005859375 0.688720703125
vt 0.57763671875 0.101806640625
vt 0.973876953125 0.524169921875
vt 0.597412109375 0.03173828125
vt 0.999755859375 0.533203125
vt 0.588134765625 0.071044921875
vt 0.02685546875 0.703125
vt 0.598876953125 0.032958984375
vt 0.587646484375 0.100830078125
vt 0.00732421875 0.684814453125
vt 0.580810546875 0.1025390625
vt 0.590576171875 0.055908203125
vt 0.58935546875 0.087158203125
vt 0.98486328125 0.52978515625
vt 0.5986328125 0.029296875
vt 1 0.52880859375
vt 0.60302734375 0.02978515625
vt 0.038818359375 0.70703125
vt 0.96484375 0.507080078125
vt 0.9873046875 0.52734375
vt 0.0224609375 0.6953125
vt 0.607666015625 0.030029296875
vt 0.0078125 0.681396484375
vt 0.5849609375 0.105224609375
vt 0.603759765625 0.03759765625
vt 0.595947265625 0.072509765625
vt 0.593505859375 0.10302734375
vt 0.596923828125 0.06298828125
vt 0.607177734375 0.028076171875
vt 0.07421875 0.71240234375
vt 0.993896484375 0.525634765625
vt 0.014892578125 0.68310546875
vt 0.04638671875 0.70654296875
vt 0.97802734375 0.512451171875
vt 0.59033203125 0.106201171875
vt 0.05859375 0.70849609375
vt 0.987548828125 0.517333984375
vt 0.59814453125 0.08642578125
vt 0.6015625 0.050048828125
vt 0.598388671875 0.096435546875
vt 0.61328125 0.030029296875
vt 0.601806640625 0.0830078125
vt 0.6162109375 0.03271484375
vt 0.07568359375 0.70751953125
vt 0.60205078125 0.022705078125
vt 0.999755859375 0.52294921875
vt 0.03125 0.68798828125
vt 0.01025390625 0.674072265625
vt 0.592529296875 0.108642578125
vt 0.61083984375 0.04248046875
vt 0.60693359375 0.05126953125
vt 0.6015625 0.10595703125
vt 0.048095703125 0.7001953125
vt 0.596435546875 0.1083984375
vt 0.06884765625 0.705078125
vt 0.998046875 0.51708984375
vt 0.607177734375 0.07421875
vt 0.607666015625 0.057861328125
vt 0.08056640625 0.70458984375
vt 0.609619140625 0.02294921875
vt 0.607177734375 0.064697265625
vt 0.60595703125 0.09130859375
vt 0.61669921875 0.040771484375
vt 0.610107421875 0.053466796875
vt 0.619873046875 0.031982421875
vt 0.0244140625 0.679443359375
vt 0.067626953125 0.699951171875
vt 0.60205078125 0.109619140625
vt 0.610595703125 0.06103515625
vt 0.076171875 0.701171875
vt 0.61474609375 0.048583984375
vt 0.044921875 0.689208984375
vt 0.0126953125 0.6669921875
vt 0.599609375 0.111083984375
vt 0.033203125 0.67822265625
vt 0.609375 0.106201171875
vt 0.610595703125 0.099853515625
vt 0.613037109375 0.084228515625
vt 0.0517578125 0.6923828125
vt 0.08251953125 0.69970703125
vt 0.622802734375 0.038330078125
vt 0.613525390625 0.06298828125
vt 0.624755859375 0.032958984375
vt 0.6162109375 0.05322265625
vt 0.615234375 0.07177734375
vt 0.086181640625 0.698974609375
vt 0.6181640625 0.024169921875
vt 0.01025390625 0.66162109375
vt 0.6044921875 0.112060546875
vt 0.607177734375 0.110595703125
vt 0.6171875 0.0595703125
vt 0.07666015625 0.69384765625
vt 0.61767578125 0.06298828125
vt 0.6279296875 0.03369140625
vt 0.063720703125 0.689208984375
vt 0.067138671875 0.689208984375
vt 0.087890625 0.6953125
vt 0.622802734375 0.02490234375
vt 0.016357421875 0.64794921875
vt 0.61279296875 0.111572265625
vt 0.054931640625 0.684326171875
vt 0.611572265625 0.112060546875
vt 0.62353515625 0.068115234375
vt 0.015380859375 0.6552734375
vt 0.610595703125 0.1123046875
vt 0.619140625 0.10498046875
vt 0.62841796875 0.0439453125
vt 0.081298828125 0.689697265625
vt 0.089111328125 0.6923828125
vt 0.62548828125 0.025390625
vt 0.624755859375 0.05859375
vt 0.035400390625 0.66552734375
vt 0.62353515625 0.09326171875
vt 0.625244140625 0.056640625
vt 0.074951171875 0.686279296875
vt 0.05126953125 0.677001953125
vt 0.061279296875 0.681640625
vt 0.0263671875 0.660888671875
vt 0.6298828125 0.028564453125
vt 0.635009765625 0.034912109375
vt 0.63427734375 0.033447265625
vt 0.020263671875 0.6494140625
vt 0.619140625 0.111572265625
vt 0.634765625 0.042236328125
vt 0.061279296875 0.678466796875
vt 0.083740234375 0.68408203125
vt 0.04345703125 0.665283203125
vt 0.0205078125 0.651123046875
vt 0.61181640625 0.1162109375
vt 0.633056640625 0.067626953125
vt 0.091064453125 0.6875
vt 0.630126953125 0.026123046875
vt 0.638671875 0.037841796875
vt 0.634033203125 0.0537109375
vt 0.058349609375 0.671142578125
vt 0.6357421875 0.059814453125
vt 0.631591796875 0.102783203125
vt 0.634521484375 0.0869140625
vt 0.028564453125 0.6513671875
vt 0.641357421875 0.03369140625
vt 0.640869140625 0.0771484375
vt 0.0791015625 0.677001953125
vt 0.026123046875 0.644775390625
vt 0.627685546875 0.109619140625
vt 0.037353515625 0.652099609375
vt 0.05224609375 0.660888671875
vt 0.638671875 0.10107421875
vt 0.044921875 0.655029296875
vt 0.028076171875 0.645751953125
vt 0.64404296875 0.08544921875
vt 0.08349609375 0.67578125
vt 0.072998046875 0.6728515625
vt 0.071044921875 0.671630859375
vt 0.6455078125 0.05810546875
vt 0.649169921875 0.078369140625
vt 0.068115234375 0.666015625
vt 0.64404296875 0.047607421875
vt 0.644775390625 0.10009765625
vt 0.648681640625 0.092529296875
vt 0.640380859375 0.025390625
vt 0.65234375 0.08740234375
vt 0.650146484375 0.067138671875
vt 0.031494140625 0.64013671875
vt 0.031982421875 0.636474609375
vt 0.63671875 0.109130859375
vt 0.65185546875 0.07177734375
vt 0.068359375 0.661376953125
vt 0.65625 0.08154296875
vt 0.097412109375 0.67822265625
vt 0.6416015625 0.0224609375
vt 0.644287109375 0.02734375
vt 0.64794921875 0.030029296875
vt 0.03369140625 0.63720703125
vt 0.04150390625 0.642578125
vt 0.652587890625 0.061279296875
vt 0.06005859375 0.65478515625
vt 0.648193359375 0.044189453125
vt 0.0810546875 0.66943359375
vt 0.0537109375 0.648193359375
vt 0.037353515625 0.6328125
vt 0.64208984375 0.107421875
vt 0.657470703125 0.086181640625
vt 0.653076171875 0.050048828125
vt 0.06787109375 0.650390625
vt 0.655517578125 0.058349609375
vt 0.662109375 0.07568359375
vt 0.6484375 0.033935546875
vt 0.0751953125 0.656494140625
vt 0.6474609375 0.104248046875
vt 0.037353515625 0.635009765625
vt 0.652099609375 0.09814453125
vt 0.081298828125 0.66162109375
vt 0.6611328125 0.068115234375
vt 0.040283203125 0.63232421875
vt 0.645263671875 0.10693359375
vt 0.08642578125 0.6669921875
vt 0.657958984375 0.08984375
vt 0.660888671875 0.084228515625
vt 0.66552734375 0.071533203125
vt 0.04345703125 0.63330078125
vt 0.649169921875 0.106689453125
vt 0.65283203125 0.040771484375
vt 0.072509765625 0.642333984375
vt 0.051025390625 0.6318359375
vt 0.6533203125 0.10009765625
vt 0.66015625 0.05419921875
vt 0.101318359375 0.67138671875
vt 0.64892578125 0.0244140625
vt 0.66357421875 0.061279296875
vt 0.061279296875 0.63330078125
vt 0.659912109375 0.09130859375
vt 0.0810546875 0.650634765625
vt 0.0859375 0.656005859375
vt 0.068359375 0.632568359375
vt 0.66357421875 0.085693359375
vt 0.6533203125 0.026611328125
vt 0.663818359375 0.052490234375
vt 0.669921875 0.06591796875
vt 0.080810546875 0.63916015625
vt 0.101806640625 0.667236328125
vt 0.654296875 0.025146484375
vt 0.096923828125 0.6650390625
vt 0.656982421875 0.03515625
vt 0.09619140625 0.6630859375
vt 0.076171875 0.632568359375
vt 0.66845703125 0.0791015625
vt 0.088623046875 0.6494140625
vt 0.07861328125 0.635009765625
vt 0.670654296875 0.076171875
vt 0.662841796875 0.044677734375
vt 0.66162109375 0.037841796875
vt 0.67431640625 0.0615234375
vt 0.083251953125 0.6318359375
vt 0.67333984375 0.071533203125
vt 0.095458984375 0.650634765625
vt 0.09912109375 0.65673828125
vt 0.10546875 0.65966796875
vt 0.660888671875 0.032958984375
vt 0.091552734375 0.63916015625
vt 0.102783203125 0.66259765625
vt 0.659423828125 0.0302734375
vt 0.08984375 0.63134765625
vt 0.676513671875 0.06689453125
vt 0.100341796875 0.64990234375
vt 0.667236328125 0.0390625
vt 0.104248046875 0.656494140625
vt 0.098388671875 0.642822265625
vt 0.67822265625 0.05859375
vt 0.105712890625 0.6552734375
vt 0.666015625 0.03369140625
vt 0.67724609375 0.052001953125
vt 0.673583984375 0.0439453125
vt 0.105224609375 0.650634765625
vt 0.09814453125 0.6328125
vt 0.681884765625 0.0576171875
vt 0.67724609375 0.045166015625
vt 0.673095703125 0.040283203125
vt 0.679931640625 0.052001953125
vt 0.107177734375 0.6484375
vt 0.671875 0.036865234375
vt 0.10302734375 0.6357421875
vt 0.681396484375 0.05029296875
vt 0.10546875 0.641357421875
vt 0.67919921875 0.04150390625
vt 0.1044921875 0.638671875
vt 0.68017578125 0.04638671875
f 4738/4738 4829/4829 4766/4766
f 4738/4738 4766/4766 4514/4514
f 4514/4514 4766/4766 4696/4696
f 4738/4738 4514/4514 4682/4682
f 4738/4738 4682/4682 4829/4829
f 4536/4536 4473/4473 4682/4682
f 4682/4682 4473/4473 4764/4764
f 4682/4682 4764/4764 4829/4829
f 4829/4829 4764/4764 4895/4895
f 4696/4696 4766/4766 4737/4737
f 4696/4696 4737/4737 4649/4649
f 4829/4829 4895/4895 4876/4876
f 4794/4794 4766/4766 4829/4829
f 4766/4766 4794/4794 4737/4737
f 4794/4794 4829/4829 4876/4876
f 4876/4876 4895/4895 4924/4924
f 4737/4737 4794/4794 4787/4787
f 4737/4737 4787/4787 4727/4727
f 4727/4727 4787/4787 4748/4748
f 4787/4787 4794/4794 4820/4820
f 4820/4820 4794/4794 4876/4876
f 4748/4748 4787/4787 4801/4801
f 4801/4801 4787/4787 4820/4820
f 4748/4748 4801/4801 4753/4753
f 4753/4753 4801/4801 4745/4745
f 4745/4745 4801/4801 4770/4770
f 4770/4770 4801/4801 4811/4811
f 4801/4801 4820/4820 4843/4843
f 4801/4801 4843/4843 4811/4811
f 4885/4885 4820/4820 4876/4876
f 4820/4820 4885/4885 4843/4843
f 4811/4811 4843/4843 4836/4836
f 4811/4811 4836/4836 4824/4824
f 4811/4811 4824/4824 4743/4743
f 4836/4836 4843/4843 4869/4869
f 4836/4836 4869/4869 4824/4824
f 4869/4869 4843/4843 4885/4885
f 4885/4885 4876/4876 4916/4916
f 4916/4916 4876/4876 4924/4924
f 4916/4916 4924/4924 4995/4995
f 4995/4995 4924/4924 5016/5016
f 4995/4995 5016/5016 5112/5112
f 4916/4916 4995/4995 4949/4949
f 4916/4916 4949/4949 4885/4885
f 4885/4885 4949/4949 4915/4915
f 4885/4885 4915/4915 4869/4869
f 4915/4915 4949/4949 4981/4981
f 4915/4915 4981/4981 4869/4869
f 4949/4949 4995/4995 5018/5018
f 4949/4949 5018/5018 4981/4981
f 5166/5166 4995/4995 5112/5112
f 4995/4995 5166/5166 5018/5018
f 5155/5155 5209/5209 5112/5112
f 5112/5112 5209/5209 5166/5166
f 4955/4955 4869/4869 4981/4981
f 5166/5166 5209/5209 5283/5283
f 5283/5283 5209/5209 5281/5281
f 5283/5283 5281/5281 5342/5342
f 5031/5031 4981/4981 5018/5018
f 4981/4981 5031/5031 4955/4955
f 5121/5121 5018/5018 5166/5166
f 5018/5018 5121/5121 5031/5031
f 5166/5166 5283/5283 5192/5192
f 5166/5166 5192/5192 5121/5121
f 5283/5283 5342/5342 5322/5322
f 5283/5283 5322/5322 5192/5192
f 5322/5322 5342/5342 5447/5447
f 5447/5447 5342/5342 5454/5454
f 5192/5192 5322/5322 5314/5314
f 5322/5322 5447/5447 5370/5370
f 5322/5322 5370/5370 5314/5314
f 5119/5119 5031/5031 5121/5121
f 5192/5192 5314/5314 5404/5404
f 5404/5404 5314/5314 5370/5370
f 5136/5136 5121/5121 5192/5192
f 5121/5121 5136/5136 5119/5119
f 5136/5136 5192/5192 5177/5177
f 5136/5136 5177/5177 5175/5175
f 5175/5175 5177/5177 5192/5192
f 5136/5136 5175/5175 5119/5119
f 5175/5175 5192/5192 5244/5244
f 5175/5175 5244/5244 5119/5119
f 5244/5244 5192/5192 5404/5404
f 5039/5039 5031/5031 5119/5119
f 5119/5119 5244/5244 5142/5142
f 5119/5119 5142/5142 5039/5039
f 5031/5031 5039/5039 4955/4955
f 5142/5142 5244/5244 5330/5330
f 5244/5244 5404/5404 5439/5439
f 5244/5244 5439/5439 5330/5330
f 5439/5439 5404/5404 5504/5504
f 4955/4955 5039/5039 5056/5056
f 5039/5039 5142/5142 5137/5137
f 5039/5039 5137/5137 5056/5056
f 5137/5137 5142/5142 5273/5273
f 5273/5273 5142/5142 5330/5330
f 5056/5056 5137/5137 5151/5151
f 5151/5151 5137/5137 5273/5273
f 4955/4955 5056/5056 5046/5046
f 5046/5046 5056/5056 5151/5151
f 4955/4955 5046/5046 4919/4919
f 4955/4955 4919/4919 4869/4869
f 4869/4869 4919/4919 4877/4877
f 4869/4869 4877/4877 4824/4824
f 4919/4919 5046/5046 4994/4994
f 4919/4919 4994/4994 4877/4877
f 4824/4824 4877/4877 4840/4840
f 4824/4824 4840/4840 4792/4792
f 4840/4840 4877/4877 4904/4904
f 4994/4994 5046/5046 5096/5096
f 5096/5096 5046/5046 5151/5151
f 4877/4877 4994/4994 4959/4959
f 4959/4959 4994/4994 5096/5096
f 4877/4877 4959/4959 4904/4904
f 5096/5096 5151/5151 5262/5262
f 5262/5262 5151/5151 5273/5273
f 4959/4959 5096/5096 5115/5115
f 5115/5115 5096/5096 5262/5262
f 4904/4904 4959/4959 4962/4962
f 4962/4962 4959/4959 5115/5115
f 4904/4904 4962/4962 4884/4884
f 4884/4884 4962/4962 4992/4992
f 5262/5262 5273/5273 5379/5379
f 5379/5379 5273/5273 5330/5330
f 5115/5115 5262/5262 5230/5230
f 4962/4962 5115/5115 5124/5124
f 4962/4962 5124/5124 4992/4992
f 5124/5124 5115/5115 5230/5230
f 5262/5262 5379/5379 5293/5293
f 5262/5262 5293/5293 5230/5230
f 5293/5293 5379/5379 5461/5461
f 5230/5230 5293/5293 5367/5367
f 5367/5367 5293/5293 5461/5461
f 5124/5124 5230/5230 5268/5268
f 5230/5230 5367/5367 5375/5375
f 5230/5230 5375/5375 5268/5268
f 5375/5375 5367/5367 5470/5470
f 5470/5470 5367/5367 5461/5461
f 5375/5375 5470/5470 5408/5408
f 5375/5375 5408/5408 5268/5268
f 5124/5124 5268/5268 5120/5120
f 5124/5124 5120/5120 4992/4992
f 4992/4992 5120/5120 5038/5038
f 4992/4992 5038/5038 4944/4944
f 4944/4944 5038/5038 5001/5001
f 5001/5001 5038/5038 5140/5140
f 5140/5140 5038/5038 5120/5120
f 5001/5001 5140/5140 5055/5055
f 5228/5228 5120/5120 5268/5268
f 5120/5120 5228/5228 5140/5140
f 5228/5228 5268/5268 5313/5313
f 5140/5140 5228/5228 5239/5239
f 5140/5140 5239/5239 5055/5055
f 5239/5239 5228/5228 5313/5313
f 5313/5313 5268/5268 5408/5408
f 5055/5055 5239/5239 5150/5150
f 5055/5055 5150/5150 5025/5025
f 5025/5025 5150/5150 5100/5100
f 5100/5100 5150/5150 5207/5207
f 5207/5207 5150/5150 5239/5239
f 5100/5100 5207/5207 5081/5081
f 5239/5239 5313/5313 5324/5324
f 5239/5239 5324/5324 5207/5207
f 5081/5081 5207/5207 5213/5213
f 5324/5324 5313/5313 5410/5410
f 5410/5410 5313/5313 5408/5408
f 5081/5081 5213/5213 5128/5128
f 5410/5410 5408/5408 5459/5459
f 5207/5207 5324/5324 5351/5351
f 5207/5207 5351/5351 5213/5213
f 5324/5324 5410/5410 5403/5403
f 5324/5324 5403/5403 5351/5351
f 5459/5459 5408/5408 5514/5514
f 5410/5410 5459/5459 5508/5508
f 5410/5410 5508/5508 5403/5403
f 5508/5508 5459/5459 5514/5514
f 5514/5514 5408/5408 5470/5470
f 5403/5403 5508/5508 5475/5475
f 5403/5403 5475/5475 5351/5351
f 5508/5508 5514/5514 5582/5582
f 5514/5514 5470/5470 5548/5548
f 5548/5548 5470/5470 5461/5461
f 5582/5582 5514/5514 5581/5581
f 5581/5581 5514/5514 5548/5548
f 5508/5508 5582/5582 5587/5587
f 5582/5582 5581/5581 5637/5637
f 5582/5582 5637/5637 5587/5587
f 5508/5508 5587/5587 5562/5562
f 5508/5508 5562/5562 5475/5475
f 5587/5587 5637/5637 5628/5628
f 5587/5587 5628/5628 5562/5562
f 5637/5637 5581/5581 5634/5634
f 5594/5594 5581/5581 5548/5548
f 5581/5581 5594/5594 5634/5634
f 5594/5594 5548/5548 5549/5549
f 5549/5549 5548/5548 5461/5461
f 5634/5634 5594/5594 5593/5593
f 5549/5549 5461/5461 5478/5478
f 5478/5478 5461/5461 5379/5379
f 5478/5478 5379/5379 5330/5330
f 5594/5594 5549/5549 5553/5553
f 5553/5553 5549/5549 5478/5478
f 5594/5594 5553/5553 5593/5593
f 5478/5478 5330/5330 5465/5465
f 5478/5478 5465/5465 5553/5553
f 5465/5465 5330/5330 5439/5439
f 5465/5465 5439/5439 5504/5504
f 5553/5553 5465/5465 5533/5533
f 5533/5533 5465/5465 5504/5504
f 5553/5553 5533/5533 5593/5593
f 5533/5533 5504/5504 5551/5551
f 5533/5533 5551/5551 5593/5593
f 5551/5551 5504/5504 5511/5511
f 5511/5511 5504/5504 5404/5404
f 5511/5511 5404/5404 5370/5370
f 5593/5593 5551/5551 5602/5602
f 5551/5551 5511/5511 5542/5542
f 5551/5551 5542/5542 5602/5602
f 5511/5511 5370/5370 5441/5441
f 5511/5511 5441/5441 5542/5542
f 5441/5441 5370/5370 5468/5468
f 5468/5468 5370/5370 5447/5447
f 5542/5542 5441/5441 5471/5471
f 5471/5471 5441/5441 5468/5468
f 5468/5468 5447/5447 5520/5520
f 5520/5520 5447/5447 5546/5546
f 5468/5468 5520/5520 5618/5618
f 5468/5468 5618/5618 5471/5471
f 5584/5584 5622/5622 5520/5520
f 5520/5520 5622/5622 5618/5618
f 5590/5590 5542/5542 5471/5471
f 5542/5542 5590/5590 5602/5602
f 5618/5618 5622/5622 5672/5672
f 5672/5672 5622/5622 5688/5688
f 5672/5672 5688/5688 5776/5776
f 5618/5618 5672/5672 5686/5686
f 5686/5686 5672/5672 5776/5776
f 5770/5770 5827/5827 5776/5776
f 5776/5776 5827/5827 5686/5686
f 5686/5686 5827/5827 5818/5818
f 5618/5618 5686/5686 5604/5604
f 5618/5618 5604/5604 5471/5471
f 5686/5686 5818/5818 5670/5670
f 5686/5686 5670/5670 5604/5604
f 5670/5670 5818/5818 5710/5710
f 5670/5670 5710/5710 5664/5664
f 5471/5471 5604/5604 5502/5502
f 5471/5471 5502/5502 5590/5590
f 5604/5604 5670/5670 5554/5554
f 5554/5554 5670/5670 5664/5664
f 5604/5604 5554/5554 5502/5502
f 5554/5554 5664/5664 5564/5564
f 5564/5564 5664/5664 5620/5620
f 5502/5502 5554/5554 5499/5499
f 5499/5499 5554/5554 5564/5564
f 5564/5564 5620/5620 5492/5492
f 5492/5492 5620/5620 5451/5451
f 5499/5499 5564/5564 5474/5474
f 5474/5474 5564/5564 5492/5492
f 5502/5502 5499/5499 5598/5598
f 5598/5598 5499/5499 5474/5474
f 5474/5474 5492/5492 5429/5429
f 5429/5429 5492/5492 5451/5451
f 5598/5598 5474/5474 5579/5579
f 5579/5579 5474/5474 5429/5429
f 5502/5502 5598/5598 5612/5612
f 5502/5502 5612/5612 5590/5590
f 5598/5598 5579/5579 5639/5639
f 5598/5598 5639/5639 5612/5612
f 5590/5590 5612/5612 5648/5648
f 5648/5648 5612/5612 5639/5639
f 5590/5590 5648/5648 5602/5602
f 5602/5602 5648/5648 5647/5647
f 5648/5648 5639/5639 5660/5660
f 5648/5648 5660/5660 5647/5647
f 5602/5602 5647/5647 5638/5638
f 5638/5638 5647/5647 5660/5660
f 5602/5602 5638/5638 5593/5593
f 5593/5593 5638/5638 5634/5634
f 5634/5634 5638/5638 5656/5656
f 5656/5656 5638/5638 5660/5660
f 5634/5634 5656/5656 5637/5637
f 5637/5637 5656/5656 5651/5651
f 5651/5651 5656/5656 5660/5660
f 5637/5637 5651/5651 5628/5628
f 5651/5651 5660/5660 5640/5640
f 5640/5640 5660/5660 5639/5639
f 5628/5628 5651/5651 5605/5605
f 5605/5605 5651/5651 5640/5640
f 5628/5628 5605/5605 5562/5562
f 5640/5640 5639/5639 5610/5610
f 5610/5610 5639/5639 5579/5579
f 5605/5605 5640/5640 5578/5578
f 5578/5578 5640/5640 5610/5610
f 5562/5562 5605/5605 5559/5559
f 5559/5559 5605/5605 5578/5578
f 5610/5610 5579/5579 5555/5555
f 5555/5555 5579/5579 5429/5429
f 5578/5578 5610/5610 5510/5510
f 5510/5510 5610/5610 5555/5555
f 5559/5559 5578/5578 5515/5515
f 5578/5578 5510/5510 5509/5509
f 5578/5578 5509/5509 5515/5515
f 5510/5510 5555/5555 5449/5449
f 5449/5449 5555/5555 5429/5429
f 5510/5510 5449/5449 5440/5440
f 5510/5510 5440/5440 5509/5509
f 5449/5449 5429/5429 5369/5369
f 5449/5449 5369/5369 5440/5440
f 5369/5369 5429/5429 5451/5451
f 5369/5369 5451/5451 5419/5419
f 5419/5419 5451/5451 5423/5423
f 5369/5369 5419/5419 5290/5290
f 5290/5290 5419/5419 5261/5261
f 5440/5440 5369/5369 5315/5315
f 5315/5315 5369/5369 5290/5290
f 5290/5290 5261/5261 5229/5229
f 5290/5290 5229/5229 5315/5315
f 5229/5229 5261/5261 5149/5149
f 5149/5149 5261/5261 5164/5164
f 5315/5315 5229/5229 5226/5226
f 5226/5226 5229/5229 5149/5149
f 5149/5149 5164/5164 5118/5118
f 5118/5118 5164/5164 5089/5089
f 5226/5226 5149/5149 5224/5224
f 5315/5315 5226/5226 5307/5307
f 5315/5315 5307/5307 5440/5440
f 5307/5307 5226/5226 5224/5224
f 5149/5149 5118/5118 5109/5109
f 5149/5149 5109/5109 5224/5224
f 5109/5109 5118/5118 4987/4987
f 5109/5109 4987/4987 5063/5063
f 5109/5109 5063/5063 5224/5224
f 5440/5440 5307/5307 5416/5416
f 5440/5440 5416/5416 5509/5509
f 5307/5307 5224/5224 5282/5282
f 5307/5307 5282/5282 5416/5416
f 5224/5224 5063/5063 5203/5203
f 5224/5224 5203/5203 5282/5282
f 5203/5203 5063/5063 5021/5021
f 5203/5203 5021/5021 5206/5206
f 5203/5203 5206/5206 5282/5282
f 5206/5206 5021/5021 5168/5168
f 5282/5282 5206/5206 5279/5279
f 5279/5279 5206/5206 5168/5168
f 5402/5402 5416/5416 5282/5282
f 5416/5416 5402/5402 5509/5509
f 5402/5402 5282/5282 5279/5279
f 5509/5509 5402/5402 5477/5477
f 5509/5509 5477/5477 5515/5515
f 5402/5402 5279/5279 5386/5386
f 5402/5402 5386/5386 5477/5477
f 5515/5515 5477/5477 5421/5421
f 5421/5421 5477/5477 5386/5386
f 5158/5158 5279/5279 5168/5168
f 5158/5158 5168/5168 5048/5048
f 5158/5158 5048/5048 5091/5091
f 5386/5386 5279/5279 5316/5316
f 5316/5316 5279/5279 5158/5158
f 5386/5386 5316/5316 5421/5421
f 5158/5158 5091/5091 5205/5205
f 5158/5158 5205/5205 5316/5316
f 5205/5205 5091/5091 5113/5113
f 5421/5421 5316/5316 5319/5319
f 5319/5319 5316/5316 5205/5205
f 5205/5205 5113/5113 5190/5190
f 5205/5205 5190/5190 5319/5319
f 5190/5190 5113/5113 5128/5128
f 5190/5190 5128/5128 5213/5213
f 5190/5190 5213/5213 5308/5308
f 5190/5190 5308/5308 5319/5319
f 5308/5308 5213/5213 5351/5351
f 5319/5319 5308/5308 5399/5399
f 5399/5399 5308/5308 5351/5351
f 5319/5319 5399/5399 5421/5421
f 5399/5399 5351/5351 5466/5466
f 5466/5466 5351/5351 5475/5475
f 5466/5466 5475/5475 5562/5562
f 5399/5399 5466/5466 5505/5505
f 5399/5399 5505/5505 5421/5421
f 5505/5505 5466/5466 5562/5562
f 5421/5421 5505/5505 5515/5515
f 5505/5505 5562/5562 5559/5559
f 5505/5505 5559/5559 5515/5515
f 4463/4463 4535/4535 4513/4513
f 4513/4513 4535/4535 4681/4681
f 4535/4535 4463/4463 4413/4413
f 4535/4535 4413/4413 4472/4472
f 4472/4472 4413/4413 4280/4280
f 4472/4472 4280/4280 4503/4503
f 4413/4413 4463/4463 4289/4289
f 4280/4280 4413/4413 4249/4249
f 4249/4249 4413/4413 4289/4289
f 4280/4280 4249/4249 4241/4241
f 4289/4289 4463/4463 4228/4228
f 4228/4228 4463/4463 4513/4513
f 4249/4249 4289/4289 4197/4197
f 4197/4197 4289/4289 4228/4228
f 4249/4249 4197/4197 4241/4241
f 4280/4280 4241/4241 4284/4284
f 4280/4280 4284/4284 4377/4377
f 4241/4241 4197/4197 4118/4118
f 4377/4377 4284/4284 4196/4196
f 4377/4377 4196/4196 4128/4128
f 4284/4284 4241/4241 4036/4036
f 4284/4284 4036/4036 4196/4196
f 4036/4036 4241/4241 3954/3954
f 3954/3954 4241/4241 4118/4118
f 4196/4196 4036/4036 3889/3889
f 4196/4196 3889/3889 4128/4128
f 4036/4036 3954/3954 24/24
f 4036/4036 24/24 3889/3889
f 3954/3954 4118/4118 3790/3790
f 3954/3954 3790/3790 24/24
f 4040/4040 4118/4118 4197/4197
f 3790/3790 4118/4118 3696/3696
f 3696/3696 4118/4118 4040/4040
f 4040/4040 4197/4197 4228/4228
f 3676/3676 4128/4128 3889/3889
f 4128/4128 3676/3676 4003/4003
f 470/470 3889/3889 24/24
f 3889/3889 470/470 3676/3676
f 4003/4003 3676/3676 3612/3612
f 4003/4003 3612/3612 3868/3868
f 3612/3612 3676/3676 475/475
f 475/475 3676/3676 470/470
f 3868/3868 3612/3612 38/38
f 470/470 24/24 455/455
f 455/455 24/24 395/395
f 395/395 24/24 3790/3790
f 470/470 455/455 1090/1090
f 1090/1090 455/455 395/395
f 395/395 3790/3790 381/381
f 381/381 3790/3790 3696/3696
f 1090/1090 395/395 985/985
f 985/985 395/395 381/381
f 470/470 1090/1090 1255/1255
f 470/470 1255/1255 1225/1225
f 470/470 1225/1225 475/475
f 1255/1255 1090/1090 1399/1399
f 1225/1225 1255/1255 1507/1507
f 1507/1507 1255/1255 1399/1399
f 1399/1399 1090/1090 1256/1256
f 1256/1256 1090/1090 985/985
f 1507/1507 1399/1399 1596/1596
f 1399/1399 1256/1256 1555/1555
f 1399/1399 1555/1555 1596/1596
f 1256/1256 985/985 1156/1156
f 1256/1256 1156/1156 1555/1555
f 1156/1156 985/985 928/928
f 928/928 985/985 381/381
f 928/928 381/381 747/747
f 747/747 381/381 411/411
f 747/747 411/411 928/928
f 411/411 381/381 3696/3696
f 1156/1156 928/928 1209/1209
f 1209/1209 928/928 411/411
f 411/411 3696/3696 454/454
f 411/411 454/454 1209/1209
f 454/454 3696/3696 3765/3765
f 3765/3765 3696/3696 4040/4040
f 3765/3765 4040/4040 3927/3927
f 3927/3927 4040/4040 4228/4228
f 454/454 3765/3765 422/422
f 422/422 3765/3765 3927/3927
f 1209/1209 454/454 973/973
f 973/973 454/454 422/422
f 3927/3927 4228/4228 3922/3922
f 3927/3927 3922/3922 422/422
f 3922/3922 4228/4228 4224/4224
f 422/422 3922/3922 3734/3734
f 4224/4224 4228/4228 4374/4374
f 4374/4374 4228/4228 4513/4513
f 3922/3922 4224/4224 3980/3980
f 3922/3922 3980/3980 3734/3734
f 4224/4224 4374/4374 4350/4350
f 4374/4374 4513/4513 4465/4465
f 4374/4374 4465/4465 4350/4350
f 4465/4465 4513/4513 4592/4592
f 4592/4592 4513/4513 4695/4695
f 4592/4592 4695/4695 4647/4647
f 4592/4592 4647/4647 4465/4465
f 4465/4465 4647/4647 4449/4449
f 4465/4465 4449/4449 4350/4350
f 4243/4243 4224/4224 4350/4350
f 4224/4224 4243/4243 3980/3980
f 4350/4350 4449/4449 4317/4317
f 4317/4317 4449/4449 4524/4524
f 4317/4317 4524/4524 4434/4434
f 4317/4317 4434/4434 4415/4415
f 4317/4317 4415/4415 4068/4068
f 4243/4243 4350/4350 4222/4222
f 4222/4222 4350/4350 4317/4317
f 4317/4317 4068/4068 4108/4108
f 4317/4317 4108/4108 4222/4222
f 4243/4243 4222/4222 4009/4009
f 4243/4243 4009/4009 3980/3980
f 4009/4009 4222/4222 4108/4108
f 3980/3980 4009/4009 3778/3778
f 3980/3980 3778/3778 3734/3734
f 4009/4009 4108/4108 3849/3849
f 4009/4009 3849/3849 3778/3778
f 3734/3734 3778/3778 3731/3731
f 3731/3731 3778/3778 3849/3849
f 3849/3849 4108/4108 3813/3813
f 3849/3849 3813/3813 3731/3731
f 3813/3813 4108/4108 3746/3746
f 3746/3746 4108/4108 4068/4068
f 3731/3731 3813/3813 110/110
f 110/110 3813/3813 3746/3746
f 4190/4190 4038/4038 4068/4068
f 4068/4068 4038/4038 3746/3746
f 3731/3731 110/110 410/410
f 62/62 3734/3734 3731/3731
f 62/62 3731/3731 410/410
f 3734/3734 62/62 431/431
f 3734/3734 431/431 422/422
f 431/431 62/62 427/427
f 427/427 62/62 410/410
f 422/422 431/431 1049/1049
f 1049/1049 431/431 427/427
f 422/422 1049/1049 973/973
f 1049/1049 427/427 1132/1132
f 1132/1132 427/427 410/410
f 973/973 1049/1049 1147/1147
f 1147/1147 1049/1049 1132/1132
f 973/973 1147/1147 1239/1239
f 973/973 1239/1239 1209/1209
f 1239/1239 1147/1147 1343/1343
f 1343/1343 1147/1147 1346/1346
f 1346/1346 1147/1147 1132/1132
f 1239/1239 1343/1343 1456/1456
f 1209/1209 1239/1239 1472/1472
f 1472/1472 1239/1239 1456/1456
f 1209/1209 1472/1472 1511/1511
f 1209/1209 1511/1511 1156/1156
f 1156/1156 1511/1511 1555/1555
f 1343/1343 1346/1346 1478/1478
f 1343/1343 1478/1478 1456/1456
f 1472/1472 1456/1456 1489/1489
f 1489/1489 1456/1456 1478/1478
f 1511/1511 1472/1472 1605/1605
f 1605/1605 1472/1472 1489/1489
f 1555/1555 1511/1511 1621/1621
f 1621/1621 1511/1511 1605/1605
f 1621/1621 1605/1605 1882/1882
f 1882/1882 1605/1605 1489/1489
f 1489/1489 1478/1478 1690/1690
f 1489/1489 1690/1690 1882/1882
f 1490/1490 1478/1478 1346/1346
f 1478/1478 1490/1490 1690/1690
f 1490/1490 1346/1346 1462/1462
f 1462/1462 1346/1346 1132/1132
f 1690/1690 1490/1490 1676/1676
f 1490/1490 1462/1462 1671/1671
f 1490/1490 1671/1671 1676/1676
f 1690/1690 1676/1676 1933/1933
f 1933/1933 1676/1676 1671/1671
f 1928/1928 1882/1882 1690/1690
f 1928/1928 1690/1690 1933/1933
f 1303/1303 1462/1462 1132/1132
f 1533/1533 1671/1671 1462/1462
f 1533/1533 1462/1462 1303/1303
f 1303/1303 1132/1132 1145/1145
f 1145/1145 1132/1132 410/410
f 1533/1533 1303/1303 1458/1458
f 1145/1145 410/410 818/818
f 1303/1303 1145/1145 1287/1287
f 1287/1287 1145/1145 818/818
f 1303/1303 1287/1287 1458/1458
f 1720/1720 1671/1671 1533/1533
f 1671/1671 1720/1720 1883/1883
f 1671/1671 1883/1883 1933/1933
f 1720/1720 1533/1533 1684/1684
f 1684/1684 1533/1533 1458/1458
f 1883/1883 1720/1720 1887/1887
f 1887/1887 1720/1720 1684/1684
f 1933/1933 1883/1883 2063/2063
f 2063/2063 1883/1883 1887/1887
f 1887/1887 1684/1684 1786/1786
f 1684/1684 1458/1458 1633/1633
f 1684/1684 1633/1633 1786/1786
f 1633/1633 1458/1458 1609/1609
f 1887/1887 1786/1786 1965/1965
f 1887/1887 1965/1965 2063/2063
f 1786/1786 1633/1633 1822/1822
f 1786/1786 1822/1822 1965/1965
f 1822/1822 1633/1633 1609/1609
f 1965/1965 1822/1822 2012/2012
f 2063/2063 1965/1965 2176/2176
f 2176/2176 1965/1965 2012/2012
f 2014/2014 1933/1933 2063/2063
f 1933/1933 2014/2014 1928/1928
f 2014/2014 2063/2063 2105/2105
f 2105/2105 2063/2063 2176/2176
f 1928/1928 2014/2014 2153/2153
f 2153/2153 2014/2014 2105/2105
f 2153/2153 2105/2105 2202/2202
f 2202/2202 2105/2105 2176/2176
f 1928/1928 2153/2153 2205/2205
f 2205/2205 2153/2153 2202/2202
f 2202/2202 2176/2176 2265/2265
f 2202/2202 2265/2265 2299/2299
f 2265/2265 2176/2176 2253/2253
f 2202/2202 2299/2299 2292/2292
f 2202/2202 2292/2292 2205/2205
f 2292/2292 2299/2299 2320/2320
f 2205/2205 2292/2292 2244/2244
f 2292/2292 2320/2320 2315/2315
f 2292/2292 2315/2315 2244/2244
f 2315/2315 2320/2320 2393/2393
f 2205/2205 2244/2244 2215/2215
f 2205/2205 2215/2215 1928/1928
f 2215/2215 2244/2244 2315/2315
f 1928/1928 2215/2215 1882/1882
f 2315/2315 2393/2393 2375/2375
f 1882/1882 2215/2215 1991/1991
f 1991/1991 2215/2215 2315/2315
f 1882/1882 1991/1991 1621/1621
f 2315/2315 2375/2375 2224/2224
f 2315/2315 2224/2224 1991/1991
f 2224/2224 2375/2375 2249/2249
f 1621/1621 1991/1991 1902/1902
f 1621/1621 1902/1902 1555/1555
f 1991/1991 2224/2224 2144/2144
f 1991/1991 2144/2144 1902/1902
f 2144/2144 2224/2224 2249/2249
f 1555/1555 1902/1902 1762/1762
f 1762/1762 1902/1902 2144/2144
f 1555/1555 1762/1762 1596/1596
f 1762/1762 2144/2144 1837/1837
f 1762/1762 1837/1837 1596/1596
f 1837/1837 2144/2144 2249/2249
f 1596/1596 1837/1837 1683/1683
f 1596/1596 1683/1683 1507/1507
f 1837/1837 2249/2249 2185/2185
f 1837/1837 2185/2185 1683/1683
f 1507/1507 1683/1683 1477/1477
f 1507/1507 1477/1477 1225/1225
f 1683/1683 2185/2185 2006/2006
f 1225/1225 1477/1477 1148/1148
f 1225/1225 1148/1148 475/475
f 2185/2185 2249/2249 2316/2316
f 475/475 1148/1148 912/912
f 475/475 912/912 438/438
f 475/475 438/438 3612/3612
f 3612/3612 438/438 38/38
f 438/438 912/912 839/839
f 438/438 839/839 38/38
f 912/912 1148/1148 1139/1139
f 912/912 1139/1139 839/839
f 38/38 839/839 446/446
f 446/446 839/839 1139/1139
f 38/38 446/446 3609/3609
f 38/38 3609/3609 3868/3868
f 3868/3868 3609/3609 4080/4080
f 4080/4080 3609/3609 3838/3838
f 3838/3838 3609/3609 372/372
f 372/372 3609/3609 446/446
f 446/446 1139/1139 916/916
f 446/446 916/916 372/372
f 3838/3838 372/372 3708/3708
f 916/916 1139/1139 1160/1160
f 916/916 1160/1160 372/372
f 1320/1320 1139/1139 1148/1148
f 1139/1139 1320/1320 1160/1160
f 1320/1320 1148/1148 1477/1477
f 372/372 1160/1160 1133/1133
f 3708/3708 372/372 348/348
f 348/348 372/372 1133/1133
f 3708/3708 348/348 376/376
f 3708/3708 376/376 3826/3826
f 3826/3826 376/376 362/362
f 362/362 376/376 1019/1019
f 1019/1019 376/376 1138/1138
f 1138/1138 376/376 348/348
f 1019/1019 1138/1138 1316/1316
f 1316/1316 1138/1138 1695/1695
f 1138/1138 348/348 1345/1345
f 1138/1138 1345/1345 1695/1695
f 1345/1345 348/348 1133/1133
f 1695/1695 1345/1345 1913/1913
f 1913/1913 1345/1345 1884/1884
f 1913/1913 1884/1884 2011/2011
f 1345/1345 1133/1133 1364/1364
f 1345/1345 1364/1364 1884/1884
f 1364/1364 1133/1133 1359/1359
f 1359/1359 1133/1133 1160/1160
f 1359/1359 1160/1160 1320/1320
f 1364/1364 1359/1359 1611/1611
f 1364/1364 1611/1611 1884/1884
f 1359/1359 1320/1320 1502/1502
f 1359/1359 1502/1502 1611/1611
f 1502/1502 1320/1320 1477/1477
f 2066/2066 2011/2011 1884/1884
f 1502/1502 1477/1477 1602/1602
f 1611/1611 1502/1502 1616/1616
f 1616/1616 1502/1502 1602/1602
f 1853/1853 1884/1884 1611/1611
f 1853/1853 1611/1611 1616/1616
f 2066/2066 1884/1884 1937/1937
f 1937/1937 1884/1884 1853/1853
f 1602/1602 1477/1477 1796/1796
f 1602/1602 1796/1796 1616/1616
f 1853/1853 1616/1616 1876/1876
f 1876/1876 1616/1616 1796/1796
f 1937/1937 1853/1853 1947/1947
f 1947/1947 1853/1853 1876/1876
f 1796/1796 1477/1477 1806/1806
f 1796/1796 1806/1806 1876/1876
f 1806/1806 1477/1477 1683/1683
f 1947/1947 1876/1876 1966/1966
f 1806/1806 1683/1683 2006/2006
f 1937/1937 1947/1947 2110/2110
f 2110/2110 1947/1947 1966/1966
f 1966/1966 1876/1876 1994/1994
f 1994/1994 1876/1876 1806/1806
f 1994/1994 1806/1806 2006/2006
f 1966/1966 1994/1994 2110/2110
f 1937/1937 2110/2110 2016/2016
f 1937/1937 2016/2016 2066/2066
f 2110/2110 1994/1994 2273/2273
f 2273/2273 1994/1994 2006/2006
f 2016/2016 2110/2110 2186/2186
f 2186/2186 2110/2110 2273/2273
f 2066/2066 2016/2016 2135/2135
f 2135/2135 2016/2016 2186/2186
f 2066/2066 2135/2135 2219/2219
f 2219/2219 2135/2135 2239/2239
f 2219/2219 2239/2239 2298/2298
f 2298/2298 2239/2239 2361/2361
f 2239/2239 2135/2135 2287/2287
f 2287/2287 2135/2135 2186/2186
f 2239/2239 2287/2287 2361/2361
f 2287/2287 2186/2186 2273/2273
f 2361/2361 2287/2287 2391/2391
f 2391/2391 2287/2287 2273/2273
f 2361/2361 2391/2391 2424/2424
f 2424/2424 2391/2391 2466/2466
f 2391/2391 2273/2273 2451/2451
f 2391/2391 2451/2451 2466/2466
f 2552/2552 2466/2466 2516/2516
f 2516/2516 2466/2466 2451/2451
f 2516/2516 2451/2451 2477/2477
f 2516/2516 2477/2477 2555/2555
f 2555/2555 2477/2477 2489/2489
f 2477/2477 2451/2451 2410/2410
f 2477/2477 2410/2410 2489/2489
f 2291/2291 2451/2451 2273/2273
f 2451/2451 2291/2291 2410/2410
f 2291/2291 2273/2273 2006/2006
f 2291/2291 2006/2006 2185/2185
f 2291/2291 2185/2185 2316/2316
f 2291/2291 2316/2316 2410/2410
f 2410/2410 2316/2316 2489/2489
f 2489/2489 2316/2316 2429/2429
f 2429/2429 2316/2316 2249/2249
f 2489/2489 2429/2429 2495/2495
f 2429/2429 2249/2249 2375/2375
f 2495/2495 2429/2429 2461/2461
f 2461/2461 2429/2429 2375/2375
f 4763/4763 4667/4667 4783/4783
f 4667/4667 4763/4763 4471/4471
f 4763/4763 4783/4783 4894/4894
f 4667/4667 4471/4471 4502/4502
f 4783/4783 4667/4667 4600/4600
f 4600/4600 4667/4667 4502/4502
f 4783/4783 4600/4600 4896/4896
f 4783/4783 4896/4896 4894/4894
f 4600/4600 4502/4502 4376/4376
f 4376/4376 4502/4502 4279/4279
f 4600/4600 4376/4376 4619/4619
f 4600/4600 4619/4619 4896/4896
f 4619/4619 4376/4376 4400/4400
f 4400/4400 4376/4376 4127/4127
f 4619/4619 4400/4400 4645/4645
f 4400/4400 4127/4127 4447/4447
f 4400/4400 4447/4447 4645/4645
f 4447/4447 4127/4127 4476/4476
f 4619/4619 4645/4645 4875/4875
f 4619/4619 4875/4875 4896/4896
f 4476/4476 4127/4127 4002/4002
f 4645/4645 4447/4447 4646/4646
f 4646/4646 4447/4447 4476/4476
f 4476/4476 4002/4002 4233/4233
f 4233/4233 4002/4002 3867/3867
f 4233/4233 3867/3867 4079/4079
f 4476/4476 4233/4233 4510/4510
f 4476/4476 4510/4510 4646/4646
f 4233/4233 4079/4079 4375/4375
f 4233/4233 4375/4375 4510/4510
f 4375/4375 4079/4079 3837/3837
f 4375/4375 3837/3837 4348/4348
f 4375/4375 4348/4348 4517/4517
f 4510/4510 4375/4375 4492/4492
f 4492/4492 4375/4375 4517/4517
f 4644/4644 4646/4646 4510/4510
f 4644/4644 4510/4510 4492/4492
f 4492/4492 4517/4517 4530/4530
f 4492/4492 4530/4530 4644/4644
f 4530/4530 4517/4517 4594/4594
f 4530/4530 4594/4594 4644/4644
f 4594/4594 4517/4517 4616/4616
f 4646/4646 4644/4644 4768/4768
f 4768/4768 4644/4644 4594/4594
f 4594/4594 4616/4616 4674/4674
f 4594/4594 4674/4674 4768/4768
f 4674/4674 4616/4616 4732/4732
f 4674/4674 4732/4732 4768/4768
f 4646/4646 4768/4768 4750/4750
f 4646/4646 4750/4750 4645/4645
f 4645/4645 4750/4750 4875/4875
f 4750/4750 4768/4768 4872/4872
f 4750/4750 4872/4872 4875/4875
f 4872/4872 4768/4768 4834/4834
f 4834/4834 4768/4768 4732/4732
f 4872/4872 4834/4834 4982/4982
f 4740/4740 4732/4732 4616/4616
f 4740/4740 4616/4616 4671/4671
f 4834/4834 4732/4732 4910/4910
f 4834/4834 4910/4910 4982/4982
f 4732/4732 4740/4740 4819/4819
f 4732/4732 4819/4819 4910/4910
f 4819/4819 4740/4740 4874/4874
f 4874/4874 4740/4740 4812/4812
f 4910/4910 4819/4819 4961/4961
f 4961/4961 4819/4819 4874/4874
f 4874/4874 4812/4812 4975/4975
f 4853/4853 4988/4988 4812/4812
f 4812/4812 4988/4988 4975/4975
f 4910/4910 4961/4961 4968/4968
f 4910/4910 4968/4968 4982/4982
f 4961/4961 4874/4874 4920/4920
f 4920/4920 4874/4874 4975/4975
f 4975/4975 4988/4988 5072/5072
f 5072/5072 4988/4988 5193/5193
f 5072/5072 5193/5193 5199/5199
f 5072/5072 5199/5199 5186/5186
f 5072/5072 5186/5186 5093/5093
f 5072/5072 5093/5093 4975/4975
f 5093/5093 5186/5186 5233/5233
f 5093/5093 5233/5233 5144/5144
f 4975/4975 5093/5093 5002/5002
f 4975/4975 5002/5002 4920/4920
f 5093/5093 5144/5144 5086/5086
f 5093/5093 5086/5086 5002/5002
f 5086/5086 5144/5144 5171/5171
f 4920/4920 5002/5002 5014/5014
f 5014/5014 5002/5002 5086/5086
f 4920/4920 5014/5014 4961/4961
f 5086/5086 5171/5171 5222/5222
f 5222/5222 5171/5171 5219/5219
f 5014/5014 5086/5086 5094/5094
f 5094/5094 5086/5086 5222/5222
f 4961/4961 5014/5014 5008/5008
f 5008/5008 5014/5014 5094/5094
f 4961/4961 5008/5008 4968/4968
f 5222/5222 5219/5219 5289/5289
f 5289/5289 5219/5219 5276/5276
f 5289/5289 5276/5276 5337/5337
f 4968/4968 5008/5008 5022/5022
f 4968/4968 5022/5022 4982/4982
f 5022/5022 5008/5008 5084/5084
f 5084/5084 5008/5008 5094/5094
f 4982/4982 5022/5022 5139/5139
f 5022/5022 5084/5084 5202/5202
f 5022/5022 5202/5202 5139/5139
f 5084/5084 5094/5094 5188/5188
f 5188/5188 5094/5094 5222/5222
f 5084/5084 5188/5188 5202/5202
f 5188/5188 5222/5222 5275/5275
f 5275/5275 5222/5222 5289/5289
f 5202/5202 5188/5188 5321/5321
f 5321/5321 5188/5188 5275/5275
f 5275/5275 5289/5289 5335/5335
f 5275/5275 5335/5335 5321/5321
f 5335/5335 5289/5289 5337/5337
f 5202/5202 5321/5321 5457/5457
f 5321/5321 5335/5335 5424/5424
f 5321/5321 5424/5424 5457/5457
f 5202/5202 5457/5457 5346/5346
f 5424/5424 5335/5335 5442/5442
f 5442/5442 5335/5335 5337/5337
f 5424/5424 5442/5442 5535/5535
f 5442/5442 5337/5337 5384/5384
f 5535/5535 5442/5442 5547/5547
f 5547/5547 5442/5442 5384/5384
f 5535/5535 5547/5547 5599/5599
f 5547/5547 5384/5384 5433/5433
f 5547/5547 5433/5433 5599/5599
f 5599/5599 5433/5433 5435/5435
f 5435/5435 5433/5433 5387/5387
f 5435/5435 5387/5387 5352/5352
f 5599/5599 5435/5435 5560/5560
f 5435/5435 5352/5352 5376/5376
f 5435/5435 5376/5376 5560/5560
f 5560/5560 5376/5376 5463/5463
f 5445/5445 5346/5346 5457/5457
f 5346/5346 5445/5445 5266/5266
f 5266/5266 5445/5445 5339/5339
f 5346/5346 5266/5266 5267/5267
f 5267/5267 5266/5266 5191/5191
f 5266/5266 5339/5339 5178/5178
f 5266/5266 5178/5178 5191/5191
f 5267/5267 5191/5191 5157/5157
f 5157/5157 5191/5191 5178/5178
f 5346/5346 5267/5267 5253/5253
f 5253/5253 5267/5267 5157/5157
f 5346/5346 5253/5253 5139/5139
f 5346/5346 5139/5139 5202/5202
f 5253/5253 5157/5157 5101/5101
f 5253/5253 5101/5101 5139/5139
f 5157/5157 5178/5178 5090/5090
f 5101/5101 5157/5157 5085/5085
f 5085/5085 5157/5157 5090/5090
f 5139/5139 5101/5101 4970/4970
f 5139/5139 4970/4970 4982/4982
f 4982/4982 4970/4970 4872/4872
f 4872/4872 4970/4970 4875/4875
f 4970/4970 5101/5101 4997/4997
f 4970/4970 4997/4997 4875/4875
f 4997/4997 5101/5101 5085/5085
f 4875/4875 4997/4997 4896/4896
f 4997/4997 5085/5085 5023/5023
f 4997/4997 5023/5023 4896/4896
f 5023/5023 5085/5085 5090/5090
f 4896/4896 5023/5023 4954/4954
f 4896/4896 4954/4954 4894/4894
f 4894/4894 4954/4954 4923/4923
f 4923/4923 4954/4954 5015/5015
f 5015/5015 4954/4954 5023/5023
f 5023/5023 5090/5090 5078/5078
f 5023/5023 5078/5078 5015/5015
f 5078/5078 5090/5090 5178/5178
f 5015/5015 5078/5078 5111/5111
f 5078/5078 5178/5178 5183/5183
f 5078/5078 5183/5183 5111/5111
f 5183/5183 5178/5178 5339/5339
f 5111/5111 5183/5183 5154/5154
f 5183/5183 5339/5339 5280/5280
f 5183/5183 5280/5280 5154/5154
f 5280/5280 5339/5339 5341/5341
f 5154/5154 5280/5280 5265/5265
f 5154/5154 5265/5265 5208/5208
f 5208/5208 5265/5265 5280/5280
f 4561/4561 4595/4595 4673/4673
f 4595/4595 4561/4561 4525/4525
f 4595/4595 4525/4525 4450/4450
f 4595/4595 4450/4450 4648/4648
f 4525/4525 4561/4561 4460/4460
f 4525/4525 4460/4460 4435/4435
f 4435/4435 4460/4460 4416/4416
f 4595/4595 4648/4648 4664/4664
f 4595/4595 4664/4664 4673/4673
f 4664/4664 4648/4648 4736/4736
f 4664/4664 4736/4736 4726/4726
f 4664/4664 4726/4726 4714/4714
f 4664/4664 4714/4714 4673/4673
f 4714/4714 4726/4726 4747/4747
f 4714/4714 4747/4747 4665/4665
f 4714/4714 4665/4665 4673/4673
f 4665/4665 4747/4747 4752/4752
f 4673/4673 4665/4665 4601/4601
f 4673/4673 4601/4601 4561/4561
f 4601/4601 4665/4665 4605/4605
f 4561/4561 4601/4601 4537/4537
f 4537/4537 4601/4601 4605/4605
f 4561/4561 4537/4537 4460/4460
f 4665/4665 4752/4752 4653/4653
f 4665/4665 4653/4653 4605/4605
f 4653/4653 4752/4752 4693/4693
f 4693/4693 4752/4752 4744/4744
f 4605/4605 4653/4653 4598/4598
f 4598/4598 4653/4653 4693/4693
f 4460/4460 4537/4537 4448/4448
f 4460/4460 4448/4448 4416/4416
f 4416/4416 4448/4448 4191/4191
f 4416/4416 4191/4191 4069/4069
f 4191/4191 4448/4448 4203/4203
f 4191/4191 4203/4203 4039/4039
f 4448/4448 4537/4537 4454/4454
f 4454/4454 4537/4537 4605/4605
f 4448/4448 4454/4454 4203/4203
f 4039/4039 4203/4203 4029/4029
f 4029/4029 4203/4203 4282/4282
f 4029/4029 4282/4282 4026/4026
f 4203/4203 4454/4454 4364/4364
f 4203/4203 4364/4364 4282/4282
f 4454/4454 4605/4605 4506/4506
f 4454/4454 4506/4506 4364/4364
f 4506/4506 4605/4605 4598/4598
f 4026/4026 4282/4282 4246/4246
f 4026/4026 4246/4246 3811/3811
f 4506/4506 4598/4598 4591/4591
f 4591/4591 4598/4598 4693/4693
f 4364/4364 4506/4506 4418/4418
f 4418/4418 4506/4506 4591/4591
f 4363/4363 4282/4282 4364/4364
f 4363/4363 4364/4364 4418/4418
f 4282/4282 4363/4363 4321/4321
f 4282/4282 4321/4321 4246/4246
f 4591/4591 4693/4693 4571/4571
f 4591/4591 4571/4571 4418/4418
f 4363/4363 4418/4418 4357/4357
f 4357/4357 4418/4418 4571/4571
f 4321/4321 4363/4363 4220/4220
f 4220/4220 4363/4363 4357/4357
f 4246/4246 4321/4321 4271/4271
f 4321/4321 4220/4220 4216/4216
f 4321/4321 4216/4216 4271/4271
f 4246/4246 4271/4271 4248/4248
f 4248/4248 4271/4271 4216/4216
f 4246/4246 4248/4248 4182/4182
f 4246/4246 4182/4182 3811/3811
f 3811/3811 4182/4182 3919/3919
f 4216/4216 4220/4220 4155/4155
f 4248/4248 4216/4216 4144/4144
f 4144/4144 4216/4216 4155/4155
f 4182/4182 4248/4248 4240/4240
f 4240/4240 4248/4248 4144/4144
f 3919/3919 4182/4182 4213/4213
f 4213/4213 4182/4182 4240/4240
f 3919/3919 4213/4213 4198/4198
f 3919/3919 4198/4198 3697/3697
f 4213/4213 4240/4240 4157/4157
f 4213/4213 4157/4157 4198/4198
f 4240/4240 4144/4144 4125/4125
f 4240/4240 4125/4125 4157/4157
f 4125/4125 4144/4144 4045/4045
f 4157/4157 4125/4125 4015/4015
f 4157/4157 4015/4015 4198/4198
f 4015/4015 4125/4125 4045/4045
f 3820/3820 3697/3697 4198/4198
f 3820/3820 4198/4198 4015/4015
f 3820/3820 4015/4015 4045/4045
f 3697/3697 3820/3820 238/238
f 3977/3977 4045/4045 4144/4144
f 3977/3977 4144/4144 4155/4155
f 238/238 3820/3820 3709/3709
f 238/238 3709/3709 95/95
f 238/238 95/95 705/705
f 3709/3709 3820/3820 3663/3663
f 3709/3709 3663/3663 95/95
f 705/705 95/95 364/364
f 705/705 364/364 511/511
f 95/95 3663/3663 133/133
f 95/95 133/133 364/364
f 3663/3663 3820/3820 3791/3791
f 3791/3791 3820/3820 4045/4045
f 133/133 3663/3663 3625/3625
f 3625/3625 3663/3663 3791/3791
f 364/364 133/133 104/104
f 364/364 104/104 511/511
f 104/104 133/133 3625/3625
f 511/511 104/104 461/461
f 511/511 461/461 1020/1020
f 104/104 3625/3625 5/5
f 104/104 5/5 461/461
f 3625/3625 3791/3791 3760/3760
f 3625/3625 3760/3760 5/5
f 3937/3937 3791/3791 4045/4045
f 3791/3791 3937/3937 3760/3760
f 3937/3937 4045/4045 3977/3977
f 5/5 3760/3760 3832/3832
f 3832/3832 3760/3760 3937/3937
f 3593/3593 461/461 5/5
f 3593/3593 5/5 3832/3832
f 3832/3832 3937/3937 3857/3857
f 3832/3832 3857/3857 3593/3593
f 3857/3857 3937/3937 3977/3977
f 461/461 3593/3593 420/420
f 461/461 420/420 997/997
f 3593/3593 3857/3857 3632/3632
f 3593/3593 3632/3632 420/420
f 3857/3857 3977/3977 3866/3866
f 3632/3632 3857/3857 3770/3770
f 3770/3770 3857/3857 3866/3866
f 420/420 3632/3632 396/396
f 420/420 396/396 939/939
f 3632/3632 3770/3770 3785/3785
f 3785/3785 3770/3770 3866/3866
f 939/939 396/396 278/278
f 939/939 278/278 1079/1079
f 396/396 3632/3632 3721/3721
f 3721/3721 3632/3632 3785/3785
f 396/396 3721/3721 278/278
f 1079/1079 278/278 635/635
f 635/635 278/278 3749/3749
f 278/278 3721/3721 3966/3966
f 278/278 3966/3966 3749/3749
f 3721/3721 3785/3785 3874/3874
f 3721/3721 3874/3874 3966/3966
f 3880/3880 3785/3785 3866/3866
f 3785/3785 3880/3880 3874/3874
f 3880/3880 3866/3866 3952/3952
f 3952/3952 3866/3866 3977/3977
f 3874/3874 3880/3880 3989/3989
f 3989/3989 3880/3880 3952/3952
f 3952/3952 3977/3977 4064/4064
f 3952/3952 4064/4064 3989/3989
f 4064/4064 3977/3977 4155/4155
f 3874/3874 3989/3989 4073/4073
f 4073/4073 3989/3989 4064/4064
f 3874/3874 4073/4073 4231/4231
f 3874/3874 4231/4231 3966/3966
f 4073/4073 4064/4064 4149/4149
f 4149/4149 4064/4064 4155/4155
f 4073/4073 4149/4149 4231/4231
f 4149/4149 4155/4155 4209/4209
f 4149/4149 4209/4209 4231/4231
f 4209/4209 4155/4155 4220/4220
f 4209/4209 4220/4220 4357/4357
f 4209/4209 4357/4357 4407/4407
f 4209/4209 4407/4407 4231/4231
f 4407/4407 4357/4357 4563/4563
f 4563/4563 4357/4357 4571/4571
f 4231/4231 4407/4407 4482/4482
f 4482/4482 4407/4407 4563/4563
f 4563/4563 4571/4571 4666/4666
f 4666/4666 4571/4571 4693/4693
f 4666/4666 4693/4693 4719/4719
f 4719/4719 4693/4693 4744/4744
f 4719/4719 4744/4744 4701/4701
f 4719/4719 4701/4701 4666/4666
f 4701/4701 4744/4744 4769/4769
f 4563/4563 4666/4666 4609/4609
f 4609/4609 4666/4666 4701/4701
f 4563/4563 4609/4609 4482/4482
f 4701/4701 4769/4769 4746/4746
f 4746/4746 4769/4769 4810/4810
f 4609/4609 4701/4701 4669/4669
f 4669/4669 4701/4701 4746/4746
f 4482/4482 4609/4609 4533/4533
f 4533/4533 4609/4609 4669/4669
f 4746/4746 4810/4810 4742/4742
f 4669/4669 4746/4746 4650/4650
f 4650/4650 4746/4746 4742/4742
f 4669/4669 4650/4650 4533/4533
f 4650/4650 4742/4742 4652/4652
f 4650/4650 4652/4652 4533/4533
f 4823/4823 4791/4791 4742/4742
f 4742/4742 4791/4791 4718/4718
f 4742/4742 4718/4718 4652/4652
f 4718/4718 4791/4791 4773/4773
f 4773/4773 4791/4791 4839/4839
f 4652/4652 4718/4718 4683/4683
f 4683/4683 4718/4718 4773/4773
f 4553/4553 4533/4533 4652/4652
f 4652/4652 4683/4683 4607/4607
f 4652/4652 4607/4607 4553/4553
f 4533/4533 4553/4553 4486/4486
f 4533/4533 4486/4486 4482/4482
f 4798/4798 4773/4773 4839/4839
f 4798/4798 4839/4839 4903/4903
f 4717/4717 4683/4683 4773/4773
f 4717/4717 4773/4773 4798/4798
f 4798/4798 4903/4903 4802/4802
f 4798/4798 4802/4802 4717/4717
f 4802/4802 4903/4903 4883/4883
f 4683/4683 4717/4717 4641/4641
f 4683/4683 4641/4641 4607/4607
f 4717/4717 4802/4802 4735/4735
f 4717/4717 4735/4735 4641/4641
f 4802/4802 4883/4883 4762/4762
f 4802/4802 4762/4762 4735/4735
f 4762/4762 4883/4883 4879/4879
f 4879/4879 4883/4883 4991/4991
f 4879/4879 4991/4991 4943/4943
f 4762/4762 4879/4879 4761/4761
f 4762/4762 4761/4761 4735/4735
f 4879/4879 4943/4943 4870/4870
f 4879/4879 4870/4870 4761/4761
f 4870/4870 4943/4943 5000/5000
f 4735/4735 4761/4761 4716/4716
f 4761/4761 4870/4870 4767/4767
f 4761/4761 4767/4767 4716/4716
f 4870/4870 5000/5000 4907/4907
f 4907/4907 5000/5000 5054/5054
f 4767/4767 4870/4870 4809/4809
f 4809/4809 4870/4870 4907/4907
f 4716/4716 4767/4767 4712/4712
f 4712/4712 4767/4767 4809/4809
f 4654/4654 4735/4735 4716/4716
f 4735/4735 4654/4654 4641/4641
f 4654/4654 4716/4716 4572/4572
f 4572/4572 4716/4716 4712/4712
f 4641/4641 4654/4654 4593/4593
f 4593/4593 4654/4654 4572/4572
f 4641/4641 4593/4593 4607/4607
f 4593/4593 4572/4572 4548/4548
f 4593/4593 4548/4548 4607/4607
f 4607/4607 4548/4548 4527/4527
f 4607/4607 4527/4527 4553/4553
f 4553/4553 4527/4527 4486/4486
f 4527/4527 4548/4548 4371/4371
f 4527/4527 4371/4371 4486/4486
f 4548/4548 4572/4572 4466/4466
f 4422/4422 4482/4482 4486/4486
f 4482/4482 4422/4422 4231/4231
f 4422/4422 4486/4486 4359/4359
f 4422/4422 4359/4359 4231/4231
f 4359/4359 4486/4486 4371/4371
f 4231/4231 4359/4359 3966/3966
f 4314/4314 4371/4371 4548/4548
f 4314/4314 4548/4548 4466/4466
f 4371/4371 4314/4314 4275/4275
f 4359/4359 4371/4371 4151/4151
f 4151/4151 4371/4371 4275/4275
f 3966/3966 4359/4359 4170/4170
f 4170/4170 4359/4359 4151/4151
f 4151/4151 4275/4275 4059/4059
f 4059/4059 4275/4275 4314/4314
f 4170/4170 4151/4151 4102/4102
f 4102/4102 4151/4151 4059/4059
f 3966/3966 4170/4170 3986/3986
f 4170/4170 4102/4102 4048/4048
f 4170/4170 4048/4048 3986/3986
f 3966/3966 3986/3986 3749/3749
f 4048/4048 4102/4102 3776/3776
f 4048/4048 3776/3776 3986/3986
f 4102/4102 4059/4059 3713/3713
f 4102/4102 3713/3713 3776/3776
f 3749/3749 3986/3986 3725/3725
f 3725/3725 3986/3986 3776/3776
f 3776/3776 3713/3713 101/101
f 3776/3776 101/101 3725/3725
f 3713/3713 4059/4059 3641/3641
f 3749/3749 3725/3725 108/108
f 108/108 3725/3725 101/101
f 3749/3749 108/108 1135/1135
f 3749/3749 1135/1135 635/635
f 101/101 3713/3713 288/288
f 288/288 3713/3713 3641/3641
f 108/108 101/101 375/375
f 375/375 101/101 288/288
f 1135/1135 108/108 611/611
f 611/611 108/108 375/375
f 1135/1135 611/611 976/976
f 611/611 375/375 813/813
f 611/611 813/813 976/976
f 1135/1135 976/976 1237/1237
f 1237/1237 976/976 813/813
f 1135/1135 1237/1237 1331/1331
f 1331/1331 1237/1237 1297/1297
f 1297/1297 1237/1237 813/813
f 393/393 375/375 288/288
f 375/375 393/393 813/813
f 393/393 288/288 314/314
f 314/314 288/288 3641/3641
f 813/813 393/393 1071/1071
f 1297/1297 813/813 1334/1334
f 1334/1334 813/813 1071/1071
f 1297/1297 1334/1334 1450/1450
f 1071/1071 393/393 560/560
f 560/560 393/393 314/314
f 1334/1334 1071/1071 1253/1253
f 1253/1253 1071/1071 560/560
f 1450/1450 1334/1334 1476/1476
f 1476/1476 1334/1334 1253/1253
f 1450/1450 1476/1476 1557/1557
f 1450/1450 1557/1557 1704/1704
f 1704/1704 1557/1557 1699/1699
f 1699/1699 1557/1557 1564/1564
f 1564/1564 1557/1557 1476/1476
f 1564/1564 1476/1476 1253/1253
f 1131/1131 1253/1253 560/560
f 1253/1253 1131/1131 1564/1564
f 331/331 560/560 314/314
f 560/560 331/331 1131/1131
f 331/331 314/314 3641/3641
f 1564/1564 1131/1131 1351/1351
f 1564/1564 1351/1351 1589/1589
f 1351/1351 1131/1131 1115/1115
f 1351/1351 1115/1115 1446/1446
f 1131/1131 331/331 352/352
f 1131/1131 352/352 1115/1115
f 1446/1446 1115/1115 1166/1166
f 1446/1446 1166/1166 1236/1236
f 1115/1115 352/352 919/919
f 1115/1115 919/919 1166/1166
f 919/919 352/352 450/450
f 1166/1166 919/919 590/590
f 1166/1166 590/590 1236/1236
f 590/590 919/919 450/450
f 1236/1236 590/590 428/428
f 428/428 590/590 450/450
f 1236/1236 428/428 1041/1041
f 1041/1041 428/428 445/445
f 3751/3751 450/450 352/352
f 3751/3751 352/352 331/331
f 428/428 450/450 3736/3736
f 3751/3751 331/331 3747/3747
f 3747/3747 331/331 3641/3641
f 3747/3747 3641/3641 4059/4059
f 3747/3747 4059/4059 4314/4314
f 3751/3751 3747/3747 3819/3819
f 3819/3819 3747/3747 4314/4314
f 3798/3798 450/450 3751/3751
f 3798/3798 3751/3751 3819/3819
f 450/450 3798/3798 3736/3736
f 3819/3819 4314/4314 4163/4163
f 3819/3819 4163/4163 3798/3798
f 4163/4163 4314/4314 4356/4356
f 3798/3798 4163/4163 4066/4066
f 3798/3798 4066/4066 3736/3736
f 4066/4066 4163/4163 4356/4356
f 4356/4356 4314/4314 4466/4466
f 3736/3736 4066/4066 4083/4083
f 4066/4066 4356/4356 4392/4392
f 4066/4066 4392/4392 4083/4083
f 4356/4356 4466/4466 4380/4380
f 4356/4356 4380/4380 4392/4392
f 4380/4380 4466/4466 4515/4515
f 4515/4515 4466/4466 4572/4572
f 4392/4392 4380/4380 4558/4558
f 4558/4558 4380/4380 4515/4515
f 4515/4515 4572/4572 4712/4712
f 4392/4392 4558/4558 4406/4406
f 4392/4392 4406/4406 4083/4083
f 4558/4558 4515/4515 4660/4660
f 4660/4660 4515/4515 4712/4712
f 4406/4406 4558/4558 4534/4534
f 4558/4558 4660/4660 4657/4657
f 4558/4558 4657/4657 4534/4534
f 4660/4660 4712/4712 4702/4702
f 4702/4702 4712/4712 4797/4797
f 4797/4797 4712/4712 4809/4809
f 4660/4660 4702/4702 4697/4697
f 4660/4660 4697/4697 4657/4657
f 4702/4702 4797/4797 4775/4775
f 4702/4702 4775/4775 4697/4697
f 4797/4797 4809/4809 4873/4873
f 4873/4873 4809/4809 4907/4907
f 4797/4797 4873/4873 4867/4867
f 4797/4797 4867/4867 4775/4775
f 4873/4873 4907/4907 4932/4932
f 4873/4873 4932/4932 4867/4867
f 4932/4932 4907/4907 5054/5054
f 4932/4932 5054/5054 5024/5024
f 4932/4932 5024/5024 4974/4974
f 4932/4932 4974/4974 4867/4867
f 4974/4974 5024/5024 5099/5099
f 4974/4974 5099/5099 5080/5080
f 4867/4867 4974/4974 4863/4863
f 4867/4867 4863/4863 4775/4775
f 4974/4974 5080/5080 4969/4969
f 4974/4974 4969/4969 4863/4863
f 4969/4969 5080/5080 5042/5042
f 5042/5042 5080/5080 5127/5127
f 5042/5042 5127/5127 5114/5114
f 4969/4969 5042/5042 4937/4937
f 4937/4937 5042/5042 5114/5114
f 4863/4863 4969/4969 4847/4847
f 4863/4863 4847/4847 4775/4775
f 4847/4847 4969/4969 4937/4937
f 4775/4775 4847/4847 4808/4808
f 4775/4775 4808/4808 4697/4697
f 4847/4847 4937/4937 4887/4887
f 4847/4847 4887/4887 4808/4808
f 4937/4937 5114/5114 5034/5034
f 5034/5034 5114/5114 5092/5092
f 5034/5034 5092/5092 5047/5047
f 4937/4937 5034/5034 4925/4925
f 4937/4937 4925/4925 4887/4887
f 4925/4925 5034/5034 5047/5047
f 4707/4707 4697/4697 4808/4808
f 4697/4697 4707/4707 4657/4657
f 4805/4805 4808/4808 4887/4887
f 4808/4808 4805/4805 4707/4707
f 4805/4805 4887/4887 4925/4925
f 4657/4657 4707/4707 4739/4739
f 4739/4739 4707/4707 4805/4805
f 4657/4657 4739/4739 4668/4668
f 4739/4739 4805/4805 4778/4778
f 4739/4739 4778/4778 4668/4668
f 4778/4778 4805/4805 4925/4925
f 4657/4657 4668/4668 4534/4534
f 4778/4778 4925/4925 4817/4817
f 4668/4668 4778/4778 4756/4756
f 4756/4756 4778/4778 4817/4817
f 4668/4668 4756/4756 4630/4630
f 4668/4668 4630/4630 4534/4534
f 4756/4756 4817/4817 4765/4765
f 4756/4756 4765/4765 4630/4630
f 4817/4817 4925/4925 4886/4886
f 4817/4817 4886/4886 4765/4765
f 4534/4534 4630/4630 4491/4491
f 4630/4630 4765/4765 4628/4628
f 4630/4630 4628/4628 4491/4491
f 4534/4534 4491/4491 4439/4439
f 4534/4534 4439/4439 4406/4406
f 4491/4491 4628/4628 4452/4452
f 4491/4491 4452/4452 4439/4439
f 4406/4406 4439/4439 4071/4071
f 4071/4071 4439/4439 4452/4452
f 4406/4406 4071/4071 4083/4083
f 4774/4774 4628/4628 4765/4765
f 4628/4628 4774/4774 4452/4452
f 4083/4083 4071/4071 3578/3578
f 4071/4071 4452/4452 4139/4139
f 4071/4071 4139/4139 3578/3578
f 4139/4139 4452/4452 4058/4058
f 3578/3578 4139/4139 3633/3633
f 3633/3633 4139/4139 4058/4058
f 4083/4083 3578/3578 3745/3745
f 4083/4083 3745/3745 3736/3736
f 3736/3736 3745/3745 428/428
f 428/428 3745/3745 445/445
f 445/445 3745/3745 3578/3578
f 445/445 3578/3578 441/441
f 445/445 441/441 957/957
f 441/441 3578/3578 3633/3633
f 441/441 3633/3633 390/390
f 390/390 3633/3633 3682/3682
f 3682/3682 3633/3633 3774/3774
f 3774/3774 3633/3633 4058/4058
f 3682/3682 3774/3774 3913/3913
f 3913/3913 3774/3774 4058/4058
f 3682/3682 3913/3913 3973/3973
f 3913/3913 4058/4058 4429/4429
f 3913/3913 4429/4429 3973/3973
f 4429/4429 4058/4058 4437/4437
f 4437/4437 4058/4058 4452/4452
f 3973/3973 4429/4429 4417/4417
f 3973/3973 4417/4417 4122/4122
f 4437/4437 4452/4452 4774/4774
f 4429/4429 4437/4437 4632/4632
f 4632/4632 4437/4437 4774/4774
f 4417/4417 4429/4429 4538/4538
f 4538/4538 4429/4429 4632/4632
f 4122/4122 4417/4417 4428/4428
f 4428/4428 4417/4417 4538/4538
f 4122/4122 4428/4428 4291/4291
f 4122/4122 4291/4291 3965/3965
f 3965/3965 4291/4291 4468/4468
f 4291/4291 4428/4428 4457/4457
f 4291/4291 4457/4457 4468/4468
f 4428/4428 4538/4538 4708/4708
f 4428/4428 4708/4708 4457/4457
f 4468/4468 4457/4457 4624/4624
f 4624/4624 4457/4457 4708/4708
f 4468/4468 4624/4624 4567/4567
f 4468/4468 4567/4567 4550/4550
f 4468/4468 4550/4550 4100/4100
f 4550/4550 4567/4567 4686/4686
f 4686/4686 4567/4567 4624/4624
f 4550/4550 4686/4686 4676/4676
f 4676/4676 4686/4686 4930/4930
f 4686/4686 4624/4624 4751/4751
f 4751/4751 4624/4624 4708/4708
f 4930/4930 4686/4686 4850/4850
f 4850/4850 4686/4686 4751/4751
f 4930/4930 4850/4850 4936/4936
f 4930/4930 4936/4936 5098/5098
f 4936/4936 4850/4850 4966/4966
f 4936/4936 4966/4966 5098/5098
f 4966/4966 4850/4850 4751/4751
f 5098/5098 4966/4966 5067/5067
f 5067/5067 4966/4966 5050/5050
f 4966/4966 4751/4751 4866/4866
f 4866/4866 4751/4751 4708/4708
f 5050/5050 4966/4966 5005/5005
f 5005/5005 4966/4966 4866/4866
f 5050/5050 5005/5005 5035/5035
f 5050/5050 5035/5035 5106/5106
f 5106/5106 5035/5035 5061/5061
f 5005/5005 4866/4866 4849/4849
f 4849/4849 4866/4866 4708/4708
f 5035/5035 5005/5005 4967/4967
f 4967/4967 5005/5005 4849/4849
f 5061/5061 5035/5035 4993/4993
f 4993/4993 5035/5035 4967/4967
f 5061/5061 4993/4993 5071/5071
f 4967/4967 4849/4849 4844/4844
f 4967/4967 4844/4844 4993/4993
f 4849/4849 4708/4708 4784/4784
f 4849/4849 4784/4784 4844/4844
f 4784/4784 4708/4708 4538/4538
f 4784/4784 4538/4538 4632/4632
f 4784/4784 4632/4632 4844/4844
f 4844/4844 4632/4632 4774/4774
f 4950/4950 5071/5071 4993/4993
f 4950/4950 4993/4993 4844/4844
f 4844/4844 4774/4774 4888/4888
f 4844/4844 4888/4888 4950/4950
f 5071/5071 4950/4950 5004/5004
f 5004/5004 4950/4950 4888/4888
f 5071/5071 5004/5004 5088/5088
f 5088/5088 5004/5004 5117/5117
f 5117/5117 5004/5004 4986/4986
f 4986/4986 5004/5004 4888/4888
f 4825/4825 4888/4888 4774/4774
f 4825/4825 4774/4774 4765/4765
f 4986/4986 4888/4888 4917/4917
f 4917/4917 4888/4888 4825/4825
f 4825/4825 4765/4765 4886/4886
f 4825/4825 4886/4886 4917/4917
f 4986/4986 4917/4917 5012/5012
f 4986/4986 5012/5012 5062/5062
f 5062/5062 5012/5012 5020/5020
f 5012/5012 4917/4917 4909/4909
f 5012/5012 4909/4909 5020/5020
f 4909/4909 4917/4917 4886/4886
f 4909/4909 4886/4886 4976/4976
f 4909/4909 4976/4976 5020/5020
f 4976/4976 4886/4886 4925/4925
f 4976/4976 4925/4925 5047/5047
f 4976/4976 5047/5047 5020/5020
f 5020/5020 5047/5047 5167/5167
f 3850/3850 3746/3746 4038/4038
f 3850/3850 4038/4038 4028/4028
f 3850/3850 4028/4028 4025/4025
f 3746/3746 3850/3850 3617/3617
f 3850/3850 4025/4025 3735/3735
f 3850/3850 3735/3735 3617/3617
f 3735/3735 4025/4025 3606/3606
f 3606/3606 4025/4025 3812/3812
f 3617/3617 3735/3735 132/132
f 132/132 3735/3735 3606/3606
f 3746/3746 3617/3617 72/72
f 72/72 3617/3617 132/132
f 3746/3746 72/72 96/96
f 3746/3746 96/96 110/110
f 72/72 132/132 477/477
f 72/72 477/477 96/96
f 110/110 96/96 394/394
f 394/394 96/96 477/477
f 110/110 394/394 410/410
f 410/410 394/394 818/818
f 818/818 394/394 477/477
f 477/477 132/132 799/799
f 799/799 132/132 3606/3606
f 818/818 477/477 869/869
f 477/477 799/799 879/879
f 477/477 879/879 869/869
f 818/818 869/869 1108/1108
f 1108/1108 869/869 879/879
f 818/818 1108/1108 1287/1287
f 879/879 799/799 1032/1032
f 1032/1032 799/799 3606/3606
f 1108/1108 879/879 1155/1155
f 1108/1108 1155/1155 1287/1287
f 1155/1155 879/879 1032/1032
f 1032/1032 3606/3606 764/764
f 764/764 3606/3606 3812/3812
f 1155/1155 1032/1032 1194/1194
f 1194/1194 1032/1032 764/764
f 1287/1287 1155/1155 1301/1301
f 1301/1301 1155/1155 1194/1194
f 1287/1287 1301/1301 1461/1461
f 1287/1287 1461/1461 1458/1458
f 1458/1458 1461/1461 1609/1609
f 1461/1461 1301/1301 1508/1508
f 1461/1461 1508/1508 1609/1609
f 3554/3554 764/764 3812/3812
f 3554/3554 3812/3812 3920/3920
f 764/764 3554/3554 991/991
f 764/764 991/991 1194/1194
f 3554/3554 3920/3920 480/480
f 3554/3554 480/480 991/991
f 480/480 3920/3920 3698/3698
f 480/480 3698/3698 1051/1051
f 1051/1051 3698/3698 239/239
f 991/991 480/480 1091/1091
f 1091/1091 480/480 1051/1051
f 1414/1414 1194/1194 991/991
f 1414/1414 991/991 1091/1091
f 1051/1051 239/239 993/993
f 993/993 239/239 706/706
f 1051/1051 993/993 1185/1185
f 1091/1091 1051/1051 1317/1317
f 1317/1317 1051/1051 1185/1185
f 1091/1091 1317/1317 1391/1391
f 1091/1091 1391/1391 1414/1414
f 1391/1391 1317/1317 1368/1368
f 1368/1368 1317/1317 1185/1185
f 1414/1414 1391/1391 1412/1412
f 1412/1412 1391/1391 1368/1368
f 1414/1414 1412/1412 1447/1447
f 1066/1066 1185/1185 993/993
f 1066/1066 993/993 706/706
f 1368/1368 1185/1185 1318/1318
f 1368/1368 1318/1318 1412/1412
f 1185/1185 1066/1066 1192/1192
f 1185/1185 1192/1192 1318/1318
f 1066/1066 706/706 1027/1027
f 1027/1027 706/706 512/512
f 1192/1192 1066/1066 1202/1202
f 1192/1192 1202/1202 1318/1318
f 1202/1202 1066/1066 1027/1027
f 1027/1027 512/512 1021/1021
f 1318/1318 1202/1202 1306/1306
f 1318/1318 1306/1306 1412/1412
f 1412/1412 1306/1306 1447/1447
f 1306/1306 1202/1202 1265/1265
f 1265/1265 1202/1202 1027/1027
f 1447/1447 1306/1306 1353/1353
f 1353/1353 1306/1306 1265/1265
f 1027/1027 1021/1021 1126/1126
f 1027/1027 1126/1126 1265/1265
f 1126/1126 1021/1021 998/998
f 998/998 1021/1021 462/462
f 1265/1265 1126/1126 1167/1167
f 1167/1167 1126/1126 1098/1098
f 1098/1098 1126/1126 998/998
f 1265/1265 1167/1167 1220/1220
f 1220/1220 1167/1167 1098/1098
f 1098/1098 998/998 1072/1072
f 1072/1072 998/998 421/421
f 1072/1072 421/421 940/940
f 1072/1072 940/940 1080/1080
f 1098/1098 1072/1072 1158/1158
f 1098/1098 1158/1158 1220/1220
f 1158/1158 1072/1072 1219/1219
f 1158/1158 1219/1219 1220/1220
f 1219/1219 1072/1072 1080/1080
f 1271/1271 1265/1265 1220/1220
f 1265/1265 1271/1271 1353/1353
f 1271/1271 1220/1220 1274/1274
f 1271/1271 1274/1274 1353/1353
f 1274/1274 1220/1220 1219/1219
f 1353/1353 1274/1274 1389/1389
f 1219/1219 1080/1080 1284/1284
f 1284/1284 1080/1080 636/636
f 1274/1274 1219/1219 1348/1348
f 1348/1348 1219/1219 1284/1284
f 1274/1274 1348/1348 1389/1389
f 1284/1284 636/636 1136/1136
f 1284/1284 1136/1136 1332/1332
f 1348/1348 1284/1284 1635/1635
f 1348/1348 1635/1635 1389/1389
f 1284/1284 1332/1332 1488/1488
f 1284/1284 1488/1488 1635/1635
f 1488/1488 1332/1332 1298/1298
f 1488/1488 1298/1298 1451/1451
f 1488/1488 1451/1451 1598/1598
f 1488/1488 1598/1598 1635/1635
f 1598/1598 1451/1451 1705/1705
f 1635/1635 1598/1598 1805/1805
f 1805/1805 1598/1598 1705/1705
f 1841/1841 1705/1705 1700/1700
f 1705/1705 1841/1841 1944/1944
f 1705/1705 1944/1944 1805/1805
f 1805/1805 1944/1944 2000/2000
f 2000/2000 1944/1944 2044/2044
f 2000/2000 2044/2044 2039/2039
f 1752/1752 1635/1635 1805/1805
f 1752/1752 1805/1805 1847/1847
f 1847/1847 1805/1805 2000/2000
f 1635/1635 1752/1752 1499/1499
f 1635/1635 1499/1499 1389/1389
f 1752/1752 1847/1847 1831/1831
f 1752/1752 1831/1831 1499/1499
f 1847/1847 2000/2000 1975/1975
f 1831/1831 1847/1847 1922/1922
f 1922/1922 1847/1847 1975/1975
f 1975/1975 2000/2000 2115/2115
f 2115/2115 2000/2000 2039/2039
f 1975/1975 2115/2115 1922/1922
f 1499/1499 1831/1831 1561/1561
f 1561/1561 1831/1831 1922/1922
f 1499/1499 1561/1561 1485/1485
f 1499/1499 1485/1485 1389/1389
f 2115/2115 2039/2039 2189/2189
f 2189/2189 2039/2039 2196/2196
f 1922/1922 2115/2115 2091/2091
f 2091/2091 2115/2115 2189/2189
f 1561/1561 1922/1922 1740/1740
f 1561/1561 1740/1740 1584/1584
f 1561/1561 1584/1584 1485/1485
f 1740/1740 1922/1922 1769/1769
f 1769/1769 1922/1922 2091/2091
f 1584/1584 1740/1740 1619/1619
f 1619/1619 1740/1740 1769/1769
f 1485/1485 1584/1584 1547/1547
f 1547/1547 1584/1584 1619/1619
f 2191/2191 2091/2091 2189/2189
f 2191/2191 2189/2189 2253/2253
f 1769/1769 2091/2091 1934/1934
f 2191/2191 2253/2253 2161/2161
f 2161/2161 2253/2253 2176/2176
f 2091/2091 2191/2191 2015/2015
f 2015/2015 2191/2191 2161/2161
f 2091/2091 2015/2015 1934/1934
f 2161/2161 2176/2176 2012/2012
f 2161/2161 2012/2012 2015/2015
f 2015/2015 2012/2012 1934/1934
f 1832/1832 1769/1769 1934/1934
f 1832/1832 1934/1934 2012/2012
f 1769/1769 1832/1832 1619/1619
f 1832/1832 2012/2012 1822/1822
f 1832/1832 1822/1822 1609/1609
f 1832/1832 1609/1609 1619/1619
f 1619/1619 1609/1609 1508/1508
f 1619/1619 1508/1508 1547/1547
f 1547/1547 1508/1508 1501/1501
f 1547/1547 1501/1501 1485/1485
f 1501/1501 1508/1508 1438/1438
f 1438/1438 1508/1508 1301/1301
f 1438/1438 1301/1301 1194/1194
f 1485/1485 1501/1501 1424/1424
f 1485/1485 1424/1424 1389/1389
f 1389/1389 1424/1424 1353/1353
f 1353/1353 1424/1424 1447/1447
f 1424/1424 1501/1501 1471/1471
f 1424/1424 1471/1471 1447/1447
f 1471/1471 1501/1501 1438/1438
f 1447/1447 1471/1471 1413/1413
f 1413/1413 1471/1471 1438/1438
f 1413/1413 1438/1438 1194/1194
f 1447/1447 1413/1413 1414/1414
f 1414/1414 1413/1413 1194/1194
f 5906/5906 5874/5874 5915/5915
f 5874/5874 5906/5906 5888/5888
f 5915/5915 5874/5874 5913/5913
f 5915/5915 5913/5913 5928/5928
f 5874/5874 5888/5888 5842/5842
f 5842/5842 5888/5888 5844/5844
f 5928/5928 5913/5913 5939/5939
f 5928/5928 5939/5939 5953/5953
f 5842/5842 5844/5844 5784/5784
f 5784/5784 5844/5844 5795/5795
f 5784/5784 5795/5795 5752/5752
f 5842/5842 5784/5784 5763/5763
f 5763/5763 5784/5784 5752/5752
f 5752/5752 5795/5795 5665/5665
f 5752/5752 5665/5665 5763/5763
f 5665/5665 5795/5795 5661/5661
f 5661/5661 5795/5795 5739/5739
f 5661/5661 5739/5739 5678/5678
f 5661/5661 5678/5678 5574/5574
f 5661/5661 5574/5574 5665/5665
f 5574/5574 5678/5678 5539/5539
f 5665/5665 5574/5574 5693/5693
f 5665/5665 5693/5693 5763/5763
f 5693/5693 5574/5574 5523/5523
f 5763/5763 5693/5693 5773/5773
f 5773/5773 5693/5693 5668/5668
f 5773/5773 5668/5668 5761/5761
f 5763/5763 5773/5773 5873/5873
f 5763/5763 5873/5873 5842/5842
f 5773/5773 5761/5761 5839/5839
f 5773/5773 5839/5839 5873/5873
f 5842/5842 5873/5873 5874/5874
f 5839/5839 5761/5761 5856/5856
f 5839/5839 5856/5856 5873/5873
f 5856/5856 5761/5761 5892/5892
f 5892/5892 5761/5761 5859/5859
f 5892/5892 5859/5859 5903/5903
f 5856/5856 5892/5892 5897/5897
f 5856/5856 5897/5897 5873/5873
f 5892/5892 5903/5903 5916/5916
f 5899/5899 5874/5874 5873/5873
f 5874/5874 5899/5899 5913/5913
f 5916/5916 5903/5903 5943/5943
f 5943/5943 5903/5903 5893/5893
f 5892/5892 5916/5916 5902/5902
f 5892/5892 5902/5902 5897/5897
f 5902/5902 5916/5916 5932/5932
f 5932/5932 5916/5916 5943/5943
f 5897/5897 5902/5902 5910/5910
f 5897/5897 5910/5910 5873/5873
f 5910/5910 5902/5902 5932/5932
f 5873/5873 5910/5910 5917/5917
f 5873/5873 5917/5917 5899/5899
f 5917/5917 5910/5910 5942/5942
f 5899/5899 5917/5917 5944/5944
f 5944/5944 5917/5917 5942/5942
f 5942/5942 5910/5910 5930/5930
f 5930/5930 5910/5910 5932/5932
f 5942/5942 5930/5930 5946/5946
f 5942/5942 5946/5946 5966/5966
f 5942/5942 5966/5966 5944/5944
f 5946/5946 5930/5930 5961/5961
f 5966/5966 5946/5946 5982/5982
f 5982/5982 5946/5946 5961/5961
f 5930/5930 5932/5932 5965/5965
f 5930/5930 5965/5965 5961/5961
f 5965/5965 5932/5932 5962/5962
f 5961/5961 5965/5965 5986/5986
f 5962/5962 5932/5932 5955/5955
f 5955/5955 5932/5932 5943/5943
f 5965/5965 5962/5962 5973/5973
f 5965/5965 5973/5973 5986/5986
f 5962/5962 5955/5955 5968/5968
f 5973/5973 5962/5962 5988/5988
f 5988/5988 5962/5962 5968/5968
f 5968/5968 5955/5955 5975/5975
f 5968/5968 5975/5975 5988/5988
f 5955/5955 5943/5943 5954/5954
f 5955/5955 5954/5954 5975/5975
f 5954/5954 5943/5943 5929/5929
f 5929/5929 5943/5943 5893/5893
f 5975/5975 5954/5954 5967/5967
f 5975/5975 5967/5967 5988/5988
f 5954/5954 5929/5929 5947/5947
f 5954/5954 5947/5947 5967/5967
f 5929/5929 5893/5893 5912/5912
f 5912/5912 5893/5893 5871/5871
f 5912/5912 5871/5871 5908/5908
f 5929/5929 5912/5912 5926/5926
f 5929/5929 5926/5926 5947/5947
f 5912/5912 5908/5908 5921/5921
f 5912/5912 5921/5921 5926/5926
f 5921/5921 5908/5908 5919/5919
f 5919/5919 5908/5908 5895/5895
f 5921/5921 5919/5919 5933/5933
f 5921/5921 5933/5933 5926/5926
f 5933/5933 5919/5919 5949/5949
f 5933/5933 5949/5949 5964/5964
f 5933/5933 5964/5964 5991/5991
f 5926/5926 5933/5933 5945/5945
f 5945/5945 5933/5933 5991/5991
f 5926/5926 5945/5945 5947/5947
f 5945/5945 5991/5991 6002/6002
f 5945/5945 6002/6002 5969/5969
f 5945/5945 5969/5969 5947/5947
f 5969/5969 6002/6002 6014/6014
f 5947/5947 5969/5969 5985/5985
f 5947/5947 5985/5985 5967/5967
f 5969/5969 6014/6014 5987/5987
f 5969/5969 5987/5987 5985/5985
f 5987/5987 6014/6014 6023/6023
f 5985/5985 5987/5987 5998/5998
f 5998/5998 5987/5987 6023/6023
f 6023/6023 6014/6014 6036/6036
f 6023/6023 6036/6036 6064/6064
f 6064/6064 6036/6036 6074/6074
f 6064/6064 6074/6074 6075/6075
f 6064/6064 6075/6075 6023/6023
f 6075/6075 6074/6074 6112/6112
f 6023/6023 6075/6075 6025/6025
f 6023/6023 6025/6025 5998/5998
f 6075/6075 6112/6112 6120/6120
f 6120/6120 6112/6112 6125/6125
f 6120/6120 6125/6125 6145/6145
f 6075/6075 6120/6120 6076/6076
f 6076/6076 6120/6120 6145/6145
f 6075/6075 6076/6076 6025/6025
f 6076/6076 6145/6145 6127/6127
f 6127/6127 6145/6145 6142/6142
f 6025/6025 6076/6076 6044/6044
f 6025/6025 6044/6044 6024/6024
f 6025/6025 6024/6024 5998/5998
f 6044/6044 6076/6076 6091/6091
f 6091/6091 6076/6076 6127/6127
f 6024/6024 6044/6044 6037/6037
f 6037/6037 6044/6044 6091/6091
f 5998/5998 6024/6024 6028/6028
f 6028/6028 6024/6024 6037/6037
f 5998/5998 6028/6028 6011/6011
f 5998/5998 6011/6011 5985/5985
f 5985/5985 6011/6011 5967/5967
f 6011/6011 6028/6028 6038/6038
f 5967/5967 6011/6011 6018/6018
f 6018/6018 6011/6011 6038/6038
f 5967/5967 6018/6018 5988/5988
f 5988/5988 6018/6018 5995/5995
f 5988/5988 5995/5995 5973/5973
f 5995/5995 6018/6018 6015/6015
f 5973/5973 5995/5995 5986/5986
f 5986/5986 5995/5995 6015/6015
f 6015/6015 6018/6018 6038/6038
f 5986/5986 6015/6015 5997/5997
f 5986/5986 5997/5997 5989/5989
f 5986/5986 5989/5989 5961/5961
f 5997/5997 6015/6015 6007/6007
f 5997/5997 6007/6007 5989/5989
f 5961/5961 5989/5989 5982/5982
f 5982/5982 5989/5989 6007/6007
f 6015/6015 6038/6038 6040/6040
f 6015/6015 6040/6040 6007/6007
f 6040/6040 6038/6038 6058/6058
f 6007/6007 6040/6040 6034/6034
f 6034/6034 6040/6040 6058/6058
f 5982/5982 6007/6007 6042/6042
f 6042/6042 6007/6007 6034/6034
f 5982/5982 6042/6042 6017/6017
f 5982/5982 6017/6017 5966/5966
f 5966/5966 6017/6017 5981/5981
f 5966/5966 5981/5981 5944/5944
f 5981/5981 6017/6017 6010/6010
f 5944/5944 5981/5981 5980/5980
f 5980/5980 5981/5981 6010/6010
f 6010/6010 6017/6017 6041/6041
f 6041/6041 6017/6017 6042/6042
f 5980/5980 6010/6010 6027/6027
f 6027/6027 6010/6010 6048/6048
f 6048/6048 6010/6010 6041/6041
f 5980/5980 6027/6027 6004/6004
f 6048/6048 6041/6041 6069/6069
f 6069/6069 6041/6041 6085/6085
f 6041/6041 6042/6042 6051/6051
f 6041/6041 6051/6051 6085/6085
f 5980/5980 6004/6004 5994/5994
f 6051/6051 6042/6042 6054/6054
f 5994/5994 6004/6004 6006/6006
f 6006/6006 6004/6004 6033/6033
f 6006/6006 6033/6033 6009/6009
f 6006/6006 6009/6009 5994/5994
f 5994/5994 6009/6009 5993/5993
f 5980/5980 5994/5994 5956/5956
f 5994/5994 5993/5993 5972/5972
f 5994/5994 5972/5972 5956/5956
f 5972/5972 5993/5993 5978/5978
f 5980/5980 5956/5956 5944/5944
f 5972/5972 5978/5978 5958/5958
f 5972/5972 5958/5958 5956/5956
f 5958/5958 5978/5978 5953/5953
f 5958/5958 5953/5953 5939/5939
f 5956/5956 5958/5958 5931/5931
f 5931/5931 5958/5958 5939/5939
f 5956/5956 5931/5931 5944/5944
f 5931/5931 5939/5939 5913/5913
f 5944/5944 5931/5931 5899/5899
f 5899/5899 5931/5931 5913/5913
f 5905/5905 5875/5875 5887/5887
f 5887/5887 5875/5875 5843/5843
f 5843/5843 5875/5875 5794/5794
f 5794/5794 5875/5875 5878/5878
f 5794/5794 5878/5878 5738/5738
f 5718/5718 5677/5677 5738/5738
f 5718/5718 5738/5738 5878/5878
f 5925/5925 5875/5875 5905/5905
f 5875/5875 5925/5925 5878/5878
f 5876/5876 5808/5808 5878/5878
f 5876/5876 5878/5878 5911/5911
f 5911/5911 5878/5878 5925/5925
f 5876/5876 5911/5911 5922/5922
f 5911/5911 5925/5925 5951/5951
f 5911/5911 5951/5951 5922/5922
f 5936/5936 5925/5925 5905/5905
f 5936/5936 5905/5905 5914/5914
f 5936/5936 5914/5914 5927/5927
f 5936/5936 5927/5927 5952/5952
f 5925/5925 5936/5936 5970/5970
f 5970/5970 5936/5936 5952/5952
f 5925/5925 5970/5970 5951/5951
f 5937/5937 5900/5900 5922/5922
f 5937/5937 5922/5922 5957/5957
f 5957/5957 5922/5922 5951/5951
f 5937/5937 5957/5957 5940/5940
f 5970/5970 5952/5952 5977/5977
f 5992/5992 6008/6008 5977/5977
f 5977/5977 6008/6008 6032/6032
f 5970/5970 5977/5977 6022/6022
f 6022/6022 5977/5977 6032/6032
f 5970/5970 6022/6022 6016/6016
f 6022/6022 6032/6032 6043/6043
f 6022/6022 6043/6043 6016/6016
f 5970/5970 6016/6016 5979/5979
f 5970/5970 5979/5979 5951/5951
f 6016/6016 6043/6043 6049/6049
f 6043/6043 6032/6032 6053/6053
f 6043/6043 6053/6053 6049/6049
f 6003/6003 6026/6026 6032/6032
f 6032/6032 6026/6026 6053/6053
f 6053/6053 6026/6026 6047/6047
f 6031/6031 5979/5979 6016/6016
f 6031/6031 6016/6016 6049/6049
f 6053/6053 6047/6047 6067/6067
f 6067/6067 6047/6047 6068/6068
f 6078/6078 6049/6049 6053/6053
f 6078/6078 6053/6053 6067/6067
f 6067/6067 6068/6068 6077/6077
f 6067/6067 6077/6077 6094/6094
f 6094/6094 6077/6077 6068/6068
f 6067/6067 6094/6094 6078/6078
f 6094/6094 6068/6068 6084/6084
f 6094/6094 6084/6084 6098/6098
f 6094/6094 6098/6098 6104/6104
f 6094/6094 6104/6104 6078/6078
f 6052/6052 6049/6049 6078/6078
f 6049/6049 6052/6052 6031/6031
f 6078/6078 6104/6104 6083/6083
f 6078/6078 6083/6083 6052/6052
f 6083/6083 6104/6104 6108/6108
f 6083/6083 6108/6108 6114/6114
f 6052/6052 6083/6083 6050/6050
f 6052/6052 6050/6050 6031/6031
f 6083/6083 6114/6114 6088/6088
f 6031/6031 6050/6050 6020/6020
f 6031/6031 6020/6020 5979/5979
f 6050/6050 6083/6083 6080/6080
f 6080/6080 6083/6083 6088/6088
f 6020/6020 6050/6050 6039/6039
f 6039/6039 6050/6050 6080/6080
f 5979/5979 6020/6020 5976/5976
f 5979/5979 5976/5976 5951/5951
f 5951/5951 5976/5976 5957/5957
f 5976/5976 6020/6020 6005/6005
f 6005/6005 6020/6020 6039/6039
f 5957/5957 5976/5976 5983/5983
f 5983/5983 5976/5976 6005/6005
f 5957/5957 5983/5983 5940/5940
f 5983/5983 6005/6005 5999/5999
f 5983/5983 5999/5999 5940/5940
f 6005/6005 6039/6039 6029/6029
f 5999/5999 6005/6005 6021/6021
f 6021/6021 6005/6005 6029/6029
f 6029/6029 6039/6039 6060/6060
f 6060/6060 6039/6039 6080/6080
f 5940/5940 5999/5999 5971/5971
f 5940/5940 5971/5971 5959/5959
f 5971/5971 5999/5999 6000/6000
f 6000/6000 5999/5999 6021/6021
f 6060/6060 6080/6080 6071/6071
f 6071/6071 6080/6080 6088/6088
f 6060/6060 6071/6071 6092/6092
f 6092/6092 6071/6071 6088/6088
f 5971/5971 6000/6000 5996/5996
f 6000/6000 6021/6021 6019/6019
f 6000/6000 6019/6019 5996/5996
f 6019/6019 6021/6021 6056/6056
f 6056/6056 6021/6021 6057/6057
f 6057/6057 6021/6021 6029/6029
f 6057/6057 6029/6029 6060/6060
f 6057/6057 6060/6060 6096/6096
f 6096/6096 6060/6060 6092/6092
f 6056/6056 6057/6057 6082/6082
f 6082/6082 6057/6057 6096/6096
f 6019/6019 6056/6056 6046/6046
f 6046/6046 6056/6056 6082/6082
f 6019/6019 6046/6046 6012/6012
f 6019/6019 6012/6012 5996/5996
f 6046/6046 6082/6082 6055/6055
f 5996/5996 6012/6012 6001/6001
f 6012/6012 6046/6046 6030/6030
f 6030/6030 6046/6046 6055/6055
f 6001/6001 6012/6012 6013/6013
f 6013/6013 6012/6012 6030/6030
f 6013/6013 6030/6030 6035/6035
f 6035/6035 6030/6030 6073/6073
f 6073/6073 6030/6030 6055/6055
f 5996/5996 6001/6001 5984/5984
f 5984/5984 6001/6001 5990/5990
f 5984/5984 5990/5990 5963/5963
f 5996/5996 5984/5984 5974/5974
f 5974/5974 5984/5984 5963/5963
f 5996/5996 5974/5974 5971/5971
f 5974/5974 5963/5963 5948/5948
f 5971/5971 5974/5974 5959/5959
f 5959/5959 5974/5974 5948/5948
f 5959/5959 5948/5948 5934/5934
f 6126/6126 6073/6073 6055/6055
f 6073/6073 6126/6126 6111/6111
f 6111/6111 6126/6126 6124/6124
f 6124/6124 6126/6126 6144/6144
f 6126/6126 6055/6055 6100/6100
f 6100/6100 6055/6055 6082/6082
f 6100/6100 6082/6082 6096/6096
f 6126/6126 6100/6100 6128/6128
f 6126/6126 6128/6128 6144/6144
f 6100/6100 6096/6096 6117/6117
f 6100/6100 6117/6117 6128/6128
f 6117/6117 6096/6096 6092/6092
f 6144/6144 6128/6128 6150/6150
f 6144/6144 6150/6150 6141/6141
f 6141/6141 6150/6150 6153/6153
f 6150/6150 6128/6128 6140/6140
f 6153/6153 6150/6150 6157/6157
f 6153/6153 6157/6157 6163/6163
f 6163/6163 6157/6157 6167/6167
f 6157/6157 6150/6150 6148/6148
f 6148/6148 6150/6150 6140/6140
f 6167/6167 6157/6157 6151/6151
f 6151/6151 6157/6157 6148/6148
f 6167/6167 6151/6151 6169/6169
f 6169/6169 6151/6151 6165/6165
f 6165/6165 6151/6151 6158/6158
f 6148/6148 6140/6140 6139/6139
f 6148/6148 6139/6139 6151/6151
f 6139/6139 6140/6140 6128/6128
f 6158/6158 6151/6151 6143/6143
f 6143/6143 6151/6151 6139/6139
f 6158/6158 6143/6143 6146/6146
f 6139/6139 6128/6128 6131/6131
f 6139/6139 6131/6131 6143/6143
f 6131/6131 6128/6128 6117/6117
f 6146/6146 6143/6143 6123/6123
f 6123/6123 6143/6143 6131/6131
f 6146/6146 6123/6123 6137/6137
f 6137/6137 6123/6123 6132/6132
f 6131/6131 6117/6117 6116/6116
f 6131/6131 6116/6116 6123/6123
f 6116/6116 6117/6117 6092/6092
f 6132/6132 6123/6123 6107/6107
f 6107/6107 6123/6123 6116/6116
f 6107/6107 6116/6116 6092/6092
f 6132/6132 6107/6107 6129/6129
f 6107/6107 6092/6092 6088/6088
f 6129/6129 6107/6107 6118/6118
f 6107/6107 6088/6088 6114/6114
f 6107/6107 6114/6114 6118/6118
f 5719/5719 5879/5879 5809/5809
f 5719/5719 5809/5809 5783/5783
f 5783/5783 5809/5809 5847/5847
f 5847/5847 5809/5809 5877/5877
f 5719/5719 5783/5783 5716/5716
f 5716/5716 5783/5783 5740/5740
f 5740/5740 5783/5783 5847/5847
f 5719/5719 5716/5716 5636/5636
f 5716/5716 5740/5740 5586/5586
f 5716/5716 5586/5586 5636/5636
f 5719/5719 5636/5636 5633/5633
f 5719/5719 5633/5633 5679/5679
f 5633/5633 5636/5636 5486/5486
f 5679/5679 5633/5633 5611/5611
f 5611/5611 5633/5633 5486/5486
f 5679/5679 5611/5611 5540/5540
f 5486/5486 5636/5636 5437/5437
f 5437/5437 5636/5636 5586/5586
f 5611/5611 5486/5486 5444/5444
f 5611/5611 5444/5444 5540/5540
f 5540/5540 5444/5444 5524/5524
f 5540/5540 5524/5524 5575/5575
f 5524/5524 5444/5444 5405/5405
f 5444/5444 5486/5486 5396/5396
f 5444/5444 5396/5396 5405/5405
f 5396/5396 5486/5486 5356/5356
f 5356/5356 5486/5486 5437/5437
f 5405/5405 5396/5396 5287/5287
f 5405/5405 5287/5287 5300/5300
f 5396/5396 5356/5356 5254/5254
f 5396/5396 5254/5254 5287/5287
f 5300/5300 5287/5287 5170/5170
f 5170/5170 5287/5287 5254/5254
f 5300/5300 5170/5170 5234/5234
f 5234/5234 5170/5170 5145/5145
f 5145/5145 5170/5170 5172/5172
f 5170/5170 5254/5254 5212/5212
f 5170/5170 5212/5212 5172/5172
f 5212/5212 5254/5254 5356/5356
f 5172/5172 5212/5212 5220/5220
f 5220/5220 5212/5212 5277/5277
f 5212/5212 5356/5356 5345/5345
f 5212/5212 5345/5345 5277/5277
f 5345/5345 5356/5356 5437/5437
f 5277/5277 5345/5345 5338/5338
f 5338/5338 5345/5345 5437/5437
f 5338/5338 5437/5437 5401/5401
f 5401/5401 5437/5437 5586/5586
f 5338/5338 5401/5401 5385/5385
f 5401/5401 5586/5586 5531/5531
f 5401/5401 5531/5531 5385/5385
f 5531/5531 5586/5586 5625/5625
f 5385/5385 5531/5531 5443/5443
f 5443/5443 5531/5531 5625/5625
f 5385/5385 5443/5443 5434/5434
f 5434/5434 5443/5443 5388/5388
f 5625/5625 5586/5586 5740/5740
f 5388/5388 5443/5443 5490/5490
f 5490/5490 5443/5443 5625/5625
f 5388/5388 5490/5490 5398/5398
f 5388/5388 5398/5398 5354/5354
f 5398/5398 5490/5490 5432/5432
f 5398/5398 5432/5432 5374/5374
f 5490/5490 5625/5625 5568/5568
f 5490/5490 5568/5568 5432/5432
f 5568/5568 5625/5625 5682/5682
f 5682/5682 5625/5625 5740/5740
f 5568/5568 5682/5682 5550/5550
f 5568/5568 5550/5550 5432/5432
f 5682/5682 5740/5740 5737/5737
f 5682/5682 5737/5737 5550/5550
f 5737/5737 5740/5740 5847/5847
f 5334/5334 5374/5374 5432/5432
f 5432/5432 5550/5550 5484/5484
f 5334/5334 5432/5432 5456/5456
f 5456/5456 5432/5432 5484/5484
f 5484/5484 5550/5550 5626/5626
f 5626/5626 5550/5550 5737/5737
f 5456/5456 5484/5484 5566/5566
f 5566/5566 5484/5484 5626/5626
f 5626/5626 5737/5737 5823/5823
f 5823/5823 5737/5737 5847/5847
f 5566/5566 5626/5626 5689/5689
f 5689/5689 5626/5626 5823/5823
f 5456/5456 5566/5566 5544/5544
f 5544/5544 5566/5566 5689/5689
f 5456/5456 5544/5544 5407/5407
f 5456/5456 5407/5407 5334/5334
f 5334/5334 5407/5407 5317/5317
f 5334/5334 5317/5317 5248/5248
f 5248/5248 5317/5317 5236/5236
f 5236/5236 5317/5317 5301/5301
f 5301/5301 5317/5317 5383/5383
f 5301/5301 5383/5383 5406/5406
f 5383/5383 5317/5317 5430/5430
f 5383/5383 5430/5430 5406/5406
f 5430/5430 5317/5317 5407/5407
f 5406/5406 5430/5430 5525/5525
f 5525/5525 5430/5430 5572/5572
f 5525/5525 5572/5572 5694/5694
f 5430/5430 5407/5407 5571/5571
f 5430/5430 5571/5571 5572/5572
f 5571/5571 5407/5407 5544/5544
f 5694/5694 5572/5572 5669/5669
f 5669/5669 5572/5572 5571/5571
f 5571/5571 5544/5544 5676/5676
f 5571/5571 5676/5676 5669/5669
f 5676/5676 5544/5544 5689/5689
f 5669/5669 5676/5676 5789/5789
f 5669/5669 5789/5789 5762/5762
f 5762/5762 5789/5789 5860/5860
f 5860/5860 5789/5789 5830/5830
f 5830/5830 5789/5789 5676/5676
f 5860/5860 5830/5830 5904/5904
f 5904/5904 5830/5830 5894/5894
f 5830/5830 5676/5676 5743/5743
f 5743/5743 5676/5676 5689/5689
f 5894/5894 5830/5830 5840/5840
f 5840/5840 5830/5830 5743/5743
f 5894/5894 5840/5840 5872/5872
f 5743/5743 5689/5689 5785/5785
f 5785/5785 5689/5689 5823/5823
f 5840/5840 5743/5743 5837/5837
f 5837/5837 5743/5743 5785/5785
f 5872/5872 5840/5840 5870/5870
f 5870/5870 5840/5840 5837/5837
f 5872/5872 5870/5870 5896/5896
f 5872/5872 5896/5896 5909/5909
f 5870/5870 5837/5837 5918/5918
f 5870/5870 5918/5918 5896/5896
f 5837/5837 5785/5785 5898/5898
f 5837/5837 5898/5898 5918/5918
f 5858/5858 5785/5785 5823/5823
f 5785/5785 5858/5858 5898/5898
f 5858/5858 5823/5823 5847/5847
f 5896/5896 5918/5918 5935/5935
f 5896/5896 5935/5935 5920/5920
f 5920/5920 5935/5935 5950/5950
f 5935/5935 5918/5918 5924/5924
f 5924/5924 5918/5918 5898/5898
f 5935/5935 5924/5924 5960/5960
f 5960/5960 5924/5924 5941/5941
f 5924/5924 5898/5898 5907/5907
f 5924/5924 5907/5907 5941/5941
f 5907/5907 5898/5898 5858/5858
f 5941/5941 5907/5907 5938/5938
f 5938/5938 5907/5907 5901/5901
f 5907/5907 5858/5858 5866/5866
f 5907/5907 5866/5866 5901/5901
f 5866/5866 5858/5858 5847/5847
f 5866/5866 5847/5847 5884/5884
f 5866/5866 5884/5884 5901/5901
f 5884/5884 5847/5847 5877/5877
f 5884/5884 5877/5877 5901/5901
f 5901/5901 5877/5877 5923/5923
f 5187/5187 5242/5242 5247/5247
f 5187/5187 5247/5247 5235/5235
f 5242/5242 5187/5187 5200/5200
f 5247/5247 5242/5242 5296/5296
f 5247/5247 5296/5296 5333/5333
f 5333/5333 5296/5296 5373/5373
f 5296/5296 5242/5242 5325/5325
f 5296/5296 5325/5325 5373/5373
f 5242/5242 5200/5200 5257/5257
f 5242/5242 5257/5257 5325/5325
f 5257/5257 5200/5200 5195/5195
f 5257/5257 5195/5195 5215/5215
f 5215/5215 5195/5195 5148/5148
f 5257/5257 5215/5215 5329/5329
f 5257/5257 5329/5329 5325/5325
f 5329/5329 5215/5215 5295/5295
f 5325/5325 5329/5329 5413/5413
f 5413/5413 5329/5329 5394/5394
f 5325/5325 5413/5413 5395/5395
f 5325/5325 5395/5395 5373/5373
f 5395/5395 5413/5413 5501/5501
f 5373/5373 5395/5395 5476/5476
f 5395/5395 5501/5501 5506/5506
f 5395/5395 5506/5506 5476/5476
f 5506/5506 5501/5501 5609/5609
f 5506/5506 5609/5609 5603/5603
f 5506/5506 5603/5603 5476/5476
f 5603/5603 5609/5609 5674/5674
f 5674/5674 5609/5609 5727/5727
f 5674/5674 5727/5727 5696/5696
f 5674/5674 5696/5696 5603/5603
f 5431/5431 5373/5373 5476/5476
f 5373/5373 5431/5431 5397/5397
f 5397/5397 5431/5431 5415/5415
f 5397/5397 5415/5415 5353/5353
f 5353/5353 5415/5415 5377/5377
f 5377/5377 5415/5415 5464/5464
f 5464/5464 5415/5415 5431/5431
f 5464/5464 5431/5431 5476/5476
f 5464/5464 5476/5476 5517/5517
f 5517/5517 5476/5476 5603/5603
f 5642/5642 5603/5603 5696/5696
f 5642/5642 5696/5696 5667/5667
f 5517/5517 5603/5603 5565/5565
f 5603/5603 5642/5642 5616/5616
f 5603/5603 5616/5616 5565/5565
f 5616/5616 5642/5642 5635/5635
f 5635/5635 5642/5642 5667/5667
f 5565/5565 5616/5616 5576/5576
f 5576/5576 5616/5616 5635/5635
f 5565/5565 5576/5576 5517/5517
f 5576/5576 5635/5635 5707/5707
f 5576/5576 5707/5707 5517/5517
f 5635/5635 5667/5667 5764/5764
f 5635/5635 5764/5764 5707/5707
f 5764/5764 5667/5667 5831/5831
f 5831/5831 5667/5667 5684/5684
f 5707/5707 5764/5764 5756/5756
f 5517/5517 5707/5707 5671/5671
f 5756/5756 5764/5764 5802/5802
f 5517/5517 5671/5671 5496/5496
f 5517/5517 5496/5496 5464/5464
f 5464/5464 5496/5496 5561/5561
f 5561/5561 5496/5496 5631/5631
f 5631/5631 5496/5496 5671/5671
f 5561/5561 5631/5631 5600/5600
f 5675/5675 5671/5671 5707/5707
f 5671/5671 5675/5675 5631/5631
f 5745/5745 5707/5707 5756/5756
f 5707/5707 5745/5745 5675/5675
f 5745/5745 5756/5756 5802/5802
f 5600/5600 5631/5631 5629/5629
f 5629/5629 5631/5631 5675/5675
f 5600/5600 5629/5629 5536/5536
f 5629/5629 5675/5675 5613/5613
f 5629/5629 5613/5613 5536/5536
f 5675/5675 5745/5745 5657/5657
f 5675/5675 5657/5657 5613/5613
f 5536/5536 5613/5613 5493/5493
f 5536/5536 5493/5493 5425/5425
f 5425/5425 5493/5493 5458/5458
f 5458/5458 5493/5493 5512/5512
f 5512/5512 5493/5493 5613/5613
f 5458/5458 5512/5512 5446/5446
f 5613/5613 5657/5657 5601/5601
f 5613/5613 5601/5601 5512/5512
f 5446/5446 5512/5512 5532/5532
f 5532/5532 5512/5512 5601/5601
f 5446/5446 5532/5532 5452/5452
f 5446/5446 5452/5452 5340/5340
f 5340/5340 5452/5452 5411/5411
f 5411/5411 5452/5452 5532/5532
f 5340/5340 5411/5411 5343/5343
f 5411/5411 5532/5532 5538/5538
f 5343/5343 5411/5411 5453/5453
f 5453/5453 5411/5411 5538/5538
f 5538/5538 5532/5532 5595/5595
f 5538/5538 5595/5595 5453/5453
f 5595/5595 5532/5532 5601/5601
f 5453/5453 5595/5595 5545/5545
f 5453/5453 5545/5545 5448/5448
f 5595/5595 5601/5601 5711/5711
f 5711/5711 5601/5601 5657/5657
f 5545/5545 5595/5595 5645/5645
f 5645/5645 5595/5595 5711/5711
f 5519/5519 5545/5545 5583/5583
f 5583/5583 5545/5545 5645/5645
f 5583/5583 5645/5645 5621/5621
f 5621/5621 5645/5645 5687/5687
f 5711/5711 5657/5657 5745/5745
f 5687/5687 5645/5645 5690/5690
f 5690/5690 5645/5645 5711/5711
f 5687/5687 5690/5690 5769/5769
f 5687/5687 5769/5769 5775/5775
f 5690/5690 5711/5711 5851/5851
f 5711/5711 5745/5745 5804/5804
f 5711/5711 5804/5804 5851/5851
f 5804/5804 5745/5745 5802/5802
f 5804/5804 5802/5802 5836/5836
f 5836/5836 5802/5802 5764/5764
f 5836/5836 5764/5764 5831/5831
f 5804/5804 5836/5836 5852/5852
f 5852/5852 5836/5836 5831/5831
f 5804/5804 5852/5852 5851/5851
f 5816/5816 5690/5690 5851/5851
f 5690/5690 5816/5816 5769/5769
f 5851/5851 5852/5852 5857/5857
f 5816/5816 5851/5851 5864/5864
f 5864/5864 5851/5851 5857/5857
f 5769/5769 5816/5816 5861/5861
f 5861/5861 5816/5816 5864/5864
f 5769/5769 5861/5861 5838/5838
f 5769/5769 5838/5838 5826/5826
f 5826/5826 5838/5838 5863/5863
f 5863/5863 5838/5838 5861/5861
f 5863/5863 5861/5861 5891/5891
f 5891/5891 5861/5861 5883/5883
f 5883/5883 5861/5861 5864/5864
f 5891/5891 5883/5883 5886/5886
f 5883/5883 5864/5864 5869/5869
f 5886/5886 5883/5883 5865/5865
f 5865/5865 5883/5883 5869/5869
f 5869/5869 5864/5864 5853/5853
f 5869/5869 5853/5853 5865/5865
f 5853/5853 5864/5864 5857/5857
f 5768/5768 5881/5881 5886/5886
f 5768/5768 5886/5886 5748/5748
f 5748/5748 5886/5886 5865/5865
f 5768/5768 5748/5748 5772/5772
f 5748/5748 5865/5865 5728/5728
f 5728/5728 5865/5865 5853/5853
f 5772/5772 5748/5748 5747/5747
f 5747/5747 5748/5748 5728/5728
f 5772/5772 5747/5747 5757/5757
f 5772/5772 5757/5757 5779/5779
f 5779/5779 5757/5757 5742/5742
f 5779/5779 5742/5742 5760/5760
f 5757/5757 5747/5747 5720/5720
f 5757/5757 5720/5720 5742/5742
f 5720/5720 5747/5747 5728/5728
f 5742/5742 5720/5720 5684/5684
f 5720/5720 5728/5728 5704/5704
f 5720/5720 5704/5704 5684/5684
f 5704/5704 5728/5728 5853/5853
f 5684/5684 5704/5704 5730/5730
f 5730/5730 5704/5704 5853/5853
f 5684/5684 5730/5730 5700/5700
f 5684/5684 5700/5700 5831/5831
f 5730/5730 5853/5853 5849/5849
f 5730/5730 5849/5849 5700/5700
f 5700/5700 5849/5849 5831/5831
f 5849/5849 5853/5853 5857/5857
f 5831/5831 5849/5849 5852/5852
f 5852/5852 5849/5849 5857/5857
f 4608/4608 4711/4711 4796/4796
f 4741/4741 4796/4796 4813/4813
f 4796/4796 4741/4741 4672/4672
f 4796/4796 4672/4672 4608/4608
f 4813/4813 4796/4796 4854/4854
f 4608/4608 4672/4672 4617/4617
f 4608/4608 4617/4617 4540/4540
f 4540/4540 4617/4617 4518/4518
f 4540/4540 4518/4518 4349/4349
f 4608/4608 4540/4540 4560/4560
f 4608/4608 4560/4560 4582/4582
f 4608/4608 4582/4582 4711/4711
f 4711/4711 4582/4582 4586/4586
f 4711/4711 4586/4586 4611/4611
f 4711/4711 4611/4611 4705/4705
f 4711/4711 4705/4705 4830/4830
f 4711/4711 4830/4830 4796/4796
f 4830/4830 4705/4705 4781/4781
f 4796/4796 4830/4830 4900/4900
f 4796/4796 4900/4900 4854/4854
f 4854/4854 4900/4900 4952/4952
f 4854/4854 4952/4952 4989/4989
f 4989/4989 4952/4952 5017/5017
f 5017/5017 4952/4952 4900/4900
f 4989/4989 5017/5017 5194/5194
f 5194/5194 5017/5017 5147/5147
f 5017/5017 4900/4900 5052/5052
f 5017/5017 5052/5052 5147/5147
f 5052/5052 4900/4900 4830/4830
f 5147/5147 5052/5052 5214/5214
f 5214/5214 5052/5052 5231/5231
f 5214/5214 5231/5231 5294/5294
f 5052/5052 4830/4830 4951/4951
f 4951/4951 4830/4830 4781/4781
f 5052/5052 4951/4951 5053/5053
f 5052/5052 5053/5053 5231/5231
f 4951/4951 4781/4781 4945/4945
f 4951/4951 4945/4945 5053/5053
f 4679/4679 4842/4842 4781/4781
f 4781/4781 4842/4842 4945/4945
f 4945/4945 4842/4842 4935/4935
f 4935/4935 4842/4842 4772/4772
f 5053/5053 4945/4945 5129/5129
f 5053/5053 5129/5129 5231/5231
f 4945/4945 4935/4935 5009/5009
f 4945/4945 5009/5009 5129/5129
f 4935/4935 4772/4772 4898/4898
f 4935/4935 4898/4898 5009/5009
f 4898/4898 4772/4772 4832/4832
f 4898/4898 4832/4832 4942/4942
f 5009/5009 4898/4898 5019/5019
f 5019/5019 4898/4898 4942/4942
f 5129/5129 5009/5009 5126/5126
f 5126/5126 5009/5009 5019/5019
f 5129/5129 5126/5126 5246/5246
f 5129/5129 5246/5246 5231/5231
f 5126/5126 5019/5019 5251/5251
f 5126/5126 5251/5251 5246/5246
f 5231/5231 5246/5246 5318/5318
f 5231/5231 5318/5318 5294/5294
f 5294/5294 5318/5318 5362/5362
f 5294/5294 5362/5362 5327/5327
f 5362/5362 5318/5318 5400/5400
f 5318/5318 5246/5246 5306/5306
f 5306/5306 5246/5246 5251/5251
f 5318/5318 5306/5306 5400/5400
f 5362/5362 5400/5400 5529/5529
f 5529/5529 5400/5400 5494/5494
f 5529/5529 5494/5494 5557/5557
f 5557/5557 5494/5494 5485/5485
f 5485/5485 5494/5494 5400/5400
f 5557/5557 5485/5485 5606/5606
f 5400/5400 5306/5306 5366/5366
f 5400/5400 5366/5366 5485/5485
f 5366/5366 5306/5306 5251/5251
f 5606/5606 5485/5485 5528/5528
f 5623/5623 5713/5713 5606/5606
f 5623/5623 5606/5606 5528/5528
f 5485/5485 5366/5366 5361/5361
f 5485/5485 5361/5361 5528/5528
f 5366/5366 5251/5251 5305/5305
f 5366/5366 5305/5305 5361/5361
f 5305/5305 5251/5251 5278/5278
f 5278/5278 5251/5251 5019/5019
f 5361/5361 5305/5305 5270/5270
f 5623/5623 5528/5528 5591/5591
f 5623/5623 5591/5591 5731/5731
f 5731/5731 5591/5591 5705/5705
f 5355/5355 5528/5528 5361/5361
f 5355/5355 5361/5361 5270/5270
f 5591/5591 5528/5528 5479/5479
f 5479/5479 5528/5528 5355/5355
f 5705/5705 5591/5591 5617/5617
f 5617/5617 5591/5591 5479/5479
f 5705/5705 5617/5617 5723/5723
f 5479/5479 5355/5355 5332/5332
f 5332/5332 5355/5355 5270/5270
f 5617/5617 5479/5479 5518/5518
f 5723/5723 5617/5617 5641/5641
f 5723/5723 5641/5641 5749/5749
f 5617/5617 5518/5518 5580/5580
f 5617/5617 5580/5580 5641/5641
f 5518/5518 5479/5479 5380/5380
f 5380/5380 5479/5479 5332/5332
f 5580/5580 5518/5518 5541/5541
f 5541/5541 5518/5518 5380/5380
f 5641/5641 5580/5580 5643/5643
f 5643/5643 5580/5580 5541/5541
f 5703/5703 5749/5749 5641/5641
f 5703/5703 5641/5641 5643/5643
f 5749/5749 5703/5703 5698/5698
f 5749/5749 5698/5698 5753/5753
f 5753/5753 5698/5698 5734/5734
f 5698/5698 5703/5703 5659/5659
f 5659/5659 5703/5703 5643/5643
f 5698/5698 5659/5659 5614/5614
f 5482/5482 5614/5614 5498/5498
f 5614/5614 5659/5659 5585/5585
f 5614/5614 5585/5585 5498/5498
f 5659/5659 5643/5643 5543/5543
f 5659/5659 5543/5543 5585/5585
f 5498/5498 5585/5585 5507/5507
f 5498/5498 5507/5507 5427/5427
f 5427/5427 5507/5507 5489/5489
f 5489/5489 5507/5507 5585/5585
f 5489/5489 5585/5585 5436/5436
f 5436/5436 5585/5585 5543/5543
f 5489/5489 5436/5436 5360/5360
f 5360/5360 5436/5436 5256/5256
f 5436/5436 5543/5543 5336/5336
f 5436/5436 5336/5336 5256/5256
f 5491/5491 5543/5543 5643/5643
f 5543/5543 5491/5491 5336/5336
f 5491/5491 5643/5643 5541/5541
f 5336/5336 5491/5491 5391/5391
f 5391/5391 5491/5491 5541/5541
f 5256/5256 5336/5336 5134/5134
f 5256/5256 5134/5134 5103/5103
f 5336/5336 5391/5391 5263/5263
f 5336/5336 5263/5263 5134/5134
f 5391/5391 5541/5541 5326/5326
f 5391/5391 5326/5326 5263/5263
f 5326/5326 5541/5541 5380/5380
f 5103/5103 5134/5134 5029/5029
f 5134/5134 5263/5263 5141/5141
f 5141/5141 5263/5263 5326/5326
f 5134/5134 5141/5141 5029/5029
f 5326/5326 5380/5380 5284/5284
f 5326/5326 5284/5284 5141/5141
f 5284/5284 5380/5380 5227/5227
f 5284/5284 5227/5227 5141/5141
f 5227/5227 5380/5380 5259/5259
f 5259/5259 5380/5380 5332/5332
f 5141/5141 5227/5227 5095/5095
f 5141/5141 5095/5095 5029/5029
f 5227/5227 5259/5259 5159/5159
f 5227/5227 5159/5159 5095/5095
f 5259/5259 5332/5332 5241/5241
f 5259/5259 5241/5241 5159/5159
f 5029/5029 5095/5095 5011/5011
f 5029/5029 5011/5011 4934/4934
f 5241/5241 5332/5332 5270/5270
f 5011/5011 5095/5095 4971/4971
f 5011/5011 4971/4971 4964/4964
f 5037/5037 5095/5095 5159/5159
f 5095/5095 5037/5037 4971/4971
f 4971/4971 5037/5037 4957/4957
f 4971/4971 4957/4957 4892/4892
f 5037/5037 5159/5159 5197/5197
f 5197/5197 5159/5159 5241/5241
f 4957/4957 5037/5037 5027/5027
f 5027/5027 5037/5037 5197/5197
f 4957/4957 5027/5027 4940/4940
f 5197/5197 5241/5241 5232/5232
f 4940/4940 5027/5027 5003/5003
f 5027/5027 5197/5197 5104/5104
f 5104/5104 5197/5197 5232/5232
f 5027/5027 5104/5104 5003/5003
f 4940/4940 5003/5003 4914/4914
f 5104/5104 5232/5232 5110/5110
f 5104/5104 5110/5110 5003/5003
f 4914/4914 5003/5003 5006/5006
f 5006/5006 5003/5003 5110/5110
f 4914/4914 5006/5006 4804/4804
f 4804/4804 5006/5006 4942/4942
f 5240/5240 5232/5232 5241/5241
f 5232/5232 5240/5240 5110/5110
f 5240/5240 5241/5241 5270/5270
f 5006/5006 5110/5110 5146/5146
f 5146/5146 5110/5110 5240/5240
f 4942/4942 5006/5006 5068/5068
f 5068/5068 5006/5006 5146/5146
f 4942/4942 5068/5068 5019/5019
f 5019/5019 5068/5068 5278/5278
f 5240/5240 5270/5270 5269/5269
f 5240/5240 5269/5269 5146/5146
f 5146/5146 5269/5269 5068/5068
f 5068/5068 5269/5269 5278/5278
f 5269/5269 5270/5270 5305/5305
f 5269/5269 5305/5305 5278/5278
f 4539/4539 4347/4347 4308/4308
f 4539/4539 4308/4308 4559/4559
f 4308/4308 4347/4347 4056/4056
f 4056/4056 4347/4347 3836/3836
f 4056/4056 3836/3836 3707/3707
f 4056/4056 3707/3707 3825/3825
f 4056/4056 3825/3825 4308/4308
f 4308/4308 3825/3825 4559/4559
f 4559/4559 3825/3825 4084/4084
f 4084/4084 3825/3825 360/360
f 4084/4084 360/360 341/341
f 4084/4084 341/341 358/358
f 4559/4559 4084/4084 4420/4420
f 4559/4559 4420/4420 4581/4581
f 4581/4581 4420/4420 4585/4585
f 4585/4585 4420/4420 4441/4441
f 4441/4441 4420/4420 4084/4084
f 4585/4585 4441/4441 4610/4610
f 4441/4441 4084/4084 4159/4159
f 4159/4159 4084/4084 358/358
f 4441/4441 4159/4159 4610/4610
f 4159/4159 358/358 4013/4013
f 4159/4159 4013/4013 4610/4610
f 4013/4013 358/358 338/338
f 4013/4013 338/338 3704/3704
f 3704/3704 338/338 317/317
f 4610/4610 4013/4013 3970/3970
f 3970/3970 4013/4013 3704/3704
f 4610/4610 3970/3970 4623/4623
f 4610/4610 4623/4623 4704/4704
f 3704/3704 317/317 332/332
f 332/332 317/317 1092/1092
f 3970/3970 3704/3704 3780/3780
f 3780/3780 3704/3704 332/332
f 4623/4623 3970/3970 4388/4388
f 4388/4388 3970/3970 3780/3780
f 4704/4704 4623/4623 4678/4678
f 4704/4704 4678/4678 4780/4780
f 4623/4623 4388/4388 4634/4634
f 4623/4623 4634/4634 4678/4678
f 4388/4388 3780/3780 3802/3802
f 4634/4634 4388/4388 4351/4351
f 4351/4351 4388/4388 3802/3802
f 300/300 3780/3780 332/332
f 3780/3780 300/300 3802/3802
f 300/300 332/332 1173/1173
f 300/300 1173/1173 355/355
f 3802/3802 300/300 97/97
f 97/97 300/300 355/355
f 4351/4351 3802/3802 4090/4090
f 3802/3802 97/97 3801/3801
f 3802/3802 3801/3801 4090/4090
f 3801/3801 97/97 60/60
f 4351/4351 4090/4090 4408/4408
f 3801/3801 60/60 32/32
f 4090/4090 3801/3801 3794/3794
f 3794/3794 3801/3801 32/32
f 4408/4408 4090/4090 4185/4185
f 4185/4185 4090/4090 3794/3794
f 4351/4351 4408/4408 4579/4579
f 32/32 60/60 74/74
f 74/74 60/60 97/97
f 3794/3794 32/32 33/33
f 33/33 32/32 74/74
f 4185/4185 3794/3794 3769/3769
f 3769/3769 3794/3794 33/33
f 4490/4490 4408/4408 4185/4185
f 4408/4408 4490/4490 4579/4579
f 4185/4185 3769/3769 4446/4446
f 4185/4185 4446/4446 4490/4490
f 3769/3769 33/33 31/31
f 4639/4639 4351/4351 4579/4579
f 4351/4351 4639/4639 4634/4634
f 4579/4579 4490/4490 4635/4635
f 4639/4639 4579/4579 4638/4638
f 4638/4638 4579/4579 4635/4635
f 4634/4634 4639/4639 4661/4661
f 4661/4661 4639/4639 4638/4638
f 4634/4634 4661/4661 4678/4678
f 4638/4638 4635/4635 4663/4663
f 4638/4638 4663/4663 4661/4661
f 4637/4637 4635/4635 4490/4490
f 4678/4678 4661/4661 4771/4771
f 4771/4771 4661/4661 4663/4663
f 4678/4678 4771/4771 4841/4841
f 4663/4663 4635/4635 4662/4662
f 4662/4662 4635/4635 4637/4637
f 4771/4771 4663/4663 4730/4730
f 4730/4730 4663/4663 4662/4662
f 4771/4771 4730/4730 4831/4831
f 4490/4490 4446/4446 4637/4637
f 4730/4730 4662/4662 4689/4689
f 4689/4689 4662/4662 4637/4637
f 4831/4831 4730/4730 4803/4803
f 4803/4803 4730/4730 4689/4689
f 4831/4831 4803/4803 4941/4941
f 4689/4689 4637/4637 4643/4643
f 4643/4643 4637/4637 4446/4446
f 4803/4803 4689/4689 4800/4800
f 4800/4800 4689/4689 4643/4643
f 4803/4803 4800/4800 4939/4939
f 4803/4803 4939/4939 4913/4913
f 4939/4939 4800/4800 4868/4868
f 4939/4939 4868/4868 4956/4956
f 4956/4956 4868/4868 4891/4891
f 4868/4868 4800/4800 4700/4700
f 4700/4700 4800/4800 4643/4643
f 4891/4891 4868/4868 4816/4816
f 4816/4816 4868/4868 4700/4700
f 4891/4891 4816/4816 4734/4734
f 4891/4891 4734/4734 4838/4838
f 4734/4734 4816/4816 4587/4587
f 4734/4734 4587/4587 4545/4545
f 4545/4545 4587/4587 4409/4409
f 4587/4587 4816/4816 4604/4604
f 4604/4604 4816/4816 4700/4700
f 4409/4409 4587/4587 4296/4296
f 4296/4296 4587/4587 4604/4604
f 4409/4409 4296/4296 3906/3906
f 4604/4604 4700/4700 4626/4626
f 4626/4626 4700/4700 4643/4643
f 4296/4296 4604/4604 4283/4283
f 4296/4296 4283/4283 3906/3906
f 4283/4283 4604/4604 4626/4626
f 4626/4626 4643/4643 4507/4507
f 4626/4626 4507/4507 4283/4283
f 4507/4507 4643/4643 4446/4446
f 4507/4507 4446/4446 3978/3978
f 4507/4507 3978/3978 4283/4283
f 3978/3978 4446/4446 3769/3769
f 3756/3756 3906/3906 4283/4283
f 3906/3906 3756/3756 3555/3555
f 3555/3555 3756/3756 301/301
f 301/301 3756/3756 265/265
f 3756/3756 4283/4283 3737/3737
f 3756/3756 3737/3737 265/265
f 3737/3737 4283/4283 3978/3978
f 3978/3978 3769/3769 31/31
f 265/265 3737/3737 154/154
f 265/265 154/154 233/233
f 233/233 154/154 169/169
f 3737/3737 3978/3978 69/69
f 3978/3978 31/31 65/65
f 3978/3978 65/65 69/69
f 3737/3737 69/69 119/119
f 3737/3737 119/119 154/154
f 69/69 65/65 90/90
f 69/69 90/90 119/119
f 65/65 31/31 76/76
f 65/65 76/76 90/90
f 154/154 119/119 87/87
f 87/87 119/119 90/90
f 87/87 90/90 82/82
f 82/82 90/90 76/76
f 76/76 31/31 77/77
f 77/77 31/31 33/33
f 76/76 77/77 81/81
f 77/77 33/33 88/88
f 88/88 33/33 74/74
f 81/81 77/77 116/116
f 116/116 77/77 88/88
f 76/76 81/81 84/84
f 76/76 84/84 82/82
f 84/84 81/81 116/116
f 88/88 74/74 109/109
f 88/88 109/109 116/116
f 109/109 74/74 97/97
f 84/84 116/116 139/139
f 82/82 84/84 83/83
f 83/83 84/84 139/139
f 139/139 116/116 144/144
f 116/116 109/109 131/131
f 116/116 131/131 144/144
f 109/109 97/97 151/151
f 109/109 151/151 131/131
f 151/151 97/97 345/345
f 345/345 97/97 355/355
f 131/131 151/151 171/171
f 171/171 151/151 345/345
f 144/144 131/131 158/158
f 158/158 131/131 171/171
f 144/144 158/158 165/165
f 144/144 165/165 139/139
f 158/158 171/171 237/237
f 158/158 237/237 165/165
f 571/571 345/345 355/355
f 139/139 165/165 160/160
f 139/139 160/160 83/83
f 571/571 355/355 587/587
f 587/587 355/355 1169/1169
f 587/587 1169/1169 873/873
f 571/571 587/587 562/562
f 571/571 562/562 345/345
f 587/587 873/873 585/585
f 587/587 585/585 562/562
f 585/585 873/873 591/591
f 591/591 873/873 1227/1227
f 562/562 585/585 574/574
f 574/574 585/585 591/591
f 345/345 562/562 540/540
f 540/540 562/562 574/574
f 345/345 540/540 171/171
f 591/591 1227/1227 980/980
f 171/171 540/540 486/486
f 171/171 486/486 237/237
f 486/486 540/540 535/535
f 535/535 540/540 574/574
f 237/237 486/486 500/500
f 500/500 486/486 535/535
f 604/604 574/574 591/591
f 604/604 591/591 980/980
f 604/604 980/980 724/724
f 500/500 535/535 531/531
f 535/535 574/574 572/572
f 535/535 572/572 531/531
f 572/572 574/574 633/633
f 633/633 574/574 604/604
f 604/604 724/724 631/631
f 604/604 631/631 633/633
f 692/692 724/724 980/980
f 724/724 692/692 631/631
f 692/692 980/980 1118/1118
f 1118/1118 980/980 1304/1304
f 631/631 692/692 643/643
f 631/631 643/643 633/633
f 692/692 1118/1118 651/651
f 692/692 651/651 643/643
f 633/633 643/643 659/659
f 633/633 659/659 572/572
f 643/643 651/651 665/665
f 651/651 1118/1118 641/641
f 651/651 641/641 665/665
f 641/641 1118/1118 1130/1130
f 1130/1130 1118/1118 1294/1294
f 1130/1130 1294/1294 1212/1212
f 1130/1130 1212/1212 303/303
f 303/303 1212/1212 1143/1143
f 641/641 1130/1130 576/576
f 576/576 1130/1130 303/303
f 641/641 576/576 665/665
f 576/576 303/303 266/266
f 576/576 266/266 234/234
f 576/576 234/234 170/170
f 576/576 170/170 589/589
f 589/589 170/170 173/173
f 665/665 576/576 679/679
f 679/679 576/576 589/589
f 589/589 173/173 616/616
f 589/589 616/616 679/679
f 616/616 173/173 528/528
f 528/528 173/173 125/125
f 616/616 528/528 662/662
f 616/616 662/662 679/679
f 665/665 679/679 681/681
f 665/665 681/681 643/643
f 679/679 662/662 698/698
f 679/679 698/698 681/681
f 698/698 662/662 684/684
f 698/698 684/684 687/687
f 643/643 681/681 659/659
f 698/698 687/687 696/696
f 698/698 696/696 681/681
f 681/681 696/696 659/659
f 696/696 687/687 677/677
f 696/696 677/677 606/606
f 696/696 606/606 659/659
f 606/606 677/677 597/597
f 606/606 597/597 566/566
f 566/566 597/597 550/550
f 659/659 606/606 534/534
f 552/552 484/484 550/550
f 550/550 484/484 525/525
f 550/550 525/525 566/566
f 525/525 484/484 322/322
f 322/322 484/484 501/501
f 566/566 525/525 523/523
f 523/523 525/525 322/322
f 539/539 606/606 566/566
f 606/606 539/539 534/534
f 566/566 523/523 522/522
f 566/566 522/522 539/539
f 523/523 322/322 321/321
f 523/523 321/321 522/522
f 243/243 231/231 322/322
f 539/539 522/522 518/518
f 522/522 321/321 210/210
f 522/522 210/210 518/518
f 539/539 518/518 520/520
f 520/520 518/518 210/210
f 539/539 520/520 534/534
f 520/520 210/210 204/204
f 534/534 520/520 517/517
f 520/520 204/204 200/200
f 520/520 200/200 517/517
f 204/204 210/210 189/189
f 204/204 189/189 200/200
f 534/534 517/517 519/519
f 519/519 517/517 200/200
f 211/211 210/210 321/321
f 210/210 211/211 189/189
f 211/211 321/321 236/236
f 236/236 321/321 322/322
f 236/236 322/322 231/231
f 211/211 236/236 194/194
f 194/194 236/236 231/231
f 211/211 194/194 189/189
f 194/194 231/231 177/177
f 189/189 194/194 145/145
f 145/145 194/194 177/177
f 189/189 145/145 160/160
f 189/189 160/160 200/200
f 145/145 177/177 106/106
f 106/106 177/177 136/136
f 106/106 136/136 120/120
f 145/145 106/106 89/89
f 145/145 89/89 160/160
f 160/160 89/89 83/83
f 83/83 89/89 82/82
f 196/196 200/200 160/160
f 196/196 160/160 165/165
f 200/200 196/196 519/519
f 196/196 165/165 224/224
f 196/196 224/224 519/519
f 224/224 165/165 237/237
f 82/82 89/89 85/85
f 85/85 89/89 106/106
f 82/82 85/85 87/87
f 224/224 237/237 515/515
f 224/224 515/515 519/519
f 515/515 237/237 500/500
f 515/515 500/500 531/531
f 519/519 515/515 538/538
f 538/538 515/515 531/531
f 519/519 538/538 534/534
f 538/538 531/531 572/572
f 534/534 538/538 659/659
f 659/659 538/538 572/572
f 79/79 87/87 85/85
f 87/87 79/79 154/154
f 79/79 85/85 80/80
f 80/80 85/85 106/106
f 80/80 106/106 120/120
f 80/80 120/120 129/129
f 80/80 129/129 124/124
f 80/80 124/124 79/79
f 154/154 79/79 123/123
f 123/123 79/79 124/124
f 154/154 123/123 169/169
f 123/123 124/124 172/172
f 123/123 172/172 169/169
f 6093/6093 6099/6099 6085/6085
f 6099/6099 6093/6093 6105/6105
f 6093/6093 6085/6085 6062/6062
f 6062/6062 6085/6085 6051/6051
f 6105/6105 6093/6093 6095/6095
f 6095/6095 6093/6093 6062/6062
f 6105/6105 6095/6095 6109/6109
f 6062/6062 6051/6051 6063/6063
f 6062/6062 6063/6063 6095/6095
f 6063/6063 6051/6051 6054/6054
f 6109/6109 6095/6095 6101/6101
f 6109/6109 6101/6101 6115/6115
f 6095/6095 6063/6063 6086/6086
f 6095/6095 6086/6086 6101/6101
f 6115/6115 6101/6101 6102/6102
f 6102/6102 6101/6101 6086/6086
f 6115/6115 6102/6102 6119/6119
f 6119/6119 6102/6102 6130/6130
f 6086/6086 6063/6063 6065/6065
f 6065/6065 6063/6063 6054/6054
f 6102/6102 6086/6086 6090/6090
f 6102/6102 6090/6090 6130/6130
f 6086/6086 6065/6065 6072/6072
f 6072/6072 6065/6065 6054/6054
f 6086/6086 6072/6072 6090/6090
f 6072/6072 6054/6054 6059/6059
f 6072/6072 6059/6059 6090/6090
f 6059/6059 6054/6054 6045/6045
f 6045/6045 6054/6054 6042/6042
f 6045/6045 6042/6042 6034/6034
f 6059/6059 6045/6045 6070/6070
f 6045/6045 6034/6034 6066/6066
f 6045/6045 6066/6066 6070/6070
f 6066/6066 6034/6034 6058/6058
f 6059/6059 6070/6070 6097/6097
f 6059/6059 6097/6097 6090/6090
f 6097/6097 6070/6070 6066/6066
f 6066/6066 6058/6058 6079/6079
f 6066/6066 6079/6079 6097/6097
f 6079/6079 6058/6058 6087/6087
f 6090/6090 6097/6097 6103/6103
f 6090/6090 6103/6103 6130/6130
f 6130/6130 6103/6103 6133/6133
f 6133/6133 6103/6103 6138/6138
f 6138/6138 6103/6103 6122/6122
f 6122/6122 6103/6103 6097/6097
f 6138/6138 6122/6122 6147/6147
f 6113/6113 6097/6097 6079/6079
f 6097/6097 6113/6113 6122/6122
f 6113/6113 6079/6079 6089/6089
f 6089/6089 6079/6079 6087/6087
f 6113/6113 6089/6089 6110/6110
f 6110/6110 6089/6089 6087/6087
f 6113/6113 6110/6110 6121/6121
f 6121/6121 6110/6110 6087/6087
f 6122/6122 6113/6113 6136/6136
f 6122/6122 6136/6136 6147/6147
f 6136/6136 6113/6113 6121/6121
f 6147/6147 6136/6136 6152/6152
f 6147/6147 6152/6152 6159/6159
f 6136/6136 6121/6121 6155/6155
f 6136/6136 6155/6155 6152/6152
f 6159/6159 6152/6152 6162/6162
f 6162/6162 6152/6152 6155/6155
f 6159/6159 6162/6162 6166/6166
f 6166/6166 6162/6162 6160/6160
f 6160/6160 6162/6162 6155/6155
f 6166/6166 6160/6160 6170/6170
f 6170/6170 6160/6160 6168/6168
f 6168/6168 6160/6160 6161/6161
f 6168/6168 6161/6161 6164/6164
f 6160/6160 6155/6155 6156/6156
f 6160/6160 6156/6156 6161/6161
f 6164/6164 6161/6161 6149/6149
f 6149/6149 6161/6161 6156/6156
f 6164/6164 6149/6149 6154/6154
f 6154/6154 6149/6149 6142/6142
f 6156/6156 6155/6155 6134/6134
f 6156/6156 6134/6134 6149/6149
f 6134/6134 6155/6155 6121/6121
f 6142/6142 6149/6149 6135/6135
f 6135/6135 6149/6149 6134/6134
f 6142/6142 6135/6135 6127/6127
f 6134/6134 6121/6121 6081/6081
f 6127/6127 6135/6135 6106/6106
f 6106/6106 6135/6135 6134/6134
f 6106/6106 6134/6134 6081/6081
f 6127/6127 6106/6106 6091/6091
f 6091/6091 6106/6106 6081/6081
f 6081/6081 6121/6121 6087/6087
f 6091/6091 6081/6081 6037/6037
f 6081/6081 6087/6087 6061/6061
f 6081/6081 6061/6061 6037/6037
f 6061/6061 6087/6087 6058/6058
f 6037/6037 6061/6061 6028/6028
f 6061/6061 6058/6058 6038/6038
f 6061/6061 6038/6038 6028/6028
f 5744/5744 5751/5751 5793/5793
f 5744/5744 5793/5793 5788/5788
f 5744/5744 5788/5788 5759/5759
f 5744/5744 5759/5759 5741/5741
f 5744/5744 5741/5741 5729/5729
f 5729/5729 5741/5741 5695/5695
f 5695/5695 5741/5741 5683/5683
f 5695/5695 5683/5683 5666/5666
f 5729/5729 5695/5695 5726/5726
f 5729/5729 5726/5726 5744/5744
f 5744/5744 5726/5726 5751/5751
f 5751/5751 5726/5726 5692/5692
f 5692/5692 5726/5726 5608/5608
f 5714/5714 5793/5793 5751/5751
f 5793/5793 5714/5714 5821/5821
f 5821/5821 5714/5714 5733/5733
f 5733/5733 5714/5714 5624/5624
f 5714/5714 5751/5751 5646/5646
f 5646/5646 5751/5751 5692/5692
f 5714/5714 5646/5646 5607/5607
f 5607/5607 5646/5646 5558/5558
f 5558/5558 5646/5646 5530/5530
f 5588/5588 5692/5692 5608/5608
f 5692/5692 5588/5588 5646/5646
f 5588/5588 5608/5608 5500/5500
f 5530/5530 5646/5646 5569/5569
f 5569/5569 5646/5646 5588/5588
f 5588/5588 5500/5500 5521/5521
f 5588/5588 5521/5521 5569/5569
f 5521/5521 5500/5500 5412/5412
f 5521/5521 5412/5412 5393/5393
f 5569/5569 5521/5521 5467/5467
f 5569/5569 5467/5467 5530/5530
f 5467/5467 5521/5521 5393/5393
f 5530/5530 5467/5467 5363/5363
f 5363/5363 5467/5467 5393/5393
f 5363/5363 5393/5393 5328/5328
f 5820/5820 5706/5706 5812/5812
f 5706/5706 5820/5820 5732/5732
f 5812/5812 5706/5706 5724/5724
f 5812/5812 5724/5724 5750/5750
f 5812/5812 5750/5750 5754/5754
f 5820/5820 5812/5812 5828/5828
f 5828/5828 5812/5812 5754/5754
f 5820/5820 5828/5828 5792/5792
f 5792/5792 5828/5828 5815/5815
f 5792/5792 5815/5815 5787/5787
f 5828/5828 5754/5754 5800/5800
f 5828/5828 5800/5800 5832/5832
f 5828/5828 5832/5832 5815/5815
f 5800/5800 5754/5754 5786/5786
f 5787/5787 5815/5815 5782/5782
f 5787/5787 5782/5782 5758/5758
f 5786/5786 5754/5754 5735/5735
f 5758/5758 5782/5782 5778/5778
f 5800/5800 5786/5786 5824/5824
f 5800/5800 5824/5824 5832/5832
f 5841/5841 5815/5815 5832/5832
f 5841/5841 5832/5832 5824/5824
f 5807/5807 5782/5782 5815/5815
f 5807/5807 5815/5815 5841/5841
f 5803/5803 5778/5778 5782/5782
f 5782/5782 5807/5807 5810/5810
f 5782/5782 5810/5810 5803/5803
f 5778/5778 5803/5803 5781/5781
f 5778/5778 5781/5781 5771/5771
f 5771/5771 5781/5781 5767/5767
f 5807/5807 5841/5841 5834/5834
f 5807/5807 5834/5834 5810/5810
f 5767/5767 5781/5781 5791/5791
f 5781/5781 5803/5803 5796/5796
f 5781/5781 5796/5796 5791/5791
f 5767/5767 5791/5791 5880/5880
f 5819/5819 5803/5803 5810/5810
f 5803/5803 5819/5819 5796/5796
f 5810/5810 5834/5834 5835/5835
f 5810/5810 5835/5835 5819/5819
f 5791/5791 5796/5796 5801/5801
f 5880/5880 5791/5791 5867/5867
f 5867/5867 5791/5791 5801/5801
f 5801/5801 5796/5796 5822/5822
f 5801/5801 5822/5822 5867/5867
f 5811/5811 5796/5796 5819/5819
f 5796/5796 5811/5811 5822/5822
f 5867/5867 5822/5822 5868/5868
f 5868/5868 5822/5822 5811/5811
f 5890/5890 5885/5885 5880/5880
f 5890/5890 5880/5880 5889/5889
f 5889/5889 5880/5880 5867/5867
f 5890/5890 5889/5889 5862/5862
f 5889/5889 5867/5867 5882/5882
f 5882/5882 5867/5867 5868/5868
f 5862/5862 5889/5889 5854/5854
f 5854/5854 5889/5889 5882/5882
f 5862/5862 5854/5854 5817/5817
f 5862/5862 5817/5817 5825/5825
f 5817/5817 5854/5854 5799/5799
f 5854/5854 5882/5882 5855/5855
f 5855/5855 5882/5882 5868/5868
f 5854/5854 5855/5855 5799/5799
f 5817/5817 5799/5799 5709/5709
f 5709/5709 5799/5799 5725/5725
f 5709/5709 5725/5725 5663/5663
f 5799/5799 5855/5855 5848/5848
f 5663/5663 5725/5725 5702/5702
f 5725/5725 5799/5799 5798/5798
f 5798/5798 5799/5799 5848/5848
f 5725/5725 5798/5798 5702/5702
f 5663/5663 5702/5702 5619/5619
f 5850/5850 5855/5855 5868/5868
f 5855/5855 5850/5850 5848/5848
f 5850/5850 5868/5868 5777/5777
f 5777/5777 5868/5868 5811/5811
f 5848/5848 5850/5850 5790/5790
f 5790/5790 5850/5850 5777/5777
f 5619/5619 5702/5702 5653/5653
f 5619/5619 5653/5653 5563/5563
f 5619/5619 5563/5563 5450/5450
f 5653/5653 5702/5702 5691/5691
f 5691/5691 5702/5702 5798/5798
f 5450/5450 5563/5563 5422/5422
f 5563/5563 5653/5653 5570/5570
f 5570/5570 5653/5653 5691/5691
f 5422/5422 5563/5563 5513/5513
f 5513/5513 5563/5563 5570/5570
f 5833/5833 5798/5798 5848/5848
f 5798/5798 5833/5833 5691/5691
f 5833/5833 5848/5848 5813/5813
f 5813/5813 5848/5848 5790/5790
f 5691/5691 5833/5833 5766/5766
f 5766/5766 5833/5833 5813/5813
f 5691/5691 5766/5766 5715/5715
f 5766/5766 5813/5813 5650/5650
f 5766/5766 5650/5650 5715/5715
f 5691/5691 5715/5715 5654/5654
f 5691/5691 5654/5654 5570/5570
f 5813/5813 5790/5790 5712/5712
f 5813/5813 5712/5712 5650/5650
f 5715/5715 5650/5650 5673/5673
f 5715/5715 5673/5673 5654/5654
f 5673/5673 5650/5650 5537/5537
f 5654/5654 5673/5673 5487/5487
f 5487/5487 5673/5673 5537/5537
f 5650/5650 5712/5712 5652/5652
f 5650/5650 5652/5652 5537/5537
f 5681/5681 5712/5712 5790/5790
f 5712/5712 5681/5681 5652/5652
f 5681/5681 5790/5790 5717/5717
f 5717/5717 5790/5790 5777/5777
f 5717/5717 5777/5777 5721/5721
f 5717/5717 5721/5721 5681/5681
f 5721/5721 5777/5777 5811/5811
f 5652/5652 5681/5681 5630/5630
f 5630/5630 5681/5681 5721/5721
f 5652/5652 5630/5630 5537/5537
f 5721/5721 5811/5811 5765/5765
f 5765/5765 5811/5811 5819/5819
f 5630/5630 5721/5721 5658/5658
f 5658/5658 5721/5721 5765/5765
f 5537/5537 5630/5630 5556/5556
f 5556/5556 5630/5630 5658/5658
f 5765/5765 5819/5819 5736/5736
f 5765/5765 5736/5736 5658/5658
f 5736/5736 5819/5819 5835/5835
f 5658/5658 5736/5736 5644/5644
f 5658/5658 5644/5644 5516/5516
f 5658/5658 5516/5516 5556/5556
f 5644/5644 5736/5736 5708/5708
f 5708/5708 5736/5736 5835/5835
f 5644/5644 5708/5708 5627/5627
f 5644/5644 5627/5627 5516/5516
f 5708/5708 5835/5835 5774/5774
f 5708/5708 5774/5774 5627/5627
f 5774/5774 5835/5835 5846/5846
f 5846/5846 5835/5835 5834/5834
f 5774/5774 5846/5846 5805/5805
f 5774/5774 5805/5805 5627/5627
f 5846/5846 5834/5834 5845/5845
f 5845/5845 5834/5834 5841/5841
f 5805/5805 5846/5846 5806/5806
f 5806/5806 5846/5846 5845/5845
f 5845/5845 5841/5841 5829/5829
f 5829/5829 5841/5841 5824/5824
f 5806/5806 5845/5845 5814/5814
f 5814/5814 5845/5845 5829/5829
f 5829/5829 5824/5824 5797/5797
f 5829/5829 5797/5797 5814/5814
f 5797/5797 5824/5824 5786/5786
f 5685/5685 5805/5805 5806/5806
f 5797/5797 5786/5786 5746/5746
f 5746/5746 5786/5786 5735/5735
f 5814/5814 5797/5797 5755/5755
f 5755/5755 5797/5797 5746/5746
f 5780/5780 5806/5806 5814/5814
f 5780/5780 5814/5814 5755/5755
f 5806/5806 5780/5780 5685/5685
f 5746/5746 5735/5735 5697/5697
f 5697/5697 5735/5735 5699/5699
f 5697/5697 5699/5699 5615/5615
f 5746/5746 5697/5697 5701/5701
f 5746/5746 5701/5701 5755/5755
f 5697/5697 5615/5615 5573/5573
f 5573/5573 5615/5615 5483/5483
f 5573/5573 5483/5483 5390/5390
f 5697/5697 5573/5573 5655/5655
f 5697/5697 5655/5655 5701/5701
f 5573/5573 5390/5390 5552/5552
f 5573/5573 5552/5552 5655/5655
f 5552/5552 5390/5390 5495/5495
f 5495/5495 5390/5390 5350/5350
f 5655/5655 5552/5552 5632/5632
f 5632/5632 5552/5552 5495/5495
f 5655/5655 5632/5632 5701/5701
f 5495/5495 5350/5350 5414/5414
f 5414/5414 5350/5350 5292/5292
f 5495/5495 5414/5414 5526/5526
f 5495/5495 5526/5526 5632/5632
f 5526/5526 5414/5414 5292/5292
f 5701/5701 5632/5632 5649/5649
f 5649/5649 5632/5632 5526/5526
f 5526/5526 5292/5292 5392/5392
f 5526/5526 5392/5392 5649/5649
f 5392/5392 5292/5292 5218/5218
f 5701/5701 5649/5649 5662/5662
f 5649/5649 5392/5392 5567/5567
f 5649/5649 5567/5567 5662/5662
f 5392/5392 5218/5218 5302/5302
f 5302/5302 5218/5218 5133/5133
f 5567/5567 5392/5392 5469/5469
f 5469/5469 5392/5392 5302/5302
f 5701/5701 5662/5662 5722/5722
f 5701/5701 5722/5722 5755/5755
f 5755/5755 5722/5722 5780/5780
f 5722/5722 5662/5662 5597/5597
f 5597/5597 5662/5662 5567/5567
f 5780/5780 5722/5722 5680/5680
f 5680/5680 5722/5722 5597/5597
f 5780/5780 5680/5680 5685/5685
f 5597/5597 5567/5567 5527/5527
f 5527/5527 5567/5567 5469/5469
f 5680/5680 5597/5597 5596/5596
f 5680/5680 5596/5596 5685/5685
f 5596/5596 5597/5597 5527/5527
f 5685/5685 5596/5596 5522/5522
f 5527/5527 5469/5469 5347/5347
f 5347/5347 5469/5469 5302/5302
f 5596/5596 5527/5527 5438/5438
f 5438/5438 5527/5527 5347/5347
f 5596/5596 5438/5438 5522/5522
f 5347/5347 5302/5302 5211/5211
f 5211/5211 5302/5302 5133/5133
f 5438/5438 5347/5347 5312/5312
f 5312/5312 5347/5347 5211/5211
f 5438/5438 5312/5312 5371/5371
f 5438/5438 5371/5371 5522/5522
f 5211/5211 5133/5133 5143/5143
f 5143/5143 5133/5133 5083/5083
f 5312/5312 5211/5211 5216/5216
f 5216/5216 5211/5211 5143/5143
f 5371/5371 5312/5312 5310/5310
f 5310/5310 5312/5312 5216/5216
f 5522/5522 5371/5371 5344/5344
f 5344/5344 5371/5371 5310/5310
f 5143/5143 5083/5083 5130/5130
f 5143/5143 5130/5130 5216/5216
f 5310/5310 5216/5216 5210/5210
f 5310/5310 5210/5210 5344/5344
f 5210/5210 5216/5216 5130/5130
f 5059/5059 4978/4978 5083/5083
f 5083/5083 4978/4978 4985/4985
f 5083/5083 4985/4985 5130/5130
f 4985/4985 4978/4978 4856/4856
f 4856/4856 4978/4978 4815/4815
f 5130/5130 4985/4985 5036/5036
f 4985/4985 4856/4856 4889/4889
f 4985/4985 4889/4889 5036/5036
f 4889/4889 4856/4856 4691/4691
f 4691/4691 4856/4856 4758/4758
f 4691/4691 4758/4758 4569/4569
f 4889/4889 4691/4691 4722/4722
f 5130/5130 5036/5036 5153/5153
f 5130/5130 5153/5153 5210/5210
f 5036/5036 4889/4889 4938/4938
f 4938/4938 4889/4889 4722/4722
f 5036/5036 4938/4938 5051/5051
f 5036/5036 5051/5051 5153/5153
f 4938/4938 4722/4722 4878/4878
f 4938/4938 4878/4878 5051/5051
f 4878/4878 4722/4722 4788/4788
f 4878/4878 4788/4788 4860/4860
f 5051/5051 4878/4878 4990/4990
f 5051/5051 4990/4990 5153/5153
f 4878/4878 4860/4860 4926/4926
f 4878/4878 4926/4926 4990/4990
f 5153/5153 4990/4990 5075/5075
f 5075/5075 4990/4990 4926/4926
f 4926/4926 4860/4860 4927/4927
f 4927/4927 4860/4860 4806/4806
f 4926/4926 4927/4927 5044/5044
f 4926/4926 5044/5044 5075/5075
f 4998/4998 4927/4927 4821/4821
f 4927/4927 4998/4998 5044/5044
f 5179/5179 5153/5153 5075/5075
f 5179/5179 5075/5075 5204/5204
f 5153/5153 5179/5179 5311/5311
f 5153/5153 5311/5311 5210/5210
f 5179/5179 5204/5204 5323/5323
f 5179/5179 5323/5323 5311/5311
f 5204/5204 5075/5075 5237/5237
f 5237/5237 5075/5075 5044/5044
f 5204/5204 5237/5237 5323/5323
f 5210/5210 5311/5311 5364/5364
f 5210/5210 5364/5364 5344/5344
f 5311/5311 5323/5323 5382/5382
f 5311/5311 5382/5382 5364/5364
f 5344/5344 5364/5364 5473/5473
f 5344/5344 5473/5473 5522/5522
f 5364/5364 5382/5382 5455/5455
f 5364/5364 5455/5455 5473/5473
f 5522/5522 5473/5473 5577/5577
f 5577/5577 5473/5473 5455/5455
f 5522/5522 5577/5577 5685/5685
f 5685/5685 5577/5577 5805/5805
f 5805/5805 5577/5577 5627/5627
f 5627/5627 5577/5577 5455/5455
f 5627/5627 5455/5455 5460/5460
f 5460/5460 5455/5455 5382/5382
f 5627/5627 5460/5460 5516/5516
f 5460/5460 5382/5382 5428/5428
f 5460/5460 5428/5428 5516/5516
f 5428/5428 5382/5382 5323/5323
f 5516/5516 5428/5428 5417/5417
f 5516/5516 5417/5417 5556/5556
f 5428/5428 5323/5323 5298/5298
f 5298/5298 5323/5323 5237/5237
f 5417/5417 5428/5428 5331/5331
f 5331/5331 5428/5428 5298/5298
f 5556/5556 5417/5417 5357/5357
f 5357/5357 5417/5417 5331/5331
f 5556/5556 5357/5357 5381/5381
f 5556/5556 5381/5381 5537/5537
f 5537/5537 5381/5381 5487/5487
f 5298/5298 5237/5237 5258/5258
f 5258/5258 5237/5237 5044/5044
f 5331/5331 5298/5298 5245/5245
f 5245/5245 5298/5298 5258/5258
f 5258/5258 5044/5044 5174/5174
f 5258/5258 5174/5174 5245/5245
f 5174/5174 5044/5044 4998/4998
f 5331/5331 5245/5245 5272/5272
f 5331/5331 5272/5272 5357/5357
f 5174/5174 4998/4998 5107/5107
f 5174/5174 5107/5107 5245/5245
f 5107/5107 4998/4998 4880/4880
f 5272/5272 5245/5245 5223/5223
f 5223/5223 5245/5245 5107/5107
f 5357/5357 5272/5272 5285/5285
f 5285/5285 5272/5272 5223/5223
f 5357/5357 5285/5285 5381/5381
f 5223/5223 5107/5107 5076/5076
f 5076/5076 5107/5107 4864/4864
f 5223/5223 5076/5076 5196/5196
f 5223/5223 5196/5196 5285/5285
f 5196/5196 5076/5076 5165/5165
f 5165/5165 5076/5076 5125/5125
f 5125/5125 5076/5076 4929/4929
f 5125/5125 4929/4929 5097/5097
f 5165/5165 5125/5125 5156/5156
f 5125/5125 5097/5097 5152/5152
f 5125/5125 5152/5152 5156/5156
f 5196/5196 5165/5165 5184/5184
f 5184/5184 5165/5165 5156/5156
f 5196/5196 5184/5184 5238/5238
f 5196/5196 5238/5238 5285/5285
f 5184/5184 5156/5156 5173/5173
f 5184/5184 5173/5173 5238/5238
f 5173/5173 5156/5156 5152/5152
f 5138/5138 5152/5152 5097/5097
f 5138/5138 5097/5097 5066/5066
f 5138/5138 5066/5066 5049/5049
f 5138/5138 5049/5049 5160/5160
f 5160/5160 5049/5049 5105/5105
f 5152/5152 5138/5138 5180/5180
f 5173/5173 5152/5152 5225/5225
f 5225/5225 5152/5152 5180/5180
f 5180/5180 5138/5138 5201/5201
f 5201/5201 5138/5138 5160/5160
f 5225/5225 5180/5180 5271/5271
f 5271/5271 5180/5180 5201/5201
f 5173/5173 5225/5225 5252/5252
f 5173/5173 5252/5252 5238/5238
f 5225/5225 5271/5271 5372/5372
f 5225/5225 5372/5372 5252/5252
f 5271/5271 5201/5201 5274/5274
f 5274/5274 5201/5201 5160/5160
f 5271/5271 5274/5274 5372/5372
f 5238/5238 5252/5252 5286/5286
f 5238/5238 5286/5286 5285/5285
f 5252/5252 5372/5372 5320/5320
f 5252/5252 5320/5320 5286/5286
f 5285/5285 5286/5286 5348/5348
f 5348/5348 5286/5286 5320/5320
f 5285/5285 5348/5348 5420/5420
f 5285/5285 5420/5420 5381/5381
f 5381/5381 5420/5420 5487/5487
f 5420/5420 5348/5348 5503/5503
f 5503/5503 5348/5348 5320/5320
f 5487/5487 5420/5420 5592/5592
f 5592/5592 5420/5420 5503/5503
f 5487/5487 5592/5592 5654/5654
f 5654/5654 5592/5592 5589/5589
f 5589/5589 5592/5592 5503/5503
f 5654/5654 5589/5589 5570/5570
f 5503/5503 5320/5320 5462/5462
f 5462/5462 5320/5320 5372/5372
f 5589/5589 5503/5503 5534/5534
f 5534/5534 5503/5503 5462/5462
f 5589/5589 5534/5534 5570/5570
f 5462/5462 5372/5372 5472/5472
f 5462/5462 5472/5472 5534/5534
f 5534/5534 5472/5472 5570/5570
f 5570/5570 5472/5472 5513/5513
f 5472/5472 5372/5372 5274/5274
f 5513/5513 5472/5472 5409/5409
f 5409/5409 5472/5472 5274/5274
f 5513/5513 5409/5409 5422/5422
f 5409/5409 5274/5274 5309/5309
f 5422/5422 5409/5409 5378/5378
f 5378/5378 5409/5409 5309/5309
f 5422/5422 5378/5378 5418/5418
f 5418/5418 5378/5378 5260/5260
f 5260/5260 5378/5378 5309/5309
f 5260/5260 5309/5309 5163/5163
f 5309/5309 5274/5274 5198/5198
f 5198/5198 5274/5274 5160/5160
f 5198/5198 5160/5160 5105/5105
f 5309/5309 5198/5198 5176/5176
f 5176/5176 5198/5198 5105/5105
f 5309/5309 5176/5176 5163/5163
f 5176/5176 5105/5105 5060/5060
f 5176/5176 5060/5060 5122/5122
f 5176/5176 5122/5122 5163/5163
f 5122/5122 5060/5060 5070/5070
f 5122/5122 5070/5070 5163/5163
f 5163/5163 5070/5070 5087/5087
f 2496/2496 2556/2556 2490/2490
f 2556/2556 2496/2496 2577/2577
f 2577/2577 2496/2496 2547/2547
f 2547/2547 2496/2496 2462/2462
f 2556/2556 2577/2577 2592/2592
f 2547/2547 2462/2462 2427/2427
f 2427/2427 2462/2462 2376/2376
f 2427/2427 2376/2376 2394/2394
f 2547/2547 2427/2427 2454/2454
f 2454/2454 2427/2427 2394/2394
f 2577/2577 2547/2547 2603/2603
f 2454/2454 2394/2394 2389/2389
f 2389/2389 2394/2394 2321/2321
f 2389/2389 2321/2321 2300/2300
f 2547/2547 2454/2454 2528/2528
f 2547/2547 2528/2528 2603/2603
f 2389/2389 2300/2300 2339/2339
f 2577/2577 2603/2603 2666/2666
f 2339/2339 2300/2300 2266/2266
f 2577/2577 2666/2666 2592/2592
f 2438/2438 2454/2454 2389/2389
f 2528/2528 2454/2454 2509/2509
f 2509/2509 2454/2454 2438/2438
f 2438/2438 2389/2389 2390/2390
f 2390/2390 2389/2389 2339/2339
f 2509/2509 2438/2438 2453/2453
f 2453/2453 2438/2438 2390/2390
f 2528/2528 2509/2509 2527/2527
f 2527/2527 2509/2509 2453/2453
f 2528/2528 2527/2527 2598/2598
f 2528/2528 2598/2598 2603/2603
f 2527/2527 2453/2453 2511/2511
f 2453/2453 2390/2390 2396/2396
f 2527/2527 2511/2511 2574/2574
f 2527/2527 2574/2574 2598/2598
f 2511/2511 2453/2453 2448/2448
f 2448/2448 2453/2453 2396/2396
f 2396/2396 2390/2390 2343/2343
f 2343/2343 2390/2390 2339/2339
f 2448/2448 2396/2396 2408/2408
f 2396/2396 2343/2343 2367/2367
f 2396/2396 2367/2367 2408/2408
f 2511/2511 2448/2448 2526/2526
f 2526/2526 2448/2448 2408/2408
f 2526/2526 2408/2408 2487/2487
f 2487/2487 2408/2408 2367/2367
f 2511/2511 2526/2526 2633/2633
f 2367/2367 2343/2343 2277/2277
f 2290/2290 2343/2343 2339/2339
f 2343/2343 2290/2290 2277/2277
f 2290/2290 2339/2339 2280/2280
f 2280/2280 2339/2339 2266/2266
f 2280/2280 2266/2266 2254/2254
f 2280/2280 2254/2254 2190/2190
f 2280/2280 2190/2190 2197/2197
f 2280/2280 2197/2197 2290/2290
f 2290/2290 2197/2197 2277/2277
f 2277/2277 2197/2197 2263/2263
f 2263/2263 2197/2197 2181/2181
f 2181/2181 2197/2197 2040/2040
f 2181/2181 2040/2040 2045/2045
f 2263/2263 2181/2181 2217/2217
f 2181/2181 2045/2045 2084/2084
f 2181/2181 2084/2084 2217/2217
f 2277/2277 2263/2263 2276/2276
f 2276/2276 2263/2263 2217/2217
f 2277/2277 2276/2276 2313/2313
f 2277/2277 2313/2313 2367/2367
f 2276/2276 2217/2217 2284/2284
f 2276/2276 2284/2284 2313/2313
f 2367/2367 2313/2313 2397/2397
f 2367/2367 2397/2397 2487/2487
f 2313/2313 2284/2284 2378/2378
f 2313/2313 2378/2378 2397/2397
f 2284/2284 2217/2217 2269/2269
f 2284/2284 2269/2269 2378/2378
f 2269/2269 2217/2217 2236/2236
f 2236/2236 2217/2217 2084/2084
f 2378/2378 2269/2269 2353/2353
f 2353/2353 2269/2269 2236/2236
f 2397/2397 2378/2378 2488/2488
f 2397/2397 2488/2488 2487/2487
f 2488/2488 2378/2378 2455/2455
f 2455/2455 2378/2378 2353/2353
f 2487/2487 2488/2488 2571/2571
f 2488/2488 2455/2455 2560/2560
f 2488/2488 2560/2560 2571/2571
f 2487/2487 2571/2571 2618/2618
f 2487/2487 2618/2618 2526/2526
f 2526/2526 2618/2618 2633/2633
f 2618/2618 2571/2571 2640/2640
f 2640/2640 2571/2571 2560/2560
f 2633/2633 2618/2618 2723/2723
f 2723/2723 2618/2618 2640/2640
f 2640/2640 2560/2560 2685/2685
f 2723/2723 2640/2640 2738/2738
f 2738/2738 2640/2640 2685/2685
f 2633/2633 2723/2723 2752/2752
f 2738/2738 2685/2685 2800/2800
f 2723/2723 2738/2738 2827/2827
f 2723/2723 2827/2827 2752/2752
f 2827/2827 2738/2738 2842/2842
f 2842/2842 2738/2738 2800/2800
f 2633/2633 2752/2752 2622/2622
f 2633/2633 2622/2622 2511/2511
f 2511/2511 2622/2622 2574/2574
f 2622/2622 2752/2752 2696/2696
f 2574/2574 2622/2622 2625/2625
f 2625/2625 2622/2622 2696/2696
f 2574/2574 2625/2625 2598/2598
f 2598/2598 2625/2625 2719/2719
f 2870/2870 2752/2752 2827/2827
f 2752/2752 2870/2870 2696/2696
f 2625/2625 2696/2696 2657/2657
f 2625/2625 2657/2657 2719/2719
f 2657/2657 2696/2696 2753/2753
f 2719/2719 2657/2657 2717/2717
f 2717/2717 2657/2657 2753/2753
f 2753/2753 2696/2696 2830/2830
f 2830/2830 2696/2696 2870/2870
f 2717/2717 2753/2753 2782/2782
f 2717/2717 2782/2782 2719/2719
f 2753/2753 2830/2830 2914/2914
f 2914/2914 2830/2830 2870/2870
f 2782/2782 2753/2753 2867/2867
f 2867/2867 2753/2753 2914/2914
f 2719/2719 2782/2782 2822/2822
f 2782/2782 2867/2867 2825/2825
f 2782/2782 2825/2825 2822/2822
f 2867/2867 2914/2914 2965/2965
f 2825/2825 2867/2867 2994/2994
f 2994/2994 2867/2867 2965/2965
f 2965/2965 2914/2914 2995/2995
f 2934/2934 2914/2914 2870/2870
f 2914/2914 2934/2934 2995/2995
f 2965/2965 2995/2995 3055/3055
f 2965/2965 3055/3055 2994/2994
f 2995/2995 2934/2934 3059/3059
f 2995/2995 3059/3059 3055/3055
f 2934/2934 2870/2870 2990/2990
f 2934/2934 2990/2990 3059/3059
f 3055/3055 3059/3059 3110/3110
f 2990/2990 2870/2870 2900/2900
f 2900/2900 2870/2870 2827/2827
f 2900/2900 2827/2827 2842/2842
f 3059/3059 2990/2990 3098/3098
f 3059/3059 3098/3098 3110/3110
f 2990/2990 2900/2900 2984/2984
f 3098/3098 2990/2990 3049/3049
f 3049/3049 2990/2990 2984/2984
f 2984/2984 2900/2900 2920/2920
f 2920/2920 2900/2900 2842/2842
f 3049/3049 2984/2984 3056/3056
f 3049/3049 3056/3056 3098/3098
f 2920/2920 2842/2842 2868/2868
f 2868/2868 2842/2842 2800/2800
f 2984/2984 2920/2920 2961/2961
f 2984/2984 2961/2961 3056/3056
f 2920/2920 2868/2868 2888/2888
f 2920/2920 2888/2888 2961/2961
f 2888/2888 2868/2868 2800/2800
f 3056/3056 2961/2961 2991/2991
f 2961/2961 2888/2888 2913/2913
f 2961/2961 2913/2913 2991/2991
f 2888/2888 2800/2800 2820/2820
f 2888/2888 2820/2820 2913/2913
f 2820/2820 2800/2800 2710/2710
f 2710/2710 2800/2800 2685/2685
f 2913/2913 2820/2820 2839/2839
f 2820/2820 2710/2710 2677/2677
f 2820/2820 2677/2677 2839/2839
f 2710/2710 2685/2685 2619/2619
f 2619/2619 2685/2685 2560/2560
f 2913/2913 2839/2839 2951/2951
f 2913/2913 2951/2951 2991/2991
f 2710/2710 2619/2619 2647/2647
f 2710/2710 2647/2647 2677/2677
f 2619/2619 2560/2560 2531/2531
f 2531/2531 2560/2560 2455/2455
f 2647/2647 2619/2619 2521/2521
f 2521/2521 2619/2619 2531/2531
f 2531/2531 2455/2455 2442/2442
f 2531/2531 2442/2442 2521/2521
f 2442/2442 2455/2455 2353/2353
f 2647/2647 2521/2521 2534/2534
f 2521/2521 2442/2442 2472/2472
f 2521/2521 2472/2472 2534/2534
f 2472/2472 2442/2442 2403/2403
f 2403/2403 2442/2442 2353/2353
f 2534/2534 2472/2472 2470/2470
f 2470/2470 2472/2472 2403/2403
f 2647/2647 2534/2534 2593/2593
f 2647/2647 2593/2593 2677/2677
f 2593/2593 2534/2534 2546/2546
f 2546/2546 2534/2534 2470/2470
f 2677/2677 2593/2593 2597/2597
f 2597/2597 2593/2593 2546/2546
f 2546/2546 2470/2470 2499/2499
f 2546/2546 2499/2499 2597/2597
f 2597/2597 2499/2499 2565/2565
f 2499/2499 2470/2470 2459/2459
f 2499/2499 2459/2459 2432/2432
f 2459/2459 2470/2470 2372/2372
f 2372/2372 2470/2470 2403/2403
f 2459/2459 2372/2372 2341/2341
f 2597/2597 2565/2565 2694/2694
f 2372/2372 2403/2403 2317/2317
f 2372/2372 2317/2317 2262/2262
f 2317/2317 2403/2403 2353/2353
f 2262/2262 2317/2317 2257/2257
f 2257/2257 2317/2317 2353/2353
f 2262/2262 2257/2257 2193/2193
f 2257/2257 2353/2353 2236/2236
f 2257/2257 2236/2236 2193/2193
f 2193/2193 2236/2236 2157/2157
f 2193/2193 2157/2157 2137/2137
f 2157/2157 2236/2236 2084/2084
f 2157/2157 2084/2084 2002/2002
f 2157/2157 2002/2002 1930/1930
f 1930/1930 2002/2002 1880/1880
f 2002/2002 2084/2084 1977/1977
f 2002/2002 1977/1977 1880/1880
f 1977/1977 2084/2084 2045/2045
f 1977/1977 2045/2045 1945/1945
f 1977/1977 1945/1945 1842/1842
f 1977/1977 1842/1842 1880/1880
f 1880/1880 1842/1842 1701/1701
f 2585/2585 2517/2517 2634/2634
f 2517/2517 2585/2585 2553/2553
f 2553/2553 2585/2585 2707/2707
f 2707/2707 2585/2585 2634/2634
f 2634/2634 2517/2517 2556/2556
f 2707/2707 2634/2634 2792/2792
f 2634/2634 2556/2556 2592/2592
f 2792/2792 2634/2634 2737/2737
f 2737/2737 2634/2634 2592/2592
f 2792/2792 2737/2737 2816/2816
f 2737/2737 2592/2592 2636/2636
f 2816/2816 2737/2737 2724/2724
f 2636/2636 2592/2592 2658/2658
f 2636/2636 2658/2658 2737/2737
f 2737/2737 2658/2658 2724/2724
f 2658/2658 2592/2592 2666/2666
f 2658/2658 2666/2666 2724/2724
f 2816/2816 2724/2724 2832/2832
f 2909/2909 3011/3011 2832/2832
f 2832/2832 2724/2724 2778/2778
f 2832/2832 2778/2778 2909/2909
f 2724/2724 2666/2666 2716/2716
f 2724/2724 2716/2716 2778/2778
f 2909/2909 2778/2778 2891/2891
f 2909/2909 2891/2891 3014/3014
f 2778/2778 2716/2716 2741/2741
f 2778/2778 2741/2741 2891/2891
f 3014/3014 2891/2891 3058/3058
f 2716/2716 2666/2666 2664/2664
f 2716/2716 2664/2664 2741/2741
f 2664/2664 2666/2666 2603/2603
f 2664/2664 2603/2603 2598/2598
f 2664/2664 2598/2598 2741/2741
f 2741/2741 2598/2598 2719/2719
f 2741/2741 2719/2719 2822/2822
f 2741/2741 2822/2822 2891/2891
f 3003/3003 3058/3058 2891/2891
f 3003/3003 2891/2891 2822/2822
f 3058/3058 3003/3003 3101/3101
f 3101/3101 3003/3003 3142/3142
f 3003/3003 2822/2822 2901/2901
f 2901/2901 2822/2822 2825/2825
f 3142/3142 3003/3003 3020/3020
f 3020/3020 3003/3003 2901/2901
f 2901/2901 2825/2825 2994/2994
f 2901/2901 2994/2994 2936/2936
f 2901/2901 2936/2936 3020/3020
f 2936/2936 2994/2994 3028/3028
f 3020/3020 2936/2936 2957/2957
f 2957/2957 2936/2936 3028/3028
f 3020/3020 2957/2957 3047/3047
f 3028/3028 2994/2994 3076/3076
f 3076/3076 2994/2994 3055/3055
f 3076/3076 3055/3055 3110/3110
f 3028/3028 3076/3076 3107/3107
f 3076/3076 3110/3110 3128/3128
f 3076/3076 3128/3128 3107/3107
f 3128/3128 3110/3110 3136/3136
f 3136/3136 3110/3110 3098/3098
f 3023/3023 2957/2957 3028/3028
f 3023/3023 3028/3028 3107/3107
f 2957/2957 3023/3023 2969/2969
f 2957/2957 2969/2969 3047/3047
f 3023/3023 3107/3107 3066/3066
f 3023/3023 3066/3066 2969/2969
f 3066/3066 3107/3107 3115/3115
f 3115/3115 3107/3107 3128/3128
f 2969/2969 3066/3066 2964/2964
f 2969/2969 2964/2964 3047/3047
f 3066/3066 3115/3115 3081/3081
f 3066/3066 3081/3081 2964/2964
f 3115/3115 3128/3128 3139/3139
f 3139/3139 3128/3128 3136/3136
f 3081/3081 3115/3115 3122/3122
f 3122/3122 3115/3115 3139/3139
f 2964/2964 3081/3081 3009/3009
f 3081/3081 3122/3122 3026/3026
f 3081/3081 3026/3026 3009/3009
f 3139/3139 3136/3136 3132/3132
f 3132/3132 3136/3136 3098/3098
f 3122/3122 3139/3139 3123/3123
f 3123/3123 3139/3139 3132/3132
f 3122/3122 3123/3123 3080/3080
f 3122/3122 3080/3080 3026/3026
f 3132/3132 3098/3098 3102/3102
f 3102/3102 3098/3098 3056/3056
f 3123/3123 3132/3132 3093/3093
f 3093/3093 3132/3132 3102/3102
f 3102/3102 3056/3056 3061/3061
f 3102/3102 3061/3061 3093/3093
f 3061/3061 3056/3056 2991/2991
f 3123/3123 3093/3093 3073/3073
f 3123/3123 3073/3073 3080/3080
f 3093/3093 3061/3061 3032/3032
f 3093/3093 3032/3032 3073/3073
f 3061/3061 2991/2991 2998/2998
f 3061/3061 2998/2998 3032/3032
f 2998/2998 2991/2991 2951/2951
f 2998/2998 2951/2951 2892/2892
f 2892/2892 2951/2951 2839/2839
f 3032/3032 2998/2998 2954/2954
f 2954/2954 2998/2998 2892/2892
f 2985/2985 3073/3073 3032/3032
f 2985/2985 3032/3032 2954/2954
f 3073/3073 2985/2985 2989/2989
f 2989/2989 2985/2985 2884/2884
f 2884/2884 2985/2985 2858/2858
f 2858/2858 2985/2985 2954/2954
f 2858/2858 2954/2954 2853/2853
f 2853/2853 2954/2954 2892/2892
f 3073/3073 2989/2989 3005/3005
f 3005/3005 2989/2989 2894/2894
f 3073/3073 3005/3005 3080/3080
f 3080/3080 3005/3005 3000/3000
f 3000/3000 3005/3005 2976/2976
f 3000/3000 2976/2976 2947/2947
f 3080/3080 3000/3000 3026/3026
f 3000/3000 2947/2947 2931/2931
f 3000/3000 2931/2931 3026/3026
f 3026/3026 2931/2931 2902/2902
f 3026/3026 2902/2902 3009/3009
f 2902/2902 2931/2931 2846/2846
f 2902/2902 2846/2846 2948/2948
f 2948/2948 2846/2846 2922/2922
f 3009/3009 2902/2902 2933/2933
f 2933/2933 2902/2902 2948/2948
f 3009/3009 2933/2933 2964/2964
f 2948/2948 2922/2922 3074/3074
f 2948/2948 3074/3074 2933/2933
f 3074/3074 2922/2922 3039/3039
f 2964/2964 2933/2933 3069/3069
f 3069/3069 2933/2933 3074/3074
f 2964/2964 3069/3069 3047/3047
f 3047/3047 3069/3069 3120/3120
f 3069/3069 3074/3074 3165/3165
f 3069/3069 3165/3165 3120/3120
f 3074/3074 3039/3039 3166/3166
f 3074/3074 3166/3166 3165/3165
f 3166/3166 3039/3039 3112/3112
f 3047/3047 3120/3120 3130/3130
f 3130/3130 3120/3120 3165/3165
f 3047/3047 3130/3130 3020/3020
f 3020/3020 3130/3130 3142/3142
f 3166/3166 3112/3112 3206/3206
f 3206/3206 3112/3112 3177/3177
f 3177/3177 3112/3112 3106/3106
f 3166/3166 3206/3206 3236/3236
f 3166/3166 3236/3236 3165/3165
f 3165/3165 3236/3236 3201/3201
f 3142/3142 3130/3130 3168/3168
f 3168/3168 3130/3130 3165/3165
f 3168/3168 3165/3165 3201/3201
f 3142/3142 3168/3168 3194/3194
f 3168/3168 3201/3201 3222/3222
f 1926/1926 1694/1694 1912/1912
f 1926/1926 1912/1912 2010/2010
f 1694/1694 1926/1926 1940/1940
f 1940/1940 1926/1926 2010/2010
f 1694/1694 1940/1940 1613/1613
f 1694/1694 1613/1613 1315/1315
f 1940/1940 2010/2010 2233/2233
f 1613/1613 1940/1940 1978/1978
f 1978/1978 1940/1940 2233/2233
f 1613/1613 1978/1978 1987/1987
f 1987/1987 1978/1978 2233/2233
f 1315/1315 1613/1613 1264/1264
f 1315/1315 1264/1264 1018/1018
f 1613/1613 1987/1987 1513/1513
f 1613/1613 1513/1513 1264/1264
f 1018/1018 1264/1264 834/834
f 1018/1018 834/834 361/361
f 361/361 834/834 342/342
f 342/342 834/834 359/359
f 834/834 1264/1264 1214/1214
f 834/834 1214/1214 359/359
f 1214/1214 1264/1264 1513/1513
f 359/359 1214/1214 339/339
f 339/339 1214/1214 1117/1117
f 1117/1117 1214/1214 1513/1513
f 339/339 1117/1117 318/318
f 318/318 1117/1117 1093/1093
f 1117/1117 1513/1513 1509/1509
f 1117/1117 1509/1509 1093/1093
f 1093/1093 1509/1509 1174/1174
f 1093/1093 1174/1174 333/333
f 1174/1174 1509/1509 1622/1622
f 1622/1622 1509/1509 2064/2064
f 2064/2064 1509/1509 1513/1513
f 1622/1622 2064/2064 2042/2042
f 2042/2042 2064/2064 2154/2154
f 2064/2064 1513/1513 2005/2005
f 2005/2005 1513/1513 1987/1987
f 2154/2154 2064/2064 2256/2256
f 2154/2154 2256/2256 2278/2278
f 2278/2278 2256/2256 2331/2331
f 2278/2278 2331/2331 2446/2446
f 2256/2256 2064/2064 2216/2216
f 2216/2216 2064/2064 2005/2005
f 2331/2331 2256/2256 2443/2443
f 2331/2331 2443/2443 2446/2446
f 2443/2443 2256/2256 2216/2216
f 2446/2446 2443/2443 2529/2529
f 2216/2216 2005/2005 2285/2285
f 2285/2285 2005/2005 1987/1987
f 2216/2216 2285/2285 2443/2443
f 2285/2285 1987/1987 2233/2233
f 2443/2443 2285/2285 2444/2444
f 2529/2529 2443/2443 2587/2587
f 2587/2587 2443/2443 2444/2444
f 2444/2444 2285/2285 2515/2515
f 2444/2444 2515/2515 2587/2587
f 2285/2285 2233/2233 2306/2306
f 2285/2285 2306/2306 2515/2515
f 2306/2306 2233/2233 2293/2293
f 2293/2293 2233/2233 2010/2010
f 2515/2515 2306/2306 2473/2473
f 2473/2473 2306/2306 2293/2293
f 2587/2587 2515/2515 2631/2631
f 2631/2631 2515/2515 2473/2473
f 2731/2731 2529/2529 2587/2587
f 2731/2731 2587/2587 2631/2631
f 2529/2529 2731/2731 2758/2758
f 2758/2758 2731/2731 2848/2848
f 2848/2848 2731/2731 2927/2927
f 2848/2848 2927/2927 2958/2958
f 2958/2958 2927/2927 3029/3029
f 2665/2665 2631/2631 2473/2473
f 3029/3029 2927/2927 3048/3048
f 3029/3029 3048/3048 3150/3150
f 3150/3150 3048/3048 3137/3137
f 3048/3048 2927/2927 2907/2907
f 3137/3137 3048/3048 3031/3031
f 3031/3031 3048/3048 2907/2907
f 3137/3137 3031/3031 3053/3053
f 3053/3053 3031/3031 2968/2968
f 2968/2968 3031/3031 2907/2907
f 3053/3053 2968/2968 2980/2980
f 2907/2907 2927/2927 2806/2806
f 2806/2806 2927/2927 2731/2731
f 2704/2704 2731/2731 2631/2631
f 2731/2731 2704/2704 2806/2806
f 2704/2704 2631/2631 2665/2665
f 2806/2806 2704/2704 2767/2767
f 2806/2806 2767/2767 2907/2907
f 2767/2767 2704/2704 2665/2665
f 2907/2907 2767/2767 2856/2856
f 2907/2907 2856/2856 2968/2968
f 2767/2767 2665/2665 2739/2739
f 2767/2767 2739/2739 2856/2856
f 2968/2968 2856/2856 2860/2860
f 2968/2968 2860/2860 2980/2980
f 2856/2856 2739/2739 2775/2775
f 2856/2856 2775/2775 2860/2860
f 2739/2739 2665/2665 2695/2695
f 2775/2775 2739/2739 2720/2720
f 2720/2720 2739/2739 2695/2695
f 2775/2775 2720/2720 2757/2757
f 2775/2775 2757/2757 2777/2777
f 2775/2775 2777/2777 2860/2860
f 2757/2757 2720/2720 2773/2773
f 2777/2777 2757/2757 2799/2799
f 2799/2799 2757/2757 2773/2773
f 2773/2773 2720/2720 2691/2691
f 2691/2691 2720/2720 2695/2695
f 2773/2773 2691/2691 2736/2736
f 2691/2691 2695/2695 2600/2600
f 2691/2691 2600/2600 2736/2736
f 2501/2501 2695/2695 2665/2665
f 2501/2501 2665/2665 2473/2473
f 2501/2501 2473/2473 2293/2293
f 2695/2695 2501/2501 2558/2558
f 2695/2695 2558/2558 2600/2600
f 2501/2501 2293/2293 2379/2379
f 2558/2558 2501/2501 2518/2518
f 2518/2518 2501/2501 2379/2379
f 2558/2558 2518/2518 2566/2566
f 2558/2558 2566/2566 2600/2600
f 2518/2518 2379/2379 2437/2437
f 2379/2379 2293/2293 2251/2251
f 2251/2251 2293/2293 2010/2010
f 2251/2251 2010/2010 2065/2065
f 2251/2251 2065/2065 2218/2218
f 2251/2251 2218/2218 2297/2297
f 2379/2379 2251/2251 2334/2334
f 2334/2334 2251/2251 2297/2297
f 2379/2379 2334/2334 2437/2437
f 2334/2334 2297/2297 2373/2373
f 2334/2334 2373/2373 2437/2437
f 2360/2360 2423/2423 2297/2297
f 2297/2297 2423/2423 2494/2494
f 2297/2297 2494/2494 2373/2373
f 2494/2494 2423/2423 2465/2465
f 2494/2494 2465/2465 2579/2579
f 2579/2579 2465/2465 2681/2681
f 2373/2373 2494/2494 2532/2532
f 2532/2532 2494/2494 2579/2579
f 2373/2373 2532/2532 2428/2428
f 2373/2373 2428/2428 2437/2437
f 2532/2532 2579/2579 2582/2582
f 2532/2532 2582/2582 2428/2428
f 2582/2582 2579/2579 2690/2690
f 2437/2437 2428/2428 2480/2480
f 2582/2582 2690/2690 2671/2671
f 2671/2671 2690/2690 2755/2755
f 2428/2428 2582/2582 2508/2508
f 2428/2428 2508/2508 2480/2480
f 2437/2437 2480/2480 2542/2542
f 2542/2542 2480/2480 2508/2508
f 2437/2437 2542/2542 2518/2518
f 2508/2508 2582/2582 2563/2563
f 2508/2508 2563/2563 2542/2542
f 2563/2563 2582/2582 2671/2671
f 2518/2518 2542/2542 2566/2566
f 2566/2566 2542/2542 2563/2563
f 2563/2563 2671/2671 2626/2626
f 2563/2563 2626/2626 2566/2566
f 2626/2626 2671/2671 2733/2733
f 2566/2566 2626/2626 2641/2641
f 2641/2641 2626/2626 2733/2733
f 2566/2566 2641/2641 2600/2600
f 2641/2641 2733/2733 2772/2772
f 2600/2600 2641/2641 2736/2736
f 2641/2641 2772/2772 2735/2735
f 2641/2641 2735/2735 2736/2736
f 2735/2735 2772/2772 2829/2829
f 2735/2735 2829/2829 2787/2787
f 2735/2735 2787/2787 2736/2736
f 2787/2787 2829/2829 2881/2881
f 2736/2736 2787/2787 2810/2810
f 2736/2736 2810/2810 2773/2773
f 2773/2773 2810/2810 2799/2799
f 2799/2799 2810/2810 2941/2941
f 2941/2941 2810/2810 2896/2896
f 2941/2941 2896/2896 2970/2970
f 2941/2941 2970/2970 3036/3036
f 2799/2799 2941/2941 2952/2952
f 2941/2941 3036/3036 3035/3035
f 2941/2941 3035/3035 2952/2952
f 3035/3035 3036/3036 3161/3161
f 2799/2799 2952/2952 2960/2960
f 2960/2960 2952/2952 3035/3035
f 3035/3035 3161/3161 3117/3117
f 3035/3035 3117/3117 2960/2960
f 3117/3117 3161/3161 3272/3272
f 3272/3272 3161/3161 3328/3328
f 2799/2799 2960/2960 2808/2808
f 2799/2799 2808/2808 2777/2777
f 2960/2960 3117/3117 3027/3027
f 2777/2777 2808/2808 2812/2812
f 2777/2777 2812/2812 2860/2860
f 2808/2808 2960/2960 2898/2898
f 2898/2898 2960/2960 3027/3027
f 2812/2812 2808/2808 2872/2872
f 2872/2872 2808/2808 2898/2898
f 2812/2812 2872/2872 2874/2874
f 2812/2812 2874/2874 2860/2860
f 2872/2872 2898/2898 2912/2912
f 2912/2912 2898/2898 3034/3034
f 3034/3034 2898/2898 3027/3027
f 3034/3034 3027/3027 3144/3144
f 3144/3144 3027/3027 3117/3117
f 2860/2860 2874/2874 2935/2935
f 2860/2860 2935/2935 2980/2980
f 2935/2935 2874/2874 2918/2918
f 2980/2980 2935/2935 3021/3021
f 3021/3021 2935/2935 2918/2918
f 3144/3144 3117/3117 3214/3214
f 3144/3144 3214/3214 3218/3218
f 3214/3214 3117/3117 3272/3272
f 3218/3218 3214/3214 3269/3269
f 3218/3218 3269/3269 3311/3311
f 3214/3214 3272/3272 3309/3309
f 3214/3214 3309/3309 3269/3269
f 3311/3311 3269/3269 3323/3323
f 3323/3323 3269/3269 3309/3309
f 3311/3311 3323/3323 3345/3345
f 3345/3345 3323/3323 3351/3351
f 3351/3351 3323/3323 3309/3309
f 3345/3345 3351/3351 3359/3359
f 3352/3352 3309/3309 3272/3272
f 3359/3359 3351/3351 3368/3368
f 3359/3359 3368/3368 3376/3376
f 3376/3376 3368/3368 3381/3381
f 3351/3351 3309/3309 3356/3356
f 3351/3351 3356/3356 3368/3368
f 3356/3356 3309/3309 3352/3352
f 3381/3381 3368/3368 3387/3387
f 3387/3387 3368/3368 3356/3356
f 3356/3356 3352/3352 3367/3367
f 3356/3356 3367/3367 3387/3387
f 3353/3353 3352/3352 3272/3272
f 3352/3352 3353/3353 3367/3367
f 3353/3353 3272/3272 3328/3328
f 3353/3353 3328/3328 3364/3364
f 3367/3367 3353/3353 3383/3383
f 3367/3367 3383/3383 3387/3387
f 3383/3383 3353/3353 3364/3364
f 3387/3387 3383/3383 3403/3403
f 3383/3383 3364/3364 3398/3398
f 3403/3403 3383/3383 3407/3407
f 3407/3407 3383/3383 3398/3398
f 2680/2680 2464/2464 2551/2551
f 2679/2679 2550/2550 2706/2706
f 2679/2679 2706/2706 2779/2779
f 2779/2779 2706/2706 2819/2819
f 2819/2819 2706/2706 2791/2791
f 2819/2819 2791/2791 2903/2903
f 2819/2819 2903/2903 2779/2779
f 2903/2903 2791/2791 2814/2814
f 2679/2679 2779/2779 2674/2674
f 2679/2679 2674/2674 2578/2578
f 2578/2578 2674/2674 2689/2689
f 2689/2689 2674/2674 2730/2730
f 2730/2730 2674/2674 2779/2779
f 2689/2689 2730/2730 2807/2807
f 2955/2955 2779/2779 2903/2903
f 2955/2955 2903/2903 2944/2944
f 2955/2955 2944/2944 3001/3001
f 2955/2955 3001/3001 3008/3008
f 2955/2955 3008/3008 2779/2779
f 3008/3008 3001/3001 3095/3095
f 2826/2826 2730/2730 2779/2779
f 2826/2826 2779/2779 3008/3008
f 2730/2730 2826/2826 2807/2807
f 3008/3008 3095/3095 3091/3091
f 2826/2826 3008/3008 2977/2977
f 2826/2826 2977/2977 2807/2807
f 2977/2977 3008/3008 3091/3091
f 2754/2754 2689/2689 2807/2807
f 2977/2977 3091/3091 3090/3090
f 2732/2732 2670/2670 2754/2754
f 2732/2732 2754/2754 2780/2780
f 2780/2780 2754/2754 2807/2807
f 2732/2732 2780/2780 2771/2771
f 2771/2771 2780/2780 2828/2828
f 2875/2875 2807/2807 2977/2977
f 2807/2807 2875/2875 2780/2780
f 2875/2875 2977/2977 2992/2992
f 2992/2992 2977/2977 3090/3090
f 2780/2780 2875/2875 2847/2847
f 2847/2847 2875/2875 2992/2992
f 2828/2828 2780/2780 2885/2885
f 2885/2885 2780/2780 2847/2847
f 2828/2828 2885/2885 2880/2880
f 2880/2880 2885/2885 2942/2942
f 2885/2885 2847/2847 2950/2950
f 2885/2885 2950/2950 2942/2942
f 2950/2950 2847/2847 3017/3017
f 2942/2942 2950/2950 3065/3065
f 2942/2942 3065/3065 3024/3024
f 3024/3024 3065/3065 3196/3196
f 3065/3065 2950/2950 3153/3153
f 3153/3153 2950/2950 3017/3017
f 3196/3196 3065/3065 3219/3219
f 3219/3219 3065/3065 3153/3153
f 3196/3196 3219/3219 3318/3318
f 3219/3219 3153/3153 3299/3299
f 3219/3219 3299/3299 3318/3318
f 3153/3153 3017/3017 3192/3192
f 3153/3153 3192/3192 3299/3299
f 2855/2855 3017/3017 2847/2847
f 2855/2855 2847/2847 2992/2992
f 3318/3318 3299/3299 3331/3331
f 3318/3318 3331/3331 3361/3361
f 3299/3299 3192/3192 3250/3250
f 3361/3361 3331/3331 3355/3355
f 3361/3361 3355/3355 3377/3377
f 3331/3331 3299/3299 3287/3287
f 3287/3287 3299/3299 3250/3250
f 3331/3331 3287/3287 3343/3343
f 3331/3331 3343/3343 3355/3355
f 3343/3343 3287/3287 3332/3332
f 3343/3343 3332/3332 3355/3355
f 3287/3287 3250/3250 3282/3282
f 3287/3287 3282/3282 3332/3332
f 3282/3282 3250/3250 3248/3248
f 3282/3282 3248/3248 3332/3332
f 3332/3332 3248/3248 3217/3217
f 3332/3332 3217/3217 3310/3310
f 3332/3332 3310/3310 3360/3360
f 3332/3332 3360/3360 3355/3355
f 3360/3360 3310/3310 3344/3344
f 3355/3355 3360/3360 3384/3384
f 3384/3384 3360/3360 3344/3344
f 3355/3355 3384/3384 3377/3377
f 3384/3384 3344/3344 3358/3358
f 3377/3377 3384/3384 3394/3394
f 3394/3394 3384/3384 3358/3358
f 3377/3377 3394/3394 3432/3432
f 3394/3394 3358/3358 3374/3374
f 3432/3432 3394/3394 3435/3435
f 3394/3394 3374/3374 3413/3413
f 3394/3394 3413/3413 3435/3435
f 3145/3145 3217/3217 3248/3248
f 3217/3217 3145/3145 3143/3143
f 3143/3143 3145/3145 3033/3033
f 3145/3145 3248/3248 3233/3233
f 3033/3033 3145/3145 2967/2967
f 2967/2967 3145/3145 3233/3233
f 3233/3233 3248/3248 3250/3250
f 3033/3033 2967/2967 2911/2911
f 2911/2911 2967/2967 2871/2871
f 3233/3233 3250/3250 3185/3185
f 3185/3185 3250/3250 3192/3192
f 3185/3185 3192/3192 3017/3017
f 3233/3233 3185/3185 3118/3118
f 3233/3233 3118/3118 2967/2967
f 3185/3185 3017/3017 2932/2932
f 3185/3185 2932/2932 3118/3118
f 2932/2932 3017/3017 2855/2855
f 2967/2967 3118/3118 2979/2979
f 2967/2967 2979/2979 2871/2871
f 2979/2979 3118/3118 2932/2932
f 2871/2871 2979/2979 2873/2873
f 2873/2873 2979/2979 2932/2932
f 2932/2932 2855/2855 2869/2869
f 2932/2932 2869/2869 2873/2873
f 2873/2873 2869/2869 2917/2917
f 2869/2869 2855/2855 2992/2992
f 2917/2917 2869/2869 2962/2962
f 2962/2962 2869/2869 2992/2992
f 2962/2962 2992/2992 3097/3097
f 3097/3097 2992/2992 3090/3090
f 3097/3097 3090/3090 3091/3091
f 2962/2962 3097/3097 3124/3124
f 3124/3124 3097/3097 3091/3091
f 2962/2962 3124/3124 3154/3154
f 3124/3124 3091/3091 3159/3159
f 2851/2851 2937/2937 2938/2938
f 2937/2937 2851/2851 2882/2882
f 2937/2937 2882/2882 2943/2943
f 2882/2882 2851/2851 2788/2788
f 2788/2788 2851/2851 2811/2811
f 2811/2811 2851/2851 2897/2897
f 2897/2897 2851/2851 2938/2938
f 2937/2937 2943/2943 3025/3025
f 2937/2937 3025/3025 2938/2938
f 2897/2897 2938/2938 2971/2971
f 2938/2938 3025/3025 3046/3046
f 2938/2938 3046/3046 2971/2971
f 3046/3046 3025/3025 3140/3140
f 3140/3140 3025/3025 3197/3197
f 2971/2971 3046/3046 3012/3012
f 3140/3140 3197/3197 3300/3300
f 2971/2971 3012/3012 3037/3037
f 3300/3300 3197/3197 3319/3319
f 3012/3012 3046/3046 3149/3149
f 3149/3149 3046/3046 3140/3140
f 3037/3037 3012/3012 3121/3121
f 3149/3149 3140/3140 3199/3199
f 3199/3199 3140/3140 3300/3300
f 3012/3012 3149/3149 3088/3088
f 3012/3012 3088/3088 3121/3121
f 3149/3149 3199/3199 3170/3170
f 3149/3149 3170/3170 3088/3088
f 3121/3121 3088/3088 3164/3164
f 3164/3164 3088/3088 3170/3170
f 3182/3182 3037/3037 3121/3121
f 3037/3037 3182/3182 3162/3162
f 3121/3121 3164/3164 3232/3232
f 3121/3121 3232/3232 3182/3182
f 3162/3162 3182/3182 3314/3314
f 3314/3314 3182/3182 3232/3232
f 3162/3162 3314/3314 3329/3329
f 3329/3329 3314/3314 3333/3333
f 3329/3329 3333/3333 3365/3365
f 3333/3333 3314/3314 3325/3325
f 3333/3333 3325/3325 3365/3365
f 3325/3325 3314/3314 3232/3232
f 3365/3365 3325/3325 3363/3363
f 3325/3325 3232/3232 3320/3320
f 3325/3325 3320/3320 3363/3363
f 3216/3216 3232/3232 3164/3164
f 3230/3230 3164/3164 3170/3170
f 3164/3164 3230/3230 3216/3216
f 3230/3230 3170/3170 3199/3199
f 3232/3232 3216/3216 3260/3260
f 3232/3232 3260/3260 3320/3320
f 3216/3216 3230/3230 3316/3316
f 3216/3216 3316/3316 3260/3260
f 3230/3230 3199/3199 3264/3264
f 3230/3230 3264/3264 3316/3316
f 3264/3264 3199/3199 3300/3300
f 3260/3260 3316/3316 3347/3347
f 3260/3260 3347/3347 3320/3320
f 3316/3316 3264/3264 3369/3369
f 3316/3316 3369/3369 3347/3347
f 3369/3369 3264/3264 3300/3300
f 3320/3320 3347/3347 3354/3354
f 3320/3320 3354/3354 3350/3350
f 3320/3320 3350/3350 3363/3363
f 3354/3354 3347/3347 3366/3366
f 3366/3366 3347/3347 3369/3369
f 3350/3350 3354/3354 3370/3370
f 3370/3370 3354/3354 3366/3366
f 3363/3363 3350/3350 3357/3357
f 3357/3357 3350/3350 3370/3370
f 3363/3363 3357/3357 3372/3372
f 3357/3357 3370/3370 3379/3379
f 3357/3357 3379/3379 3372/3372
f 3370/3370 3366/3366 3373/3373
f 3370/3370 3373/3373 3379/3379
f 3373/3373 3366/3366 3390/3390
f 3390/3390 3366/3366 3369/3369
f 3379/3379 3373/3373 3385/3385
f 3379/3379 3385/3385 3372/3372
f 3385/3385 3373/3373 3390/3390
f 3388/3388 3363/3363 3372/3372
f 3363/3363 3388/3388 3365/3365
f 3365/3365 3388/3388 3399/3399
f 3399/3399 3388/3388 3411/3411
f 3411/3411 3388/3388 3415/3415
f 3415/3415 3388/3388 3392/3392
f 3388/3388 3372/3372 3382/3382
f 3388/3388 3382/3382 3392/3392
f 3382/3382 3372/3372 3385/3385
f 3415/3415 3392/3392 3419/3419
f 3419/3419 3392/3392 3382/3382
f 3382/3382 3385/3385 3391/3391
f 3419/3419 3382/3382 3408/3408
f 3408/3408 3382/3382 3391/3391
f 3391/3391 3385/3385 3401/3401
f 3391/3391 3401/3401 3408/3408
f 3401/3401 3385/3385 3390/3390
f 3419/3419 3408/3408 3422/3422
f 3422/3422 3408/3408 3401/3401
f 3419/3419 3422/3422 3440/3440
f 3422/3422 3401/3401 3429/3429
f 3422/3422 3429/3429 3440/3440
f 3429/3429 3401/3401 3390/3390
f 3440/3440 3429/3429 3443/3443
f 3429/3429 3390/3390 3393/3393
f 3393/3393 3390/3390 3369/3369
f 3443/3443 3429/3429 3421/3421
f 3421/3421 3429/3429 3393/3393
f 3443/3443 3421/3421 3434/3434
f 3443/3443 3434/3434 3458/3458
f 3434/3434 3421/3421 3405/3405
f 3405/3405 3421/3421 3393/3393
f 3434/3434 3405/3405 3378/3378
f 3378/3378 3405/3405 3393/3393
f 3378/3378 3393/3393 3362/3362
f 3371/3371 3393/3393 3369/3369
f 3393/3393 3371/3371 3362/3362
f 3371/3371 3369/3369 3300/3300
f 3362/3362 3371/3371 3319/3319
f 3319/3319 3371/3371 3300/3300
f 2974/2974 2904/2904 2815/2815
f 2974/2974 2815/2815 2831/2831
f 2904/2904 2974/2974 2945/2945
f 2974/2974 2831/2831 3010/3010
f 2945/2945 2974/2974 3018/3018
f 3018/3018 2974/2974 3010/3010
f 2945/2945 3018/3018 3002/3002
f 3013/3013 3010/3010 2908/2908
f 3002/3002 3018/3018 3103/3103
f 3018/3018 3010/3010 3113/3113
f 3113/3113 3010/3010 3013/3013
f 3018/3018 3113/3113 3103/3103
f 3002/3002 3103/3103 3096/3096
f 3113/3113 3013/3013 3089/3089
f 3089/3089 3013/3013 3057/3057
f 3089/3089 3057/3057 3100/3100
f 3113/3113 3089/3089 3187/3187
f 3113/3113 3187/3187 3103/3103
f 3089/3089 3100/3100 3156/3156
f 3089/3089 3156/3156 3187/3187
f 3226/3226 3096/3096 3103/3103
f 3226/3226 3103/3103 3187/3187
f 3096/3096 3226/3226 3186/3186
f 3187/3187 3156/3156 3244/3244
f 3226/3226 3187/3187 3292/3292
f 3292/3292 3187/3187 3244/3244
f 3244/3244 3156/3156 3306/3306
f 3244/3244 3306/3306 3292/3292
f 3193/3193 3156/3156 3100/3100
f 3193/3193 3100/3100 3141/3141
f 3156/3156 3193/3193 3258/3258
f 3156/3156 3258/3258 3306/3306
f 3221/3221 3193/3193 3167/3167
f 3193/3193 3221/3221 3273/3273
f 3193/3193 3273/3273 3258/3258
f 3273/3273 3221/3221 3200/3200
f 3273/3273 3200/3200 3289/3289
f 3289/3289 3200/3200 3235/3235
f 3258/3258 3273/3273 3304/3304
f 3304/3304 3273/3273 3289/3289
f 3258/3258 3304/3304 3335/3335
f 3289/3289 3235/3235 3275/3275
f 3275/3275 3235/3235 3205/3205
f 3304/3304 3289/3289 3324/3324
f 3304/3304 3324/3324 3335/3335
f 3275/3275 3205/3205 3243/3243
f 3243/3243 3205/3205 3176/3176
f 3289/3289 3275/3275 3327/3327
f 3243/3243 3176/3176 3210/3210
f 3210/3210 3176/3176 3174/3174
f 3275/3275 3243/3243 3315/3315
f 3275/3275 3315/3315 3327/3327
f 3243/3243 3210/3210 3237/3237
f 3237/3237 3210/3210 3109/3109
f 3315/3315 3243/3243 3290/3290
f 3290/3290 3243/3243 3237/3237
f 3237/3237 3109/3109 3094/3094
f 3237/3237 3094/3094 3290/3290
f 3094/3094 3109/3109 3068/3068
f 3094/3094 3068/3068 3042/3042
f 3315/3315 3290/3290 3305/3305
f 3315/3315 3305/3305 3327/3327
f 3290/3290 3094/3094 3163/3163
f 3290/3290 3163/3163 3305/3305
f 3094/3094 3042/3042 3135/3135
f 3094/3094 3135/3135 3163/3163
f 3135/3135 3042/3042 3063/3063
f 3305/3305 3163/3163 3225/3225
f 3225/3225 3163/3163 3135/3135
f 3266/3266 3327/3327 3305/3305
f 3266/3266 3305/3305 3225/3225
f 3225/3225 3135/3135 3188/3188
f 3188/3188 3135/3135 3063/3063
f 3225/3225 3188/3188 3266/3266
f 3188/3188 3063/3063 3240/3240
f 3240/3240 3063/3063 3052/3052
f 3266/3266 3188/3188 3297/3297
f 3297/3297 3188/3188 3240/3240
f 3321/3321 3327/3327 3266/3266
f 3240/3240 3052/3052 3169/3169
f 3327/3327 3321/3321 3337/3337
f 3327/3327 3337/3337 3289/3289
f 3289/3289 3337/3337 3324/3324
f 3337/3337 3321/3321 3336/3336
f 3336/3336 3321/3321 3266/3266
f 3324/3324 3337/3337 3346/3346
f 3346/3346 3337/3337 3336/3336
f 3324/3324 3346/3346 3335/3335
f 3133/3133 3169/3169 3052/3052
f 3133/3133 3052/3052 2890/2890
f 3336/3336 3266/3266 3294/3294
f 3294/3294 3266/3266 3297/3297
f 3335/3335 3346/3346 3348/3348
f 3133/3133 2890/2890 2997/2997
f 3335/3335 3348/3348 3349/3349
f 3335/3335 3349/3349 3258/3258
f 3348/3348 3346/3346 3338/3338
f 3348/3348 3338/3338 3349/3349
f 3258/3258 3349/3349 3341/3341
f 3258/3258 3341/3341 3306/3306
f 3341/3341 3349/3349 3342/3342
f 3342/3342 3349/3349 3338/3338
f 3306/3306 3341/3341 3334/3334
f 3341/3341 3342/3342 3339/3339
f 3341/3341 3339/3339 3334/3334
f 3339/3339 3342/3342 3274/3274
f 3274/3274 3342/3342 3338/3338
f 3339/3339 3274/3274 3246/3246
f 3340/3340 3338/3338 3346/3346
f 3340/3340 3346/3346 3336/3336
f 3274/3274 3338/3338 3270/3270
f 3340/3340 3336/3336 3322/3322
f 3322/3322 3336/3336 3294/3294
f 3338/3338 3340/3340 3295/3295
f 3295/3295 3340/3340 3322/3322
f 3338/3338 3295/3295 3270/3270
f 3322/3322 3294/3294 3286/3286
f 3322/3322 3286/3286 3295/3295
f 3286/3286 3294/3294 3297/3297
f 3253/3253 3274/3274 3270/3270
f 3274/3274 3253/3253 3246/3246
f 3270/3270 3295/3295 3276/3276
f 3276/3276 3295/3295 3286/3286
f 3253/3253 3270/3270 3257/3257
f 3253/3253 3257/3257 3246/3246
f 3270/3270 3276/3276 3267/3267
f 3270/3270 3267/3267 3257/3257
f 3276/3276 3286/3286 3285/3285
f 3276/3276 3285/3285 3267/3267
f 3285/3285 3286/3286 3297/3297
f 3285/3285 3297/3297 3303/3303
f 3303/3303 3297/3297 3240/3240
f 3267/3267 3285/3285 3277/3277
f 3277/3277 3285/3285 3303/3303
f 3254/3254 3257/3257 3267/3267
f 3254/3254 3267/3267 3277/3277
f 3303/3303 3240/3240 3268/3268
f 3268/3268 3240/3240 3169/3169
f 3268/3268 3169/3169 3133/3133
f 3277/3277 3303/3303 3293/3293
f 3254/3254 3277/3277 3271/3271
f 3271/3271 3277/3277 3293/3293
f 3303/3303 3268/3268 3313/3313
f 3303/3303 3313/3313 3293/3293
f 3268/3268 3133/3133 3252/3252
f 3268/3268 3252/3252 3313/3313
f 3252/3252 3133/3133 3189/3189
f 3189/3189 3133/3133 2997/2997
f 3293/3293 3313/3313 3312/3312
f 3313/3313 3252/3252 3296/3296
f 3313/3313 3296/3296 3312/3312
f 3293/3293 3312/3312 3308/3308
f 3308/3308 3312/3312 3296/3296
f 3293/3293 3308/3308 3302/3302
f 3293/3293 3302/3302 3271/3271
f 3308/3308 3296/3296 3281/3281
f 3296/3296 3252/3252 3265/3265
f 3296/3296 3265/3265 3281/3281
f 3265/3265 3252/3252 3189/3189
f 3302/3302 3308/3308 3280/3280
f 3280/3280 3308/3308 3281/3281
f 3271/3271 3302/3302 3301/3301
f 3301/3301 3302/3302 3280/3280
f 3265/3265 3189/3189 3208/3208
f 3281/3281 3265/3265 3251/3251
f 3251/3251 3265/3265 3208/3208
f 3280/3280 3281/3281 3249/3249
f 3281/3281 3251/3251 3241/3241
f 3281/3281 3241/3241 3249/3249
f 3241/3241 3251/3251 3203/3203
f 3203/3203 3251/3251 3208/3208
f 3241/3241 3203/3203 3202/3202
f 3241/3241 3202/3202 3249/3249
f 3203/3203 3208/3208 3172/3172
f 3127/3127 3208/3208 3189/3189
f 3203/3203 3172/3172 3126/3126
f 3203/3203 3126/3126 3202/3202
f 3172/3172 3208/3208 3157/3157
f 3157/3157 3208/3208 3127/3127
f 3126/3126 3172/3172 3060/3060
f 3202/3202 3126/3126 3071/3071
f 3071/3071 3126/3126 3060/3060
f 3071/3071 3060/3060 2887/2887
f 2887/2887 3060/3060 2983/2983
f 3060/3060 3172/3172 3087/3087
f 3060/3060 3087/3087 2983/2983
f 3087/3087 3172/3172 3157/3157
f 2983/2983 3087/3087 3082/3082
f 3082/3082 3087/3087 3157/3157
f 2983/2983 3082/3082 2866/2866
f 3082/3082 3157/3157 3075/3075
f 3082/3082 3075/3075 2866/2866
f 3075/3075 3157/3157 3127/3127
f 2866/2866 3075/3075 2956/2956
f 2956/2956 3075/3075 3127/3127
f 2866/2866 2956/2956 2746/2746
f 2746/2746 2956/2956 2802/2802
f 2751/2751 2688/2688 2802/2802
f 2751/2751 2802/2802 2838/2838
f 2838/2838 2802/2802 2956/2956
f 2838/2838 2956/2956 3040/3040
f 3040/3040 2956/2956 3127/3127
f 2838/2838 3040/3040 2906/2906
f 3040/3040 3127/3127 3050/3050
f 3040/3040 3050/3050 2906/2906
f 3050/3050 3127/3127 3189/3189
f 3050/3050 3189/3189 2997/2997
f 3050/3050 2997/2997 2906/2906
f 2906/2906 2997/2997 2916/2916
f 3160/3160 3092/3092 3096/3096
f 3160/3160 3096/3096 3186/3186
f 3160/3160 3186/3186 3181/3181
f 3125/3125 3160/3160 3155/3155
f 3155/3155 3160/3160 3181/3181
f 3181/3181 3186/3186 3215/3215
f 3155/3155 3181/3181 3019/3019
f 3155/3155 3019/3019 2986/2986
f 3155/3155 2986/2986 2963/2963
f 2963/2963 2986/2986 2919/2919
f 2919/2919 2986/2986 3022/3022
f 3022/3022 2986/2986 3019/3019
f 3019/3019 3181/3181 3072/3072
f 3019/3019 3072/3072 3022/3022
f 3072/3072 3181/3181 3215/3215
f 3022/3022 3072/3072 3134/3134
f 3022/3022 3134/3134 2981/2981
f 3072/3072 3215/3215 3119/3119
f 3072/3072 3119/3119 3134/3134
f 2981/2981 3134/3134 3054/3054
f 3119/3119 3215/3215 3148/3148
f 3119/3119 3148/3148 3134/3134
f 3256/3256 3215/3215 3186/3186
f 3215/3215 3256/3256 3148/3148
f 3256/3256 3186/3186 3226/3226
f 3256/3256 3226/3226 3292/3292
f 3148/3148 3256/3256 3291/3291
f 3291/3291 3256/3256 3292/3292
f 3148/3148 3291/3291 3317/3317
f 3317/3317 3291/3291 3292/3292
f 3195/3195 3134/3134 3148/3148
f 3148/3148 3317/3317 3178/3178
f 3148/3148 3178/3178 3195/3195
f 3317/3317 3292/3292 3326/3326
f 3178/3178 3317/3317 3242/3242
f 3242/3242 3317/3317 3326/3326
f 3178/3178 3242/3242 3183/3183
f 3178/3178 3183/3183 3195/3195
f 3326/3326 3292/3292 3330/3330
f 3330/3330 3292/3292 3306/3306
f 3330/3330 3306/3306 3334/3334
f 3326/3326 3330/3330 3307/3307
f 3326/3326 3307/3307 3242/3242
f 3307/3307 3330/3330 3334/3334
f 3242/3242 3307/3307 3213/3213
f 3242/3242 3213/3213 3183/3183
f 3307/3307 3334/3334 3227/3227
f 3307/3307 3227/3227 3213/3213
f 3183/3183 3213/3213 3204/3204
f 3204/3204 3213/3213 3227/3227
f 3204/3204 3227/3227 3220/3220
f 3183/3183 3204/3204 3238/3238
f 3238/3238 3204/3204 3220/3220
f 3227/3227 3334/3334 3255/3255
f 3255/3255 3334/3334 3339/3339
f 3255/3255 3339/3339 3246/3246
f 3227/3227 3255/3255 3231/3231
f 3227/3227 3231/3231 3220/3220
f 3231/3231 3255/3255 3246/3246
f 3220/3220 3231/3231 3238/3238
f 3231/3231 3246/3246 3257/3257
f 3231/3231 3257/3257 3238/3238
f 3238/3238 3257/3257 3254/3254
f 3238/3238 3254/3254 3247/3247
f 3247/3247 3254/3254 3271/3271
f 3224/3224 3183/3183 3238/3238
f 3183/3183 3224/3224 3195/3195
f 3224/3224 3238/3238 3234/3234
f 3234/3234 3238/3238 3247/3247
f 3247/3247 3271/3271 3301/3301
f 3224/3224 3234/3234 3223/3223
f 3224/3224 3223/3223 3195/3195
f 3234/3234 3247/3247 3245/3245
f 3234/3234 3245/3245 3223/3223
f 3247/3247 3301/3301 3259/3259
f 3247/3247 3259/3259 3245/3245
f 3195/3195 3223/3223 3171/3171
f 3195/3195 3171/3171 3134/3134
f 3134/3134 3171/3171 3054/3054
f 3171/3171 3223/3223 3198/3198
f 3171/3171 3198/3198 3054/3054
f 3198/3198 3223/3223 3245/3245
f 3054/3054 3198/3198 3138/3138
f 3138/3138 3198/3198 3245/3245
f 3138/3138 3245/3245 3152/3152
f 3152/3152 3245/3245 3229/3229
f 3229/3229 3245/3245 3259/3259
f 3229/3229 3259/3259 3298/3298
f 3298/3298 3259/3259 3301/3301
f 3229/3229 3298/3298 3263/3263
f 3263/3263 3298/3298 3284/3284
f 3298/3298 3301/3301 3288/3288
f 3298/3298 3288/3288 3284/3284
f 3288/3288 3301/3301 3280/3280
f 3284/3284 3288/3288 3279/3279
f 3284/3284 3279/3279 3180/3180
f 3288/3288 3280/3280 3261/3261
f 3288/3288 3261/3261 3279/3279
f 3261/3261 3280/3280 3249/3249
f 3279/3279 3261/3261 3191/3191
f 3191/3191 3261/3261 3239/3239
f 3239/3239 3261/3261 3249/3249
f 3191/3191 3239/3239 3212/3212
f 3239/3239 3249/3249 3207/3207
f 3239/3239 3207/3207 3212/3212
f 3207/3207 3249/3249 3202/3202
f 3212/3212 3207/3207 3147/3147
f 3207/3207 3202/3202 3131/3131
f 3207/3207 3131/3131 3147/3147
f 3131/3131 3202/3202 3071/3071
f 3131/3131 3071/3071 3085/3085
f 3131/3131 3085/3085 3147/3147
f 3147/3147 3085/3085 3045/3045
f 1175/1175 1170/1170 356/356
f 1170/1170 1175/1175 1506/1506
f 1506/1506 1175/1175 1623/1623
f 1506/1506 1623/1623 2043/2043
f 1170/1170 1506/1506 1529/1529
f 1506/1506 2043/2043 1854/1854
f 1506/1506 1854/1854 1529/1529
f 1854/1854 2043/2043 2076/2076
f 2076/2076 2043/2043 2155/2155
f 1529/1529 1854/1854 1714/1714
f 1170/1170 1529/1529 1228/1228
f 1170/1170 1228/1228 874/874
f 1228/1228 1529/1529 1714/1714
f 2076/2076 2155/2155 2260/2260
f 2260/2260 2155/2155 2279/2279
f 1854/1854 2076/2076 2052/2052
f 1854/1854 2052/2052 1714/1714
f 2260/2260 2279/2279 2447/2447
f 2076/2076 2260/2260 2128/2128
f 2076/2076 2128/2128 2052/2052
f 2260/2260 2447/2447 2422/2422
f 2128/2128 2260/2260 2270/2270
f 2270/2270 2260/2260 2422/2422
f 2128/2128 2270/2270 2166/2166
f 2128/2128 2166/2166 2052/2052
f 2166/2166 2270/2270 2245/2245
f 2052/2052 2166/2166 2053/2053
f 2053/2053 2166/2166 2245/2245
f 2245/2245 2270/2270 2328/2328
f 2328/2328 2270/2270 2422/2422
f 2245/2245 2328/2328 2220/2220
f 2245/2245 2220/2220 2053/2053
f 2328/2328 2422/2422 2417/2417
f 2052/2052 2053/2053 1968/1968
f 2052/2052 1968/1968 1714/1714
f 2328/2328 2417/2417 2377/2377
f 2328/2328 2377/2377 2220/2220
f 2417/2417 2422/2422 2573/2573
f 2377/2377 2417/2417 2572/2572
f 2572/2572 2417/2417 2573/2573
f 2377/2377 2572/2572 2535/2535
f 1714/1714 1968/1968 1845/1845
f 1845/1845 1968/1968 2020/2020
f 2020/2020 1968/1968 2053/2053
f 1714/1714 1845/1845 1708/1708
f 1714/1714 1708/1708 1228/1228
f 1845/1845 2020/2020 2018/2018
f 1845/1845 2018/2018 1708/1708
f 2020/2020 2053/2053 2056/2056
f 2020/2020 2056/2056 2018/2018
f 2056/2056 2053/2053 2220/2220
f 2018/2018 2056/2056 2059/2059
f 2059/2059 2056/2056 2220/2220
f 1305/1305 981/981 1228/1228
f 1305/1305 1228/1228 1708/1708
f 2025/2025 1708/1708 2018/2018
f 2025/2025 2018/2018 2059/2059
f 1305/1305 1708/1708 1521/1521
f 1305/1305 1521/1521 1119/1119
f 1119/1119 1521/1521 1295/1295
f 1521/1521 1708/1708 1835/1835
f 1521/1521 1835/1835 1295/1295
f 1835/1835 1708/1708 2025/2025
f 1295/1295 1835/1835 1642/1642
f 1295/1295 1642/1642 1213/1213
f 1642/1642 1835/1835 1995/1995
f 1995/1995 1835/1835 2025/2025
f 1213/1213 1642/1642 1612/1612
f 1642/1642 1995/1995 1972/1972
f 1972/1972 1995/1995 2025/2025
f 1642/1642 1972/1972 1612/1612
f 1213/1213 1612/1612 1144/1144
f 1144/1144 1612/1612 1401/1401
f 1401/1401 1612/1612 1911/1911
f 1911/1911 1612/1612 1941/1941
f 1941/1941 1612/1612 1972/1972
f 1911/1911 1941/1941 2033/2033
f 2033/2033 1941/1941 1972/1972
f 2207/2207 1972/1972 2025/2025
f 1972/1972 2207/2207 2033/2033
f 1892/1892 2033/2033 2179/2179
f 2179/2179 2033/2033 2207/2207
f 2207/2207 2025/2025 2302/2302
f 2302/2302 2025/2025 2059/2059
f 2179/2179 2207/2207 2283/2283
f 2179/2179 2283/2283 2214/2214
f 2214/2214 2283/2283 2382/2382
f 2302/2302 2059/2059 2220/2220
f 2283/2283 2207/2207 2354/2354
f 2354/2354 2207/2207 2302/2302
f 2382/2382 2283/2283 2413/2413
f 2413/2413 2283/2283 2354/2354
f 2382/2382 2413/2413 2481/2481
f 2382/2382 2481/2481 2479/2479
f 2479/2479 2481/2481 2513/2513
f 2481/2481 2413/2413 2554/2554
f 2554/2554 2413/2413 2354/2354
f 2513/2513 2481/2481 2602/2602
f 2602/2602 2481/2481 2554/2554
f 2513/2513 2602/2602 2637/2637
f 2513/2513 2637/2637 2613/2613
f 2439/2439 2354/2354 2302/2302
f 2354/2354 2439/2439 2554/2554
f 2439/2439 2302/2302 2349/2349
f 2349/2349 2302/2302 2220/2220
f 2349/2349 2220/2220 2377/2377
f 2349/2349 2377/2377 2535/2535
f 2349/2349 2535/2535 2439/2439
f 2439/2439 2535/2535 2554/2554
f 2652/2652 2602/2602 2554/2554
f 2602/2602 2652/2652 2637/2637
f 2554/2554 2535/2535 2692/2692
f 2554/2554 2692/2692 2652/2652
f 2692/2692 2535/2535 2729/2729
f 2652/2652 2692/2692 2715/2715
f 2652/2652 2715/2715 2637/2637
f 2715/2715 2692/2692 2729/2729
f 2729/2729 2535/2535 2572/2572
f 2637/2637 2715/2715 2743/2743
f 2729/2729 2572/2572 2684/2684
f 2715/2715 2729/2729 2766/2766
f 2715/2715 2766/2766 2743/2743
f 2637/2637 2743/2743 2701/2701
f 2637/2637 2701/2701 2613/2613
f 2684/2684 2572/2572 2573/2573
f 2701/2701 2743/2743 2783/2783
f 2613/2613 2701/2701 2756/2756
f 2756/2756 2701/2701 2783/2783
f 2613/2613 2756/2756 2629/2629
f 2629/2629 2756/2756 2725/2725
f 2725/2725 2756/2756 2854/2854
f 2854/2854 2756/2756 2783/2783
f 2725/2725 2854/2854 2878/2878
f 2785/2785 2783/2783 2743/2743
f 2785/2785 2743/2743 2766/2766
f 2854/2854 2783/2783 2999/2999
f 2878/2878 2854/2854 2939/2939
f 2939/2939 2854/2854 2999/2999
f 2878/2878 2939/2939 3043/3043
f 3043/3043 2939/2939 3064/3064
f 3043/3043 3064/3064 3146/3146
f 3146/3146 3064/3064 3211/3211
f 3064/3064 2939/2939 3077/3077
f 3064/3064 3077/3077 3211/3211
f 3077/3077 2939/2939 2999/2999
f 3211/3211 3077/3077 3190/3190
f 3077/3077 2999/2999 3129/3129
f 3077/3077 3129/3129 3190/3190
f 3129/3129 2999/2999 3099/3099
f 3190/3190 3129/3129 3179/3179
f 3190/3190 3179/3179 3278/3278
f 3179/3179 3129/3129 3099/3099
f 3262/3262 3283/3283 3179/3179
f 3262/3262 3179/3179 3184/3184
f 3184/3184 3179/3179 3099/3099
f 3262/3262 3184/3184 3228/3228
f 2940/2940 3099/3099 2999/2999
f 2940/2940 2999/2999 2783/2783
f 2940/2940 2783/2783 2785/2785
f 3228/3228 3184/3184 3158/3158
f 3228/3228 3158/3158 3151/3151
f 3151/3151 3158/3158 3030/3030
f 3030/3030 3158/3158 3078/3078
f 3078/3078 3158/3158 3184/3184
f 3030/3030 3078/3078 2959/2959
f 2940/2940 2785/2785 2895/2895
f 2895/2895 2785/2785 2766/2766
f 2940/2940 2895/2895 2978/2978
f 2940/2940 2978/2978 3099/3099
f 2895/2895 2766/2766 2821/2821
f 2895/2895 2821/2821 2978/2978
f 2821/2821 2766/2766 2833/2833
f 2821/2821 2833/2833 2978/2978
f 3114/3114 3184/3184 3099/3099
f 3114/3114 3099/3099 2978/2978
f 3184/3184 3114/3114 3078/3078
f 3114/3114 2978/2978 2966/2966
f 3114/3114 2966/2966 3078/3078
f 2966/2966 2978/2978 2833/2833
f 3078/3078 2966/2966 2910/2910
f 2910/2910 2966/2966 2833/2833
f 3078/3078 2910/2910 2959/2959
f 2744/2744 2833/2833 2766/2766
f 2744/2744 2766/2766 2729/2729
f 2744/2744 2729/2729 2684/2684
f 2833/2833 2744/2744 2769/2769
f 2833/2833 2769/2769 2910/2910
f 2769/2769 2744/2744 2684/2684
f 2959/2959 2910/2910 2824/2824
f 2824/2824 2910/2910 2769/2769
f 2959/2959 2824/2824 2849/2849
f 2849/2849 2824/2824 2795/2795
f 2849/2849 2795/2795 2759/2759
f 2824/2824 2769/2769 2781/2781
f 2824/2824 2781/2781 2795/2795
f 2781/2781 2769/2769 2684/2684
f 2795/2795 2781/2781 2759/2759
f 2781/2781 2684/2684 2713/2713
f 2713/2713 2684/2684 2573/2573
f 2759/2759 2781/2781 2651/2651
f 2651/2651 2781/2781 2713/2713
f 2651/2651 2713/2713 2573/2573
f 2759/2759 2651/2651 2530/2530
f 2651/2651 2573/2573 2561/2561
f 2651/2651 2561/2561 2530/2530
f 2561/2561 2573/2573 2422/2422
f 2530/2530 2561/2561 2447/2447
f 2447/2447 2561/2561 2422/2422
f 3430/3430 3412/3412 3416/3416
f 3400/3400 3412/3412 3425/3425
f 3425/3425 3412/3412 3430/3430
f 3425/3425 3430/3430 3450/3450
f 3450/3450 3430/3430 3460/3460
f 3450/3450 3460/3460 3477/3477
f 3460/3460 3430/3430 3452/3452
f 3477/3477 3460/3460 3466/3466
f 3466/3466 3460/3460 3452/3452
f 3477/3477 3466/3466 3490/3490
f 3452/3452 3430/3430 3453/3453
f 3452/3452 3453/3453 3466/3466
f 3453/3453 3430/3430 3437/3437
f 3437/3437 3430/3430 3416/3416
f 3490/3490 3466/3466 3493/3493
f 3490/3490 3493/3493 3502/3502
f 3466/3466 3453/3453 3469/3469
f 3466/3466 3469/3469 3493/3493
f 3502/3502 3493/3493 3495/3495
f 3495/3495 3493/3493 3469/3469
f 3502/3502 3495/3495 3521/3521
f 3480/3480 3453/3453 3437/3437
f 3453/3453 3480/3480 3469/3469
f 3461/3461 3437/3437 3416/3416
f 3437/3437 3461/3461 3480/3480
f 3461/3461 3416/3416 3420/3420
f 3461/3461 3420/3420 3441/3441
f 3494/3494 3495/3495 3469/3469
f 3494/3494 3469/3469 3480/3480
f 3495/3495 3494/3494 3506/3506
f 3495/3495 3506/3506 3521/3521
f 3494/3494 3480/3480 3492/3492
f 3468/3468 3480/3480 3461/3461
f 3480/3480 3468/3468 3492/3492
f 3468/3468 3461/3461 3441/3441
f 3494/3494 3492/3492 3488/3488
f 3494/3494 3488/3488 3506/3506
f 3488/3488 3492/3492 3468/3468
f 3512/3512 3521/3521 3506/3506
f 3512/3512 3506/3506 3488/3488
f 3521/3521 3512/3512 3504/3504
f 3512/3512 3488/3488 3499/3499
f 3512/3512 3499/3499 3504/3504
f 3488/3488 3468/3468 3467/3467
f 3467/3467 3468/3468 3441/3441
f 3499/3499 3488/3488 3485/3485
f 3499/3499 3485/3485 3504/3504
f 3485/3485 3488/3488 3467/3467
f 3504/3504 3485/3485 3474/3474
f 3474/3474 3485/3485 3467/3467
f 3474/3474 3467/3467 3441/3441
f 3474/3474 3441/3441 3444/3444
f 3474/3474 3444/3444 3484/3484
f 3449/3449 3426/3426 3424/3424
f 3424/3424 3426/3426 3397/3397
f 3397/3397 3426/3426 3406/3406
f 3426/3426 3449/3449 3445/3445
f 3406/3406 3426/3426 3439/3439
f 3439/3439 3426/3426 3445/3445
f 3445/3445 3449/3449 3482/3482
f 3482/3482 3449/3449 3476/3476
f 3439/3439 3445/3445 3475/3475
f 3475/3475 3445/3445 3482/3482
f 3482/3482 3476/3476 3489/3489
f 3406/3406 3439/3439 3428/3428
f 3406/3406 3428/3428 3402/3402
f 3439/3439 3475/3475 3459/3459
f 3439/3439 3459/3459 3428/3428
f 3475/3475 3482/3482 3505/3505
f 3482/3482 3489/3489 3511/3511
f 3482/3482 3511/3511 3505/3505
f 3459/3459 3475/3475 3481/3481
f 3481/3481 3475/3475 3505/3505
f 3428/3428 3459/3459 3438/3438
f 3438/3438 3459/3459 3481/3481
f 3511/3511 3489/3489 3507/3507
f 3507/3507 3489/3489 3501/3501
f 3505/3505 3511/3511 3518/3518
f 3507/3507 3501/3501 3517/3517
f 3517/3517 3501/3501 3520/3520
f 3511/3511 3507/3507 3514/3514
f 3517/3517 3520/3520 3525/3525
f 3517/3517 3525/3525 3507/3507
f 3525/3525 3520/3520 3503/3503
f 3514/3514 3507/3507 3522/3522
f 3522/3522 3507/3507 3525/3525
f 3511/3511 3514/3514 3515/3515
f 3515/3515 3514/3514 3522/3522
f 3511/3511 3515/3515 3518/3518
f 3522/3522 3525/3525 3530/3530
f 3530/3530 3525/3525 3503/3503
f 3515/3515 3522/3522 3531/3531
f 3531/3531 3522/3522 3530/3530
f 3515/3515 3531/3531 3529/3529
f 3515/3515 3529/3529 3518/3518
f 3530/3530 3503/3503 3510/3510
f 3510/3510 3503/3503 3473/3473
f 3531/3531 3530/3530 3524/3524
f 3524/3524 3530/3530 3510/3510
f 3529/3529 3531/3531 3533/3533
f 3533/3533 3531/3531 3524/3524
f 3510/3510 3473/3473 3483/3483
f 3529/3529 3533/3533 3532/3532
f 3529/3529 3532/3532 3518/3518
f 3533/3533 3524/3524 3516/3516
f 3516/3516 3524/3524 3510/3510
f 3532/3532 3533/3533 3528/3528
f 3528/3528 3533/3533 3516/3516
f 3518/3518 3532/3532 3527/3527
f 3532/3532 3528/3528 3526/3526
f 3532/3532 3526/3526 3527/3527
f 3518/3518 3527/3527 3509/3509
f 3509/3509 3527/3527 3526/3526
f 3518/3518 3509/3509 3505/3505
f 3526/3526 3528/3528 3523/3523
f 3526/3526 3523/3523 3509/3509
f 3508/3508 3528/3528 3516/3516
f 3528/3528 3508/3508 3523/3523
f 3498/3498 3516/3516 3510/3510
f 3516/3516 3498/3498 3508/3508
f 3498/3498 3510/3510 3483/3483
f 3486/3486 3505/3505 3509/3509
f 3505/3505 3486/3486 3481/3481
f 3519/3519 3509/3509 3523/3523
f 3519/3519 3523/3523 3508/3508
f 3509/3509 3519/3519 3500/3500
f 3509/3509 3500/3500 3486/3486
f 3519/3519 3508/3508 3513/3513
f 3519/3519 3513/3513 3500/3500
f 3500/3500 3513/3513 3491/3491
f 3500/3500 3491/3491 3486/3486
f 3513/3513 3508/3508 3497/3497
f 3513/3513 3497/3497 3491/3491
f 3479/3479 3481/3481 3486/3486
f 3479/3479 3486/3486 3470/3470
f 3470/3470 3486/3486 3491/3491
f 3481/3481 3479/3479 3455/3455
f 3455/3455 3479/3479 3470/3470
f 3455/3455 3470/3470 3491/3491
f 3481/3481 3455/3455 3438/3438
f 3455/3455 3491/3491 3487/3487
f 3487/3487 3491/3491 3497/3497
f 3438/3438 3455/3455 3448/3448
f 3448/3448 3455/3455 3487/3487
f 3438/3438 3448/3448 3427/3427
f 3448/3448 3487/3487 3463/3463
f 3448/3448 3463/3463 3427/3427
f 3487/3487 3497/3497 3478/3478
f 3487/3487 3478/3478 3463/3463
f 3438/3438 3427/3427 3423/3423
f 3438/3438 3423/3423 3428/3428
f 3428/3428 3423/3423 3417/3417
f 3428/3428 3417/3417 3402/3402
f 3423/3423 3427/3427 3418/3418
f 3423/3423 3418/3418 3417/3417
f 3456/3456 3427/3427 3463/3463
f 3427/3427 3456/3456 3418/3418
f 3462/3462 3463/3463 3478/3478
f 3463/3463 3462/3462 3456/3456
f 3396/3396 3402/3402 3417/3417
f 3402/3402 3396/3396 3386/3386
f 3386/3386 3396/3396 3380/3380
f 3396/3396 3417/3417 3404/3404
f 3404/3404 3417/3417 3418/3418
f 3380/3380 3396/3396 3389/3389
f 3389/3389 3396/3396 3404/3404
f 3380/3380 3389/3389 3395/3395
f 3380/3380 3395/3395 3375/3375
f 3375/3375 3395/3395 3414/3414
f 3404/3404 3418/3418 3410/3410
f 3410/3410 3418/3418 3456/3456
f 3389/3389 3404/3404 3409/3409
f 3409/3409 3404/3404 3410/3410
f 3389/3389 3409/3409 3395/3395
f 3410/3410 3456/3456 3447/3447
f 3410/3410 3447/3447 3409/3409
f 3409/3409 3447/3447 3395/3395
f 3447/3447 3456/3456 3462/3462
f 3431/3431 3414/3414 3395/3395
f 3431/3431 3395/3395 3447/3447
f 3414/3414 3431/3431 3436/3436
f 3447/3447 3462/3462 3446/3446
f 3447/3447 3446/3446 3431/3431
f 3431/3431 3446/3446 3451/3451
f 3451/3451 3446/3446 3462/3462
f 3431/3431 3451/3451 3436/3436
f 3451/3451 3462/3462 3465/3465
f 3436/3436 3451/3451 3454/3454
f 3454/3454 3451/3451 3465/3465
f 3436/3436 3454/3454 3433/3433
f 3465/3465 3462/3462 3478/3478
f 3433/3433 3454/3454 3457/3457
f 3465/3465 3478/3478 3472/3472
f 3472/3472 3478/3478 3497/3497
f 3454/3454 3465/3465 3464/3464
f 3454/3454 3464/3464 3457/3457
f 3464/3464 3465/3465 3472/3472
f 3472/3472 3497/3497 3496/3496
f 3472/3472 3496/3496 3464/3464
f 3496/3496 3497/3497 3508/3508
f 3496/3496 3508/3508 3498/3498
f 3464/3464 3496/3496 3471/3471
f 3471/3471 3496/3496 3498/3498
f 3464/3464 3471/3471 3457/3457
f 3471/3471 3498/3498 3483/3483
f 3471/3471 3483/3483 3457/3457
f 3457/3457 3483/3483 3442/3442
f 389/389 3681/3681 384/384
f 384/384 3681/3681 3972/3972
f 389/389 384/384 850/850
f 384/384 3972/3972 407/407
f 384/384 407/407 850/850
f 389/389 850/850 1123/1123
f 389/389 1123/1123 440/440
f 850/850 407/407 1196/1196
f 850/850 1196/1196 1123/1123
f 440/440 1123/1123 956/956
f 956/956 1123/1123 1358/1358
f 382/382 407/407 3972/3972
f 407/407 382/382 1110/1110
f 407/407 1110/1110 1196/1196
f 382/382 3972/3972 3544/3544
f 3544/3544 3972/3972 4121/4121
f 3544/3544 4121/4121 3964/3964
f 382/382 3544/3544 349/349
f 382/382 349/349 1110/1110
f 3544/3544 3964/3964 3705/3705
f 3544/3544 3705/3705 349/349
f 3705/3705 3964/3964 4063/4063
f 4063/4063 3964/3964 4467/4467
f 4063/4063 4467/4467 4099/4099
f 4063/4063 4099/4099 3816/3816
f 4063/4063 3816/3816 19/19
f 4063/4063 19/19 3705/3705
f 3705/3705 19/19 437/437
f 3705/3705 437/437 349/349
f 437/437 19/19 387/387
f 437/437 387/387 1039/1039
f 349/349 437/437 889/889
f 889/889 437/437 1039/1039
f 349/349 889/889 1110/1110
f 889/889 1039/1039 1363/1363
f 889/889 1363/1363 1486/1486
f 889/889 1486/1486 1110/1110
f 1486/1486 1363/1363 1862/1862
f 1110/1110 1486/1486 1354/1354
f 1110/1110 1354/1354 1196/1196
f 1486/1486 1862/1862 1773/1773
f 1773/1773 1862/1862 2058/2058
f 2058/2058 1862/1862 2232/2232
f 1486/1486 1773/1773 1755/1755
f 1486/1486 1755/1755 1354/1354
f 1773/1773 2058/2058 2152/2152
f 1773/1773 2152/2152 1755/1755
f 2058/2058 2232/2232 2242/2242
f 2058/2058 2242/2242 2152/2152
f 1354/1354 1755/1755 1716/1716
f 1354/1354 1716/1716 1196/1196
f 1755/1755 2152/2152 1986/1986
f 1755/1755 1986/1986 1716/1716
f 2152/2152 2242/2242 2228/2228
f 2152/2152 2228/2228 1986/1986
f 2384/2384 2242/2242 2232/2232
f 2384/2384 2232/2232 2412/2412
f 2384/2384 2412/2412 2450/2450
f 2242/2242 2384/2384 2326/2326
f 2242/2242 2326/2326 2228/2228
f 2384/2384 2450/2450 2420/2420
f 2384/2384 2420/2420 2326/2326
f 2228/2228 2326/2326 2296/2296
f 2228/2228 2296/2296 1986/1986
f 2296/2296 2326/2326 2420/2420
f 1710/1710 1716/1716 1986/1986
f 1716/1716 1710/1710 1196/1196
f 1986/1986 2296/2296 2184/2184
f 1986/1986 2184/2184 1710/1710
f 1196/1196 1710/1710 1430/1430
f 1196/1196 1430/1430 1123/1123
f 1123/1123 1430/1430 1358/1358
f 1430/1430 1710/1710 1706/1706
f 1706/1706 1710/1710 2184/2184
f 1430/1430 1706/1706 1358/1358
f 2329/2329 2184/2184 2296/2296
f 1706/1706 2184/2184 2101/2101
f 2101/2101 2184/2184 2329/2329
f 1358/1358 1706/1706 1703/1703
f 1703/1703 1706/1706 2101/2101
f 1358/1358 1703/1703 1689/1689
f 1703/1703 2101/2101 1962/1962
f 1703/1703 1962/1962 1689/1689
f 1962/1962 2101/2101 2188/2188
f 1689/1689 1962/1962 1790/1790
f 1358/1358 1689/1689 1325/1325
f 1358/1358 1325/1325 956/956
f 1689/1689 1790/1790 1711/1711
f 1790/1790 1962/1962 1942/1942
f 1942/1942 1962/1962 2188/2188
f 1790/1790 1942/1942 1711/1711
f 956/956 1325/1325 1252/1252
f 956/956 1252/1252 444/444
f 444/444 1252/1252 1040/1040
f 1624/1624 1325/1325 1689/1689
f 1325/1325 1624/1624 1252/1252
f 1624/1624 1689/1689 1711/1711
f 1040/1040 1252/1252 1479/1479
f 1479/1479 1252/1252 1624/1624
f 1040/1040 1479/1479 1235/1235
f 1624/1624 1711/1711 1691/1691
f 1624/1624 1691/1691 1479/1479
f 1691/1691 1711/1711 1953/1953
f 1953/1953 1711/1711 1942/1942
f 1479/1479 1691/1691 1677/1677
f 1479/1479 1677/1677 1235/1235
f 1677/1677 1691/1691 1953/1953
f 1235/1235 1677/1677 1425/1425
f 1235/1235 1425/1425 1445/1445
f 1445/1445 1425/1425 1645/1645
f 1645/1645 1425/1425 1677/1677
f 1445/1445 1645/1645 1350/1350
f 1350/1350 1645/1645 1588/1588
f 1588/1588 1645/1645 1721/1721
f 1645/1645 1677/1677 1881/1881
f 1645/1645 1881/1881 1721/1721
f 1588/1588 1721/1721 1872/1872
f 1872/1872 1721/1721 1881/1881
f 1588/1588 1872/1872 1563/1563
f 1563/1563 1872/1872 1698/1698
f 1698/1698 1872/1872 1879/1879
f 1879/1879 1872/1872 1929/1929
f 2022/2022 1881/1881 1677/1677
f 1881/1881 2022/2022 1872/1872
f 1929/1929 1872/1872 2136/2136
f 1929/1929 2136/2136 2156/2156
f 2136/2136 1872/1872 2022/2022
f 2022/2022 1677/1677 2019/2019
f 2019/2019 1677/1677 1953/1953
f 2136/2136 2022/2022 2170/2170
f 2136/2136 2170/2170 2182/2182
f 2136/2136 2182/2182 2192/2192
f 2192/2192 2182/2182 2261/2261
f 2261/2261 2182/2182 2170/2170
f 2022/2022 2019/2019 2162/2162
f 2022/2022 2162/2162 2170/2170
f 2261/2261 2170/2170 2212/2212
f 2212/2212 2170/2170 2162/2162
f 2261/2261 2212/2212 2340/2340
f 2261/2261 2340/2340 2371/2371
f 2212/2212 2162/2162 2248/2248
f 2162/2162 2019/2019 2174/2174
f 2162/2162 2174/2174 2248/2248
f 2174/2174 2019/2019 2206/2206
f 2206/2206 2019/2019 1953/1953
f 2340/2340 2212/2212 2352/2352
f 2352/2352 2212/2212 2248/2248
f 2340/2340 2352/2352 2431/2431
f 2340/2340 2431/2431 2458/2458
f 2352/2352 2248/2248 2369/2369
f 2352/2352 2369/2369 2431/2431
f 2336/2336 2248/2248 2174/2174
f 2336/2336 2174/2174 2206/2206
f 2369/2369 2248/2248 2355/2355
f 2355/2355 2248/2248 2336/2336
f 2431/2431 2369/2369 2416/2416
f 2416/2416 2369/2369 2355/2355
f 2355/2355 2336/2336 2445/2445
f 2336/2336 2206/2206 2346/2346
f 2336/2336 2346/2346 2445/2445
f 2346/2346 2206/2206 2252/2252
f 2252/2252 2206/2206 1953/1953
f 2445/2445 2346/2346 2404/2404
f 2355/2355 2445/2445 2471/2471
f 2355/2355 2471/2471 2416/2416
f 2445/2445 2404/2404 2507/2507
f 2445/2445 2507/2507 2471/2471
f 2404/2404 2346/2346 2399/2399
f 2399/2399 2346/2346 2252/2252
f 2404/2404 2399/2399 2469/2469
f 2404/2404 2469/2469 2507/2507
f 2399/2399 2252/2252 2314/2314
f 2469/2469 2399/2399 2418/2418
f 2418/2418 2399/2399 2314/2314
f 2469/2469 2418/2418 2567/2567
f 2469/2469 2567/2567 2507/2507
f 2567/2567 2418/2418 2504/2504
f 2418/2418 2314/2314 2385/2385
f 2418/2418 2385/2385 2504/2504
f 2255/2255 2314/2314 2252/2252
f 2314/2314 2255/2255 2385/2385
f 2255/2255 2252/2252 2087/2087
f 2087/2087 2252/2252 1953/1953
f 2087/2087 1953/1953 1942/1942
f 2087/2087 1942/1942 2188/2188
f 2087/2087 2188/2188 2255/2255
f 2255/2255 2188/2188 2305/2305
f 2305/2305 2188/2188 2101/2101
f 2344/2344 2385/2385 2255/2255
f 2344/2344 2255/2255 2305/2305
f 2305/2305 2101/2101 2329/2329
f 2385/2385 2344/2344 2463/2463
f 2385/2385 2463/2463 2504/2504
f 2344/2344 2305/2305 2342/2342
f 2342/2342 2305/2305 2329/2329
f 2463/2463 2344/2344 2401/2401
f 2401/2401 2344/2344 2342/2342
f 2401/2401 2342/2342 2409/2409
f 2409/2409 2342/2342 2329/2329
f 2463/2463 2401/2401 2536/2536
f 2409/2409 2329/2329 2414/2414
f 2414/2414 2329/2329 2296/2296
f 2414/2414 2296/2296 2420/2420
f 2401/2401 2409/2409 2484/2484
f 2401/2401 2484/2484 2536/2536
f 2409/2409 2414/2414 2502/2502
f 2409/2409 2502/2502 2484/2484
f 2414/2414 2420/2420 2503/2503
f 2414/2414 2503/2503 2502/2502
f 2503/2503 2420/2420 2576/2576
f 2576/2576 2420/2420 2450/2450
f 2576/2576 2450/2450 2608/2608
f 2503/2503 2576/2576 2559/2559
f 2503/2503 2559/2559 2502/2502
f 2576/2576 2608/2608 2654/2654
f 2576/2576 2654/2654 2559/2559
f 2654/2654 2608/2608 2676/2676
f 2502/2502 2559/2559 2615/2615
f 2502/2502 2615/2615 2484/2484
f 2559/2559 2654/2654 2697/2697
f 2559/2559 2697/2697 2615/2615
f 2697/2697 2654/2654 2834/2834
f 2834/2834 2654/2654 2768/2768
f 2768/2768 2654/2654 2765/2765
f 2768/2768 2765/2765 2863/2863
f 2768/2768 2863/2863 2834/2834
f 2834/2834 2863/2863 2929/2929
f 2697/2697 2834/2834 2841/2841
f 2834/2834 2929/2929 2924/2924
f 2834/2834 2924/2924 2841/2841
f 3007/3007 3016/3016 2929/2929
f 2929/2929 3016/3016 2924/2924
f 2924/2924 3016/3016 3111/3111
f 3111/3111 3016/3016 3105/3105
f 2924/2924 3111/3111 3038/3038
f 2924/2924 3038/3038 2921/2921
f 2924/2924 2921/2921 2841/2841
f 2776/2776 2697/2697 2841/2841
f 2697/2697 2776/2776 2615/2615
f 2841/2841 2921/2921 2817/2817
f 2776/2776 2841/2841 2762/2762
f 2762/2762 2841/2841 2817/2817
f 2817/2817 2921/2921 2823/2823
f 2823/2823 2921/2921 2845/2845
f 2762/2762 2817/2817 2770/2770
f 2770/2770 2817/2817 2823/2823
f 2776/2776 2762/2762 2682/2682
f 2776/2776 2682/2682 2615/2615
f 2682/2682 2762/2762 2770/2770
f 2615/2615 2682/2682 2660/2660
f 2615/2615 2660/2660 2484/2484
f 2682/2682 2770/2770 2740/2740
f 2682/2682 2740/2740 2660/2660
f 2740/2740 2770/2770 2823/2823
f 2484/2484 2660/2660 2614/2614
f 2484/2484 2614/2614 2536/2536
f 2660/2660 2740/2740 2669/2669
f 2660/2660 2669/2669 2614/2614
f 2740/2740 2823/2823 2734/2734
f 2740/2740 2734/2734 2669/2669
f 2734/2734 2823/2823 2809/2809
f 2809/2809 2823/2823 2845/2845
f 2809/2809 2845/2845 2930/2930
f 2809/2809 2930/2930 2946/2946
f 2734/2734 2809/2809 2789/2789
f 2734/2734 2789/2789 2669/2669
f 2789/2789 2809/2809 2946/2946
f 2699/2699 2614/2614 2669/2669
f 2699/2699 2669/2669 2789/2789
f 2570/2570 2536/2536 2614/2614
f 2570/2570 2614/2614 2699/2699
f 2536/2536 2570/2570 2463/2463
f 2463/2463 2570/2570 2504/2504
f 2789/2789 2946/2946 2813/2813
f 2789/2789 2813/2813 2699/2699
f 2813/2813 2946/2946 2975/2975
f 2570/2570 2699/2699 2646/2646
f 2570/2570 2646/2646 2504/2504
f 2646/2646 2699/2699 2813/2813
f 2504/2504 2646/2646 2644/2644
f 2644/2644 2646/2646 2813/2813
f 2504/2504 2644/2644 2567/2567
f 2813/2813 2975/2975 2859/2859
f 2644/2644 2813/2813 2804/2804
f 2804/2804 2813/2813 2859/2859
f 2859/2859 2975/2975 2899/2899
f 2859/2859 2899/2899 2804/2804
f 2899/2899 2975/2975 3004/3004
f 2899/2899 3004/3004 2893/2893
f 2899/2899 2893/2893 2804/2804
f 2627/2627 2567/2567 2644/2644
f 2567/2567 2627/2627 2507/2507
f 2714/2714 2644/2644 2804/2804
f 2644/2644 2714/2714 2627/2627
f 2804/2804 2893/2893 2774/2774
f 2804/2804 2774/2774 2714/2714
f 2774/2774 2893/2893 2883/2883
f 2883/2883 2893/2893 2988/2988
f 2714/2714 2774/2774 2683/2683
f 2714/2714 2683/2683 2627/2627
f 2774/2774 2883/2883 2786/2786
f 2774/2774 2786/2786 2683/2683
f 2786/2786 2883/2883 2857/2857
f 2627/2627 2683/2683 2589/2589
f 2627/2627 2589/2589 2507/2507
f 2683/2683 2786/2786 2655/2655
f 2683/2683 2655/2655 2589/2589
f 2786/2786 2857/2857 2708/2708
f 2786/2786 2708/2708 2655/2655
f 2708/2708 2857/2857 2852/2852
f 2589/2589 2655/2655 2588/2588
f 2588/2588 2655/2655 2708/2708
f 2541/2541 2507/2507 2589/2589
f 2541/2541 2589/2589 2588/2588
f 2507/2507 2541/2541 2471/2471
f 2471/2471 2541/2541 2522/2522
f 2522/2522 2541/2541 2588/2588
f 2471/2471 2522/2522 2416/2416
f 2588/2588 2708/2708 2605/2605
f 2588/2588 2605/2605 2522/2522
f 2605/2605 2708/2708 2693/2693
f 2605/2605 2693/2693 2564/2564
f 2522/2522 2605/2605 2548/2548
f 2522/2522 2548/2548 2416/2416
f 2548/2548 2605/2605 2564/2564
f 2416/2416 2548/2548 2500/2500
f 2500/2500 2548/2548 2564/2564
f 2416/2416 2500/2500 2431/2431
f 2500/2500 2564/2564 2498/2498
f 2500/2500 2498/2498 2431/2431
f 4865/4865 4931/4931 5077/5077
f 4931/4931 4865/4865 4677/4677
f 4532/4532 4551/4551 4677/4677
f 4532/4532 4677/4677 4694/4694
f 4694/4694 4677/4677 4865/4865
f 4532/4532 4694/4694 4521/4521
f 4521/4521 4694/4694 4499/4499
f 4694/4694 4865/4865 4881/4881
f 4881/4881 4865/4865 5108/5108
f 4499/4499 4694/4694 4715/4715
f 4715/4715 4694/4694 4881/4881
f 4499/4499 4715/4715 4543/4543
f 4715/4715 4881/4881 4720/4720
f 4715/4715 4720/4720 4543/4543
f 4999/4999 4822/4822 4881/4881
f 4881/4881 4822/4822 4720/4720
f 4499/4499 4543/4543 4496/4496
f 4499/4499 4496/4496 4443/4443
f 4443/4443 4496/4496 4478/4478
f 4496/4496 4543/4543 4566/4566
f 4566/4566 4543/4543 4720/4720
f 4478/4478 4496/4496 4497/4497
f 4497/4497 4496/4496 4566/4566
f 4478/4478 4497/4497 4481/4481
f 4481/4481 4497/4497 4495/4495
f 4481/4481 4495/4495 4484/4484
f 4495/4495 4497/4497 4606/4606
f 4497/4497 4566/4566 4576/4576
f 4497/4497 4576/4576 4606/4606
f 4633/4633 4566/4566 4720/4720
f 4566/4566 4633/4633 4576/4576
f 4633/4633 4720/4720 4749/4749
f 4749/4749 4720/4720 4822/4822
f 4749/4749 4822/4822 4928/4928
f 4749/4749 4928/4928 4807/4807
f 4633/4633 4749/4749 4703/4703
f 4703/4703 4749/4749 4807/4807
f 4576/4576 4633/4633 4631/4631
f 4631/4631 4633/4633 4703/4703
f 4576/4576 4631/4631 4606/4606
f 4703/4703 4807/4807 4706/4706
f 4703/4703 4706/4706 4631/4631
f 4631/4631 4706/4706 4606/4606
f 4706/4706 4807/4807 4861/4861
f 4706/4706 4861/4861 4710/4710
f 4706/4706 4710/4710 4606/4606
f 4710/4710 4861/4861 4789/4789
f 4606/4606 4710/4710 4573/4573
f 4606/4606 4573/4573 4495/4495
f 4495/4495 4573/4573 4484/4484
f 4710/4710 4789/4789 4651/4651
f 4710/4710 4651/4651 4573/4573
f 4651/4651 4789/4789 4723/4723
f 4484/4484 4573/4573 4479/4479
f 4479/4479 4573/4573 4651/4651
f 4484/4484 4479/4479 4360/4360
f 4484/4484 4360/4360 4143/4143
f 4479/4479 4651/4651 4475/4475
f 4479/4479 4475/4475 4360/4360
f 4651/4651 4723/4723 4562/4562
f 4562/4562 4723/4723 4692/4692
f 4562/4562 4692/4692 4570/4570
f 4562/4562 4570/4570 4426/4426
f 4651/4651 4562/4562 4464/4464
f 4651/4651 4464/4464 4475/4475
f 4562/4562 4426/4426 4438/4438
f 4562/4562 4438/4438 4464/4464
f 4438/4438 4426/4426 4176/4176
f 4475/4475 4464/4464 4462/4462
f 4475/4475 4462/4462 4360/4360
f 4464/4464 4438/4438 4445/4445
f 4464/4464 4445/4445 4462/4462
f 4360/4360 4462/4462 4194/4194
f 4194/4194 4462/4462 4445/4445
f 4360/4360 4194/4194 4143/4143
f 4143/4143 4194/4194 3824/3824
f 4143/4143 3824/3824 3703/3703
f 3703/3703 3824/3824 3691/3691
f 3691/3691 3824/3824 3687/3687
f 3687/3687 3824/3824 3689/3689
f 3824/3824 4194/4194 3984/3984
f 3824/3824 3984/3984 3689/3689
f 3984/3984 4194/4194 4445/4445
f 4126/4126 4445/4445 4438/4438
f 4445/4445 4126/4126 3984/3984
f 4126/4126 4438/4438 4176/4176
f 3689/3689 3984/3984 3677/3677
f 3677/3677 3984/3984 4126/4126
f 3689/3689 3677/3677 3661/3661
f 3661/3661 3677/3677 3671/3671
f 3677/3677 4126/4126 3706/3706
f 3706/3706 4126/4126 4176/4176
f 3677/3677 3706/3706 3671/3671
f 3661/3661 3671/3671 3666/3666
f 3666/3666 3671/3671 3706/3706
f 3666/3666 3706/3706 4176/4176
f 3666/3666 4176/4176 3694/3694
f 3666/3666 3694/3694 3646/3646
f 4549/4549 4372/4372 4062/4062
f 4372/4372 4549/4549 4531/4531
f 4549/4549 4062/4062 4098/4098
f 4372/4372 4531/4531 4520/4520
f 4098/4098 4062/4062 3815/3815
f 4372/4372 4520/4520 4223/4223
f 4372/4372 4223/4223 4062/4062
f 4223/4223 4520/4520 4498/4498
f 4223/4223 4498/4498 4442/4442
f 3815/3815 4062/4062 3718/3718
f 3815/3815 3718/3718 18/18
f 4062/4062 4223/4223 3861/3861
f 4062/4062 3861/3861 3718/3718
f 18/18 3718/3718 295/295
f 295/295 3718/3718 3861/3861
f 18/18 295/295 386/386
f 386/386 295/295 1025/1025
f 1025/1025 295/295 284/284
f 284/284 295/295 3861/3861
f 4075/4075 3861/3861 4223/4223
f 4075/4075 4223/4223 4442/4442
f 3861/3861 4075/4075 284/284
f 1025/1025 284/284 1112/1112
f 4075/4075 4442/4442 4053/4053
f 4053/4053 4442/4442 4477/4477
f 284/284 4075/4075 3768/3768
f 4075/4075 4053/4053 3987/3987
f 4075/4075 3987/3987 3768/3768
f 3768/3768 3987/3987 4053/4053
f 1112/1112 284/284 1184/1184
f 1112/1112 1184/1184 1322/1322
f 1184/1184 284/284 304/304
f 304/304 284/284 3768/3768
f 1322/1322 1184/1184 1162/1162
f 1322/1322 1162/1162 1470/1470
f 1162/1162 1184/1184 959/959
f 959/959 1184/1184 304/304
f 1470/1470 1162/1162 1221/1221
f 1470/1470 1221/1221 1830/1830
f 1830/1830 1221/1221 1812/1812
f 1812/1812 1221/1221 1324/1324
f 1162/1162 959/959 943/943
f 1162/1162 943/943 1221/1221
f 959/959 304/304 872/872
f 959/959 872/872 943/943
f 1324/1324 1221/1221 992/992
f 1324/1324 992/992 1003/1003
f 1221/1221 943/943 965/965
f 1221/1221 965/965 992/992
f 992/992 965/965 941/941
f 965/965 943/943 892/892
f 892/892 943/943 872/872
f 941/941 965/965 917/917
f 917/917 965/965 892/892
f 992/992 941/941 953/953
f 992/992 953/953 1003/1003
f 953/953 941/941 917/917
f 892/892 872/872 884/884
f 892/892 884/884 917/917
f 1003/1003 953/953 972/972
f 1003/1003 972/972 990/990
f 953/953 917/917 944/944
f 990/990 972/972 1007/1007
f 990/990 1007/1007 1006/1006
f 972/972 953/953 978/978
f 978/978 953/953 944/944
f 972/972 978/978 1007/1007
f 1006/1006 1007/1007 1023/1023
f 1023/1023 1007/1007 1009/1009
f 918/918 944/944 917/917
f 918/918 917/917 884/884
f 978/978 944/944 964/964
f 964/964 944/944 918/918
f 1007/1007 978/978 986/986
f 1007/1007 986/986 1009/1009
f 986/986 978/978 964/964
f 1009/1009 986/986 966/966
f 966/966 986/986 964/964
f 1009/1009 966/966 1011/1011
f 964/964 918/918 926/926
f 966/966 964/964 933/933
f 964/964 926/926 902/902
f 964/964 902/902 933/933
f 1011/1011 966/966 960/960
f 902/902 926/926 906/906
f 926/926 918/918 897/897
f 902/902 906/906 893/893
f 906/906 926/926 914/914
f 906/906 914/914 893/893
f 914/914 926/926 909/909
f 909/909 926/926 897/897
f 893/893 914/914 848/848
f 848/848 914/914 909/909
f 902/902 893/893 856/856
f 856/856 893/893 848/848
f 890/890 897/897 918/918
f 890/890 918/918 884/884
f 909/909 897/897 857/857
f 909/909 857/857 848/848
f 897/897 890/890 854/854
f 897/897 854/854 857/857
f 890/890 884/884 861/861
f 890/890 861/861 854/854
f 861/861 884/884 863/863
f 863/863 884/884 872/872
f 863/863 872/872 235/235
f 863/863 235/235 861/861
f 235/235 872/872 304/304
f 235/235 304/304 3582/3582
f 3582/3582 304/304 3768/3768
f 861/861 235/235 3553/3553
f 3553/3553 235/235 3582/3582
f 3579/3579 854/854 861/861
f 3579/3579 861/861 3553/3553
f 3553/3553 3582/3582 3594/3594
f 3594/3594 3582/3582 3768/3768
f 3553/3553 3594/3594 3602/3602
f 3553/3553 3602/3602 3579/3579
f 854/854 3579/3579 289/289
f 854/854 289/289 857/857
f 857/857 289/289 3634/3634
f 289/289 3579/3579 3572/3572
f 289/289 3572/3572 3634/3634
f 857/857 3634/3634 848/848
f 3572/3572 3579/3579 3608/3608
f 3608/3608 3579/3579 3602/3602
f 3634/3634 3572/3572 3607/3607
f 3607/3607 3572/3572 3608/3608
f 3608/3608 3602/3602 3626/3626
f 3608/3608 3626/3626 3607/3607
f 3603/3603 3602/3602 3594/3594
f 3634/3634 3607/3607 3616/3616
f 3616/3616 3607/3607 3626/3626
f 3634/3634 3616/3616 3654/3654
f 3634/3634 3654/3654 848/848
f 3602/3602 3603/3603 3611/3611
f 3602/3602 3611/3611 3626/3626
f 3603/3603 3594/3594 3667/3667
f 3603/3603 3667/3667 3611/3611
f 3667/3667 3594/3594 3768/3768
f 848/848 3654/3654 205/205
f 3667/3667 3768/3768 3860/3860
f 3860/3860 3768/3768 4053/4053
f 3611/3611 3667/3667 3657/3657
f 3657/3657 3667/3667 3860/3860
f 3611/3611 3657/3657 3628/3628
f 3611/3611 3628/3628 3626/3626
f 3657/3657 3860/3860 3668/3668
f 3657/3657 3668/3668 3628/3628
f 3860/3860 4053/4053 4253/4253
f 4253/4253 4053/4053 4477/4477
f 4253/4253 4477/4477 4480/4480
f 4253/4253 4480/4480 4142/4142
f 4142/4142 4480/4480 4483/4483
f 3860/3860 4253/4253 3938/3938
f 3938/3938 4253/4253 4142/4142
f 3860/3860 3938/3938 3668/3668
f 3938/3938 4142/4142 3702/3702
f 3668/3668 3938/3938 3685/3685
f 3685/3685 3938/3938 3702/3702
f 3668/3668 3685/3685 3647/3647
f 3668/3668 3647/3647 3628/3628
f 3685/3685 3702/3702 3674/3674
f 3628/3628 3647/3647 3652/3652
f 3628/3628 3652/3652 3626/3626
f 3647/3647 3685/3685 3664/3664
f 3664/3664 3685/3685 3674/3674
f 3647/3647 3664/3664 3652/3652
f 3674/3674 3702/3702 3684/3684
f 3684/3684 3702/3702 3690/3690
f 3664/3664 3674/3674 3670/3670
f 3670/3670 3674/3674 3684/3684
f 3664/3664 3670/3670 3652/3652
f 3684/3684 3690/3690 3683/3683
f 3684/3684 3683/3683 3670/3670
f 3683/3683 3690/3690 3686/3686
f 3683/3683 3686/3686 3679/3679
f 3679/3679 3686/3686 3688/3688
f 3679/3679 3688/3688 3660/3660
f 3679/3679 3660/3660 3650/3650
f 3683/3683 3679/3679 3680/3680
f 3683/3683 3680/3680 3670/3670
f 3679/3679 3650/3650 3662/3662
f 3679/3679 3662/3662 3680/3680
f 3662/3662 3650/3650 3639/3639
f 3662/3662 3639/3639 3620/3620
f 3620/3620 3639/3639 3597/3597
f 3620/3620 3597/3597 3586/3586
f 3620/3620 3586/3586 3577/3577
f 3662/3662 3620/3620 3675/3675
f 3662/3662 3675/3675 3680/3680
f 3620/3620 3577/3577 3635/3635
f 3620/3620 3635/3635 3675/3675
f 3635/3635 3577/3577 41/41
f 41/41 3577/3577 49/49
f 41/41 49/49 103/103
f 41/41 103/103 147/147
f 3680/3680 3675/3675 3656/3656
f 3675/3675 3635/3635 3642/3642
f 3675/3675 3642/3642 3656/3656
f 3635/3635 41/41 3619/3619
f 3635/3635 3619/3619 3642/3642
f 41/41 147/147 44/44
f 3642/3642 3619/3619 3558/3558
f 3619/3619 41/41 3535/3535
f 3535/3535 41/41 44/44
f 3619/3619 3535/3535 3558/3558
f 3535/3535 44/44 39/39
f 3535/3535 39/39 3558/3558
f 44/44 147/147 67/67
f 44/44 67/67 39/39
f 3642/3642 3558/3558 3615/3615
f 3642/3642 3615/3615 3656/3656
f 3656/3656 3615/3615 3643/3643
f 3656/3656 3643/3643 3680/3680
f 3615/3615 3558/3558 3591/3591
f 3615/3615 3591/3591 3643/3643
f 3557/3557 3558/3558 39/39
f 3558/3558 3557/3557 3591/3591
f 3680/3680 3643/3643 3655/3655
f 3680/3680 3655/3655 3670/3670
f 3670/3670 3655/3655 3652/3652
f 3652/3652 3655/3655 3638/3638
f 3638/3638 3655/3655 3643/3643
f 3652/3652 3638/3638 3626/3626
f 3626/3626 3638/3638 3616/3616
f 3638/3638 3643/3643 3624/3624
f 3624/3624 3643/3643 3591/3591
f 3616/3616 3638/3638 3599/3599
f 3599/3599 3638/3638 3624/3624
f 3616/3616 3599/3599 3654/3654
f 3654/3654 3599/3599 3618/3618
f 3654/3654 3618/3618 205/205
f 3599/3599 3624/3624 3583/3583
f 3583/3583 3624/3624 3591/3591
f 3618/3618 3599/3599 3605/3605
f 3605/3605 3599/3599 3583/3583
f 3618/3618 3605/3605 205/205
f 3605/3605 3583/3583 3584/3584
f 3605/3605 3584/3584 205/205
f 3583/3583 3591/3591 3568/3568
f 3583/3583 3568/3568 3584/3584
f 3568/3568 3591/3591 3562/3562
f 3562/3562 3591/3591 3557/3557
f 3584/3584 3568/3568 214/214
f 3584/3584 214/214 205/205
f 3568/3568 3562/3562 327/327
f 3568/3568 327/327 214/214
f 3562/3562 3557/3557 1/1
f 1/1 3557/3557 39/39
f 327/327 3562/3562 16/16
f 16/16 3562/3562 1/1
f 205/205 214/214 856/856
f 205/205 856/856 848/848
f 214/214 327/327 862/862
f 214/214 862/862 856/856
f 327/327 16/16 867/867
f 327/327 867/867 862/862
f 856/856 862/862 891/891
f 856/856 891/891 902/902
f 891/891 862/862 878/878
f 878/878 862/862 867/867
f 902/902 891/891 933/933
f 933/933 891/891 878/878
f 933/933 878/878 867/867
f 28/28 16/16 1/1
f 28/28 1/1 40/40
f 40/40 1/1 39/39
f 40/40 39/39 67/67
f 28/28 40/40 71/71
f 71/71 40/40 67/67
f 16/16 28/28 800/800
f 800/800 28/28 71/71
f 16/16 800/800 867/867
f 896/896 933/933 867/867
f 933/933 896/896 966/966
f 966/966 896/896 960/960
f 896/896 867/867 871/871
f 867/867 800/800 840/840
f 867/867 840/840 871/871
f 896/896 871/871 855/855
f 855/855 871/871 840/840
f 896/896 855/855 960/960
f 840/840 800/800 802/802
f 802/802 800/800 71/71
f 840/840 802/802 796/796
f 840/840 796/796 855/855
f 802/802 71/71 723/723
f 802/802 723/723 796/796
f 723/723 71/71 713/713
f 796/796 723/723 746/746
f 796/796 746/746 855/855
f 746/746 723/723 713/713
f 713/713 71/71 67/67
f 855/855 746/746 828/828
f 855/855 828/828 866/866
f 855/855 866/866 960/960
f 828/828 746/746 718/718
f 866/866 828/828 865/865
f 865/865 828/828 718/718
f 960/960 866/866 942/942
f 942/942 866/866 865/865
f 960/960 942/942 1011/1011
f 942/942 865/865 934/934
f 1011/1011 942/942 982/982
f 982/982 942/942 934/934
f 1011/1011 982/982 1030/1030
f 1030/1030 982/982 971/971
f 971/971 982/982 934/934
f 971/971 934/934 865/865
f 971/971 865/865 852/852
f 852/852 865/865 718/718
f 852/852 718/718 734/734
f 639/639 656/656 718/718
f 639/639 718/718 660/660
f 639/639 660/660 320/320
f 320/320 660/660 153/153
f 660/660 718/718 709/709
f 709/709 718/718 746/746
f 709/709 746/746 713/713
f 709/709 713/713 628/628
f 709/709 628/628 660/660
f 628/628 713/713 67/67
f 153/153 660/660 150/150
f 150/150 660/660 628/628
f 628/628 67/67 107/107
f 628/628 107/107 150/150
f 107/107 67/67 118/118
f 107/107 118/118 150/150
f 150/150 118/118 153/153
f 118/118 67/67 147/147
f 118/118 147/147 153/153
f 2667/2667 2677/2677 2597/2597
f 2667/2667 2597/2597 2694/2694
f 2677/2677 2667/2667 2793/2793
f 2677/2677 2793/2793 2839/2839
f 2839/2839 2793/2793 2892/2892
f 2793/2793 2667/2667 2798/2798
f 2793/2793 2798/2798 2892/2892
f 2798/2798 2667/2667 2694/2694
f 2892/2892 2798/2798 2853/2853
f 2853/2853 2798/2798 2694/2694
f 2853/2853 2694/2694 2709/2709
f 2926/2926 2928/2928 2862/2862
f 2928/2928 2926/2926 3006/3006
f 2926/2926 2862/2862 2850/2850
f 2850/2850 2862/2862 2764/2764
f 3006/3006 2926/2926 2949/2949
f 2926/2926 2850/2850 2864/2864
f 2926/2926 2864/2864 2949/2949
f 2850/2850 2764/2764 2760/2760
f 2850/2850 2760/2760 2864/2864
f 2760/2760 2764/2764 2675/2675
f 2675/2675 2764/2764 2653/2653
f 2864/2864 2760/2760 2705/2705
f 2864/2864 2705/2705 2949/2949
f 2760/2760 2675/2675 2661/2661
f 2760/2760 2661/2661 2705/2705
f 2661/2661 2675/2675 2642/2642
f 2642/2642 2675/2675 2607/2607
f 2661/2661 2642/2642 2601/2601
f 2601/2601 2642/2642 2607/2607
f 2705/2705 2661/2661 2632/2632
f 2632/2632 2661/2661 2601/2601
f 2761/2761 2949/2949 2705/2705
f 2601/2601 2607/2607 2486/2486
f 2486/2486 2607/2607 2449/2449
f 2486/2486 2449/2449 2411/2411
f 2601/2601 2486/2486 2482/2482
f 2601/2601 2482/2482 2632/2632
f 2486/2486 2411/2411 2350/2350
f 2486/2486 2350/2350 2482/2482
f 2350/2350 2411/2411 2318/2318
f 2318/2318 2411/2411 2231/2231
f 2318/2318 2231/2231 2180/2180
f 2350/2350 2318/2318 2211/2211
f 2211/2211 2318/2318 2180/2180
f 2180/2180 2231/2231 1861/1861
f 2350/2350 2211/2211 2338/2338
f 2350/2350 2338/2338 2482/2482
f 2211/2211 2180/2180 1981/1981
f 2482/2482 2338/2338 2467/2467
f 2338/2338 2211/2211 2221/2221
f 2467/2467 2338/2338 2308/2308
f 2308/2308 2338/2338 2221/2221
f 2221/2221 2211/2211 2041/2041
f 2041/2041 2211/2211 1981/1981
f 2221/2221 2041/2041 2175/2175
f 2221/2221 2175/2175 2308/2308
f 2175/2175 2041/2041 1961/1961
f 2041/2041 1981/1981 1855/1855
f 2041/2041 1855/1855 1961/1961
f 2308/2308 2175/2175 2222/2222
f 2222/2222 2175/2175 1961/1961
f 2308/2308 2222/2222 2345/2345
f 2492/2492 2467/2467 2308/2308
f 2492/2492 2308/2308 2345/2345
f 2540/2540 2482/2482 2467/2467
f 2540/2540 2467/2467 2492/2492
f 2482/2482 2540/2540 2650/2650
f 2482/2482 2650/2650 2632/2632
f 2632/2632 2650/2650 2668/2668
f 2650/2650 2540/2540 2662/2662
f 2650/2650 2662/2662 2668/2668
f 2632/2632 2668/2668 2718/2718
f 2718/2718 2668/2668 2662/2662
f 2632/2632 2718/2718 2705/2705
f 2705/2705 2718/2718 2761/2761
f 2662/2662 2540/2540 2609/2609
f 2609/2609 2540/2540 2492/2492
f 2662/2662 2609/2609 2678/2678
f 2662/2662 2678/2678 2711/2711
f 2662/2662 2711/2711 2718/2718
f 2678/2678 2609/2609 2703/2703
f 2678/2678 2703/2703 2711/2711
f 2609/2609 2492/2492 2586/2586
f 2609/2609 2586/2586 2703/2703
f 2805/2805 2761/2761 2718/2718
f 2761/2761 2805/2805 2949/2949
f 2718/2718 2711/2711 2742/2742
f 2742/2742 2711/2711 2703/2703
f 2805/2805 2718/2718 2835/2835
f 2835/2835 2718/2718 2742/2742
f 2949/2949 2805/2805 2993/2993
f 2949/2949 2993/2993 3006/3006
f 2993/2993 2805/2805 2876/2876
f 2876/2876 2805/2805 2835/2835
f 3006/3006 2993/2993 3079/3079
f 3006/3006 3079/3079 3015/3015
f 3015/3015 3079/3079 3104/3104
f 3079/3079 2993/2993 3086/3086
f 3086/3086 2993/2993 2876/2876
f 3104/3104 3079/3079 3116/3116
f 3116/3116 3079/3079 3086/3086
f 3104/3104 3116/3116 3173/3173
f 3104/3104 3173/3173 3175/3175
f 3173/3173 3116/3116 3086/3086
f 3173/3173 3086/3086 3108/3108
f 3173/3173 3108/3108 3209/3209
f 3086/3086 2876/2876 2953/2953
f 2953/2953 2876/2876 2835/2835
f 3108/3108 3086/3086 2987/2987
f 2987/2987 3086/3086 2953/2953
f 3108/3108 2987/2987 3067/3067
f 3067/3067 2987/2987 3041/3041
f 3041/3041 2987/2987 2953/2953
f 3041/3041 2953/2953 2835/2835
f 3041/3041 2835/2835 2925/2925
f 3041/3041 2925/2925 3062/3062
f 3062/3062 2925/2925 3051/3051
f 2925/2925 2835/2835 2794/2794
f 3051/3051 2925/2925 2861/2861
f 2794/2794 2835/2835 2742/2742
f 2861/2861 2925/2925 2794/2794
f 2794/2794 2742/2742 2703/2703
f 2794/2794 2703/2703 2748/2748
f 2794/2794 2748/2748 2861/2861
f 2748/2748 2703/2703 2672/2672
f 2748/2748 2672/2672 2861/2861
f 2672/2672 2703/2703 2586/2586
f 2889/2889 3051/3051 2861/2861
f 2889/2889 2861/2861 2784/2784
f 2784/2784 2861/2861 2672/2672
f 2889/2889 2784/2784 2844/2844
f 2889/2889 2844/2844 2915/2915
f 2889/2889 2915/2915 2996/2996
f 2844/2844 2784/2784 2747/2747
f 2915/2915 2844/2844 2721/2721
f 2721/2721 2844/2844 2747/2747
f 2915/2915 2721/2721 2803/2803
f 2915/2915 2803/2803 2905/2905
f 2905/2905 2803/2803 2673/2673
f 2673/2673 2803/2803 2721/2721
f 2905/2905 2673/2673 2837/2837
f 2837/2837 2673/2673 2750/2750
f 2620/2620 2686/2686 2750/2750
f 2620/2620 2750/2750 2543/2543
f 2543/2543 2750/2750 2673/2673
f 2543/2543 2673/2673 2575/2575
f 2543/2543 2575/2575 2425/2425
f 2610/2610 2673/2673 2721/2721
f 2673/2673 2610/2610 2575/2575
f 2610/2610 2721/2721 2649/2649
f 2649/2649 2721/2721 2747/2747
f 2575/2575 2610/2610 2514/2514
f 2575/2575 2514/2514 2425/2425
f 2610/2610 2649/2649 2611/2611
f 2610/2610 2611/2611 2514/2514
f 2649/2649 2747/2747 2656/2656
f 2611/2611 2649/2649 2645/2645
f 2645/2645 2649/2649 2656/2656
f 2611/2611 2645/2645 2643/2643
f 2643/2643 2645/2645 2656/2656
f 2611/2611 2643/2643 2580/2580
f 2643/2643 2656/2656 2648/2648
f 2643/2643 2648/2648 2580/2580
f 2712/2712 2656/2656 2747/2747
f 2712/2712 2747/2747 2784/2784
f 2712/2712 2784/2784 2672/2672
f 2656/2656 2712/2712 2659/2659
f 2659/2659 2712/2712 2672/2672
f 2656/2656 2659/2659 2648/2648
f 2659/2659 2672/2672 2596/2596
f 2659/2659 2596/2596 2648/2648
f 2596/2596 2672/2672 2523/2523
f 2523/2523 2672/2672 2586/2586
f 2523/2523 2586/2586 2492/2492
f 2596/2596 2523/2523 2405/2405
f 2596/2596 2405/2405 2648/2648
f 2523/2523 2492/2492 2421/2421
f 2523/2523 2421/2421 2405/2405
f 2421/2421 2492/2492 2345/2345
f 2421/2421 2345/2345 2282/2282
f 2421/2421 2282/2282 2405/2405
f 2648/2648 2405/2405 2491/2491
f 2648/2648 2491/2491 2580/2580
f 2580/2580 2491/2491 2435/2435
f 2580/2580 2435/2435 2611/2611
f 2491/2491 2405/2405 2386/2386
f 2491/2491 2386/2386 2435/2435
f 2611/2611 2435/2435 2514/2514
f 2386/2386 2405/2405 2330/2330
f 2330/2330 2405/2405 2282/2282
f 2435/2435 2386/2386 2294/2294
f 2514/2514 2435/2435 2374/2374
f 2374/2374 2435/2435 2294/2294
f 2386/2386 2330/2330 2309/2309
f 2386/2386 2309/2309 2294/2294
f 2330/2330 2282/2282 2223/2223
f 2330/2330 2223/2223 2309/2309
f 2223/2223 2282/2282 2051/2051
f 2309/2309 2223/2223 2167/2167
f 2309/2309 2167/2167 2294/2294
f 2167/2167 2223/2223 2051/2051
f 2294/2294 2167/2167 2201/2201
f 2201/2201 2167/2167 1890/1890
f 1890/1890 2167/2167 2051/2051
f 2294/2294 2201/2201 2210/2210
f 2294/2294 2210/2210 2374/2374
f 2210/2210 2201/2201 2031/2031
f 2374/2374 2210/2210 2272/2272
f 2272/2272 2210/2210 2140/2140
f 2374/2374 2272/2272 2514/2514
f 2514/2514 2272/2272 2357/2357
f 2357/2357 2272/2272 2226/2226
f 2514/2514 2357/2357 2425/2425
f 2357/2357 2226/2226 2362/2362
f 2357/2357 2362/2362 2425/2425
f 2362/2362 2226/2226 2240/2240
f 2425/2425 2362/2362 2433/2433
f 1811/1811 1804/1804 2051/2051
f 1811/1811 2051/2051 1956/1956
f 1811/1811 1956/1956 1829/1829
f 1956/1956 2051/2051 2247/2247
f 2247/2247 2051/2051 2282/2282
f 2247/2247 2282/2282 2345/2345
f 2247/2247 2345/2345 2222/2222
f 2247/2247 2222/2222 1956/1956
f 1956/1956 2222/2222 1961/1961
f 1956/1956 1961/1961 1829/1829
f 1829/1829 1961/1961 1823/1823
f 1829/1829 1823/1823 1469/1469
f 1823/1823 1961/1961 1855/1855
f 1469/1469 1823/1823 1321/1321
f 1823/1823 1855/1855 1646/1646
f 1823/1823 1646/1646 1321/1321
f 1646/1646 1855/1855 1850/1850
f 1646/1646 1850/1850 1321/1321
f 1850/1850 1855/1855 1981/1981
f 1321/1321 1850/1850 1571/1571
f 1850/1850 1981/1981 1851/1851
f 1850/1850 1851/1851 1571/1571
f 1851/1851 1981/1981 2180/2180
f 1321/1321 1571/1571 1111/1111
f 1851/1851 2180/2180 1836/1836
f 1851/1851 1836/1836 1571/1571
f 1836/1836 2180/2180 1861/1861
f 1836/1836 1861/1861 1382/1382
f 1836/1836 1382/1382 1571/1571
f 1382/1382 1861/1861 1362/1362
f 1382/1382 1362/1362 1038/1038
f 1571/1571 1382/1382 1198/1198
f 1571/1571 1198/1198 1111/1111
f 1198/1198 1382/1382 1038/1038
f 1111/1111 1198/1198 1024/1024
f 1198/1198 1038/1038 388/388
f 1198/1198 388/388 1024/1024
f 1803/1803 1810/1810 1323/1323
f 1803/1803 1323/1323 1475/1475
f 1475/1475 1323/1323 1186/1186
f 1186/1186 1323/1323 1002/1002
f 1186/1186 1002/1002 989/989
f 1186/1186 989/989 1005/1005
f 1186/1186 1005/1005 1022/1022
f 1803/1803 1475/1475 1799/1799
f 1475/1475 1186/1186 1448/1448
f 2050/2050 1803/1803 1889/1889
f 1889/1889 1803/1803 1799/1799
f 1799/1799 1475/1475 1618/1618
f 1618/1618 1475/1475 1448/1448
f 1889/1889 1799/1799 1909/1909
f 1799/1799 1618/1618 1795/1795
f 1799/1799 1795/1795 1909/1909
f 1795/1795 1618/1618 1771/1771
f 1771/1771 1618/1618 1448/1448
f 1889/1889 1909/1909 2030/2030
f 1889/1889 2030/2030 2200/2200
f 1909/1909 1795/1795 1996/1996
f 1909/1909 1996/1996 2030/2030
f 1795/1795 1771/1771 1843/1843
f 1795/1795 1843/1843 1996/1996
f 2030/2030 1996/1996 2139/2139
f 2030/2030 2139/2139 2209/2209
f 1996/1996 1843/1843 1939/1939
f 1996/1996 1939/1939 2139/2139
f 1843/1843 1771/1771 1757/1757
f 1757/1757 1771/1771 1448/1448
f 1843/1843 1757/1757 1815/1815
f 1843/1843 1815/1815 1939/1939
f 1939/1939 1815/1815 2074/2074
f 1815/1815 1757/1757 1746/1746
f 1939/1939 2074/2074 2225/2225
f 2177/2177 2139/2139 1939/1939
f 2177/2177 1939/1939 2225/2225
f 2139/2139 2177/2177 2271/2271
f 2271/2271 2177/2177 2225/2225
f 1746/1746 1757/1757 1387/1387
f 1387/1387 1757/1757 1448/1448
f 1746/1746 1387/1387 1268/1268
f 1268/1268 1387/1387 1106/1106
f 1387/1387 1448/1448 1189/1189
f 1189/1189 1448/1448 1186/1186
f 1106/1106 1387/1387 1075/1075
f 1075/1075 1387/1387 1189/1189
f 1189/1189 1186/1186 1037/1037
f 1037/1037 1186/1186 1022/1022
f 1075/1075 1189/1189 1050/1050
f 1050/1050 1189/1189 1037/1037
f 1075/1075 1050/1050 1053/1053
f 1050/1050 1037/1037 1046/1046
f 1050/1050 1046/1046 1053/1053
f 1037/1037 1022/1022 1033/1033
f 1037/1037 1033/1033 1046/1046
f 1033/1033 1022/1022 1008/1008
f 1033/1033 1008/1008 1010/1010
f 1075/1075 1053/1053 1052/1052
f 1052/1052 1053/1053 1046/1046
f 1075/1075 1052/1052 1106/1106
f 1106/1106 1052/1052 1047/1047
f 1106/1106 1047/1047 1013/1013
f 1047/1047 1052/1052 1042/1042
f 1042/1042 1052/1052 1046/1046
f 1042/1042 1046/1046 1034/1034
f 1034/1034 1046/1046 1033/1033
f 1034/1034 1033/1033 1010/1010
f 1042/1042 1034/1034 1035/1035
f 1034/1034 1010/1010 1029/1029
f 1034/1034 1029/1029 1035/1035
f 4901/4901 4890/4890 4837/4837
f 4901/4901 4837/4837 4933/4933
f 4901/4901 4933/4933 4963/4963
f 4963/4963 4933/4933 5010/5010
f 4933/4933 4837/4837 4779/4779
f 4933/4933 4779/4779 4906/4906
f 4933/4933 4906/4906 5028/5028
f 5028/5028 4906/4906 5102/5102
f 5102/5102 4906/4906 4979/4979
f 5102/5102 4979/4979 5073/5073
f 5102/5102 5073/5073 5181/5181
f 5102/5102 5181/5181 5255/5255
f 5255/5255 5181/5181 5358/5358
f 4979/4979 4906/4906 4835/4835
f 4835/4835 4906/4906 4779/4779
f 4979/4979 4835/4835 4921/4921
f 4835/4835 4779/4779 4713/4713
f 4921/4921 4835/4835 4818/4818
f 4818/4818 4835/4835 4713/4713
f 4921/4921 4818/4818 4858/4858
f 4858/4858 4818/4818 4785/4785
f 4785/4785 4818/4818 4698/4698
f 4785/4785 4698/4698 4658/4658
f 4698/4698 4818/4818 4713/4713
f 4670/4670 4713/4713 4779/4779
f 4698/4698 4713/4713 4618/4618
f 4670/4670 4779/4779 4721/4721
f 4721/4721 4779/4779 4837/4837
f 4713/4713 4670/4670 4589/4589
f 4713/4713 4589/4589 4618/4618
f 4670/4670 4721/4721 4622/4622
f 4721/4721 4837/4837 4621/4621
f 4621/4621 4837/4837 4733/4733
f 4621/4621 4733/4733 4544/4544
f 4621/4621 4544/4544 4493/4493
f 4721/4721 4621/4621 4557/4557
f 4557/4557 4621/4621 4493/4493
f 4721/4721 4557/4557 4622/4622
f 4557/4557 4493/4493 4458/4458
f 4622/4622 4557/4557 4588/4588
f 4590/4590 4670/4670 4622/4622
f 4590/4590 4622/4622 4588/4588
f 4670/4670 4590/4590 4589/4589
f 4588/4588 4557/4557 4542/4542
f 4542/4542 4557/4557 4458/4458
f 4588/4588 4542/4542 4590/4590
f 4542/4542 4458/4458 4500/4500
f 4542/4542 4500/4500 4590/4590
f 4500/4500 4458/4458 4432/4432
f 4432/4432 4458/4458 4319/4319
f 4590/4590 4500/4500 4554/4554
f 4500/4500 4432/4432 4461/4461
f 4500/4500 4461/4461 4554/4554
f 4432/4432 4319/4319 4395/4395
f 4432/4432 4395/4395 4461/4461
f 4554/4554 4461/4461 4444/4444
f 4444/4444 4461/4461 4395/4395
f 4590/4590 4554/4554 4564/4564
f 4590/4590 4564/4564 4589/4589
f 4564/4564 4554/4554 4444/4444
f 4589/4589 4564/4564 4584/4584
f 4589/4589 4584/4584 4618/4618
f 4564/4564 4444/4444 4516/4516
f 4564/4564 4516/4516 4584/4584
f 4444/4444 4395/4395 4354/4354
f 4618/4618 4584/4584 4552/4552
f 4552/4552 4584/4584 4516/4516
f 4516/4516 4444/4444 4436/4436
f 4436/4436 4444/4444 4354/4354
f 4552/4552 4516/4516 4453/4453
f 4453/4453 4516/4516 4436/4436
f 4618/4618 4552/4552 4596/4596
f 4618/4618 4596/4596 4698/4698
f 4698/4698 4596/4596 4574/4574
f 4574/4574 4596/4596 4488/4488
f 4488/4488 4596/4596 4552/4552
f 4488/4488 4552/4552 4453/4453
f 4488/4488 4453/4453 4384/4384
f 4384/4384 4453/4453 4368/4368
f 4399/4399 4453/4453 4436/4436
f 4453/4453 4399/4399 4368/4368
f 4399/4399 4436/4436 4354/4354
f 4368/4368 4399/4399 4281/4281
f 4281/4281 4399/4399 4354/4354
f 4368/4368 4281/4281 4129/4129
f 4129/4129 4281/4281 4050/4050
f 4281/4281 4354/4354 4245/4245
f 4281/4281 4245/4245 4050/4050
f 4245/4245 4354/4354 4244/4244
f 4244/4244 4354/4354 4395/4395
f 4245/4245 4244/4244 4041/4041
f 4245/4245 4041/4041 4050/4050
f 4244/4244 4395/4395 4202/4202
f 4244/4244 4202/4202 4041/4041
f 4202/4202 4395/4395 4319/4319
f 4202/4202 4319/4319 3995/3995
f 4202/4202 3995/3995 4041/4041
f 3882/3882 4129/4129 4050/4050
f 4129/4129 3882/3882 3742/3742
f 3742/3742 3882/3882 3534/3534
f 3534/3534 3882/3882 4050/4050
f 3742/3742 3534/3534 180/180
f 180/180 3534/3534 187/187
f 187/187 3534/3534 175/175
f 3559/3559 4050/4050 4041/4041
f 4050/4050 3559/3559 3534/3534
f 3534/3534 3559/3559 175/175
f 3559/3559 4041/4041 3995/3995
f 175/175 3559/3559 183/183
f 183/183 3559/3559 3995/3995
f 4210/4210 4410/4410 3777/3777
f 3777/3777 4410/4410 3907/3907
f 3777/3777 3907/3907 3556/3556
f 4410/4410 4210/4210 4494/4494
f 4410/4410 4494/4494 4546/4546
f 4494/4494 4210/4210 4459/4459
f 4459/4459 4210/4210 4247/4247
f 4459/4459 4247/4247 4320/4320
f 4320/4320 4247/4247 3996/3996
f 4247/4247 4210/4210 4134/4134
f 4247/4247 4134/4134 3996/3996
f 4134/4134 4210/4210 3777/3777
f 3996/3996 4134/4134 3784/3784
f 3996/3996 3784/3784 184/184
f 184/184 3784/3784 219/219
f 3784/3784 4134/4134 3722/3722
f 3784/3784 3722/3722 219/219
f 3722/3722 4134/4134 3777/3777
f 219/219 3722/3722 247/247
f 3722/3722 3777/3777 294/294
f 294/294 3777/3777 3556/3556
f 247/247 3722/3722 405/405
f 405/405 3722/3722 294/294
f 255/255 247/247 532/532
f 532/532 247/247 405/405
f 294/294 3556/3556 343/343
f 343/343 3556/3556 302/302
f 343/343 302/302 1142/1142
f 294/294 343/343 979/979
f 979/979 343/343 1142/1142
f 294/294 979/979 405/405
f 979/979 1142/1142 1400/1400
f 532/532 405/405 1114/1114
f 405/405 979/979 1238/1238
f 1238/1238 979/979 1400/1400
f 405/405 1238/1238 1114/1114
f 532/532 1114/1114 739/739
f 1238/1238 1400/1400 1595/1595
f 1595/1595 1400/1400 1910/1910
f 1114/1114 1238/1238 1487/1487
f 1487/1487 1238/1238 1595/1595
f 739/739 1114/1114 1361/1361
f 1361/1361 1114/1114 1487/1487
f 1595/1595 1910/1910 1891/1891
f 1891/1891 1910/1910 2032/2032
f 1487/1487 1595/1595 1814/1814
f 1814/1814 1595/1595 1891/1891
f 1361/1361 1487/1487 1582/1582
f 1582/1582 1487/1487 1814/1814
f 739/739 1361/1361 1251/1251
f 1251/1251 1361/1361 1582/1582
f 739/739 1251/1251 963/963
f 739/739 963/963 787/787
f 1814/1814 1891/1891 1979/1979
f 1979/1979 1891/1891 2178/2178
f 1979/1979 2178/2178 2213/2213
f 787/787 963/963 1067/1067
f 787/787 1067/1067 825/825
f 963/963 1251/1251 1333/1333
f 963/963 1333/1333 1067/1067
f 825/825 1067/1067 903/903
f 825/825 903/903 820/820
f 903/903 1067/1067 1124/1124
f 1124/1124 1067/1067 1277/1277
f 1277/1277 1067/1067 1333/1333
f 1333/1333 1251/1251 1667/1667
f 1667/1667 1251/1251 1582/1582
f 1277/1277 1333/1333 1640/1640
f 1277/1277 1640/1640 1559/1559
f 1333/1333 1667/1667 1600/1600
f 1333/1333 1600/1600 1640/1640
f 1640/1640 1600/1600 1742/1742
f 1640/1640 1742/1742 1657/1657
f 1742/1742 1600/1600 1821/1821
f 1821/1821 1600/1600 1667/1667
f 1742/1742 1821/1821 1877/1877
f 1877/1877 1821/1821 1904/1904
f 1821/1821 1667/1667 1800/1800
f 1800/1800 1667/1667 1582/1582
f 1800/1800 1582/1582 1814/1814
f 1821/1821 1800/1800 1901/1901
f 1821/1821 1901/1901 1904/1904
f 1800/1800 1814/1814 1931/1931
f 1800/1800 1931/1931 1901/1901
f 1931/1931 1814/1814 1979/1979
f 1904/1904 1901/1901 2171/2171
f 1904/1904 2171/2171 1918/1918
f 1931/1931 1979/1979 2013/2013
f 1931/1931 2013/2013 1901/1901
f 2013/2013 1979/1979 2213/2213
f 2171/2171 1901/1901 2173/2173
f 2173/2173 1901/1901 2013/2013
f 2171/2171 2173/2173 2274/2274
f 2274/2274 2173/2173 2303/2303
f 2013/2013 2213/2213 2322/2322
f 2322/2322 2213/2213 2381/2381
f 2173/2173 2013/2013 2203/2203
f 2173/2173 2203/2203 2303/2303
f 2203/2203 2013/2013 2322/2322
f 2303/2303 2203/2203 2307/2307
f 2303/2303 2307/2307 2358/2358
f 2307/2307 2203/2203 2366/2366
f 2307/2307 2366/2366 2358/2358
f 2366/2366 2203/2203 2322/2322
f 2358/2358 2366/2366 2505/2505
f 2478/2478 2322/2322 2381/2381
f 2505/2505 2366/2366 2485/2485
f 2485/2485 2366/2366 2322/2322
f 2485/2485 2322/2322 2478/2478
f 2505/2505 2485/2485 2583/2583
f 2583/2583 2485/2485 2557/2557
f 2557/2557 2485/2485 2478/2478
f 2583/2583 2557/2557 2590/2590
f 2557/2557 2478/2478 2549/2549
f 2557/2557 2549/2549 2590/2590
f 2549/2549 2478/2478 2512/2512
f 2549/2549 2512/2512 2612/2612
f 2549/2549 2612/2612 2628/2628
f 2549/2549 2628/2628 2590/2590
f 2590/2590 2628/2628 2638/2638
f 485/485 553/553 502/502
f 502/502 553/553 557/557
f 557/557 553/553 565/565
f 565/565 553/553 551/551
f 565/565 551/551 598/598
f 557/557 565/565 569/569
f 557/557 569/569 502/502
f 569/569 565/565 598/598
f 502/502 569/569 315/315
f 502/502 315/315 323/323
f 323/323 315/315 244/244
f 569/569 598/598 614/614
f 614/614 598/598 678/678
f 178/178 232/232 244/244
f 178/178 244/244 230/230
f 230/230 244/244 315/315
f 178/178 230/230 137/137
f 313/313 315/315 569/569
f 315/315 313/313 230/230
f 558/558 569/569 614/614
f 569/569 558/558 313/313
f 313/313 558/558 285/285
f 230/230 313/313 228/228
f 228/228 313/313 285/285
f 230/230 228/228 192/192
f 230/230 192/192 137/137
f 228/228 285/285 209/209
f 209/209 285/285 558/558
f 228/228 209/209 192/192
f 575/575 558/558 614/614
f 558/558 575/575 209/209
f 192/192 209/209 254/254
f 254/254 209/209 575/575
f 193/193 137/137 192/192
f 193/193 192/192 254/254
f 575/575 614/614 625/625
f 625/625 614/614 678/678
f 254/254 575/575 549/549
f 549/549 575/575 625/625
f 254/254 549/549 193/193
f 625/625 678/678 642/642
f 625/625 642/642 549/549
f 642/642 678/678 688/688
f 193/193 549/549 245/245
f 245/245 549/549 642/642
f 168/168 137/137 193/193
f 168/168 193/193 245/245
f 137/137 168/168 121/121
f 642/642 688/688 629/629
f 168/168 245/245 225/225
f 225/225 245/245 642/642
f 121/121 168/168 162/162
f 162/162 168/168 225/225
f 121/121 162/162 166/166
f 121/121 166/166 130/130
f 162/162 225/225 299/299
f 162/162 299/299 166/166
f 225/225 642/642 546/546
f 546/546 642/642 629/629
f 225/225 546/546 299/299
f 546/546 629/629 640/640
f 546/546 640/640 299/299
f 640/640 629/629 688/688
f 166/166 299/299 260/260
f 640/640 688/688 685/685
f 260/260 299/299 542/542
f 542/542 299/299 640/640
f 166/166 260/260 174/174
f 166/166 174/174 130/130
f 174/174 260/260 542/542
f 130/130 174/174 126/126
f 126/126 174/174 529/529
f 529/529 174/174 542/542
f 666/666 640/640 685/685
f 621/621 542/542 640/640
f 621/621 640/640 666/666
f 542/542 621/621 622/622
f 622/622 621/621 666/666
f 542/542 622/622 529/529
f 622/622 666/666 685/685
f 529/529 622/622 663/663
f 663/663 622/622 685/685
f 654/654 624/624 316/316
f 316/316 624/624 336/336
f 654/654 316/316 261/261
f 261/261 316/316 283/283
f 283/283 316/316 336/336
f 261/261 283/283 221/221
f 336/336 624/624 674/674
f 261/261 221/221 256/256
f 261/261 256/256 654/654
f 220/220 248/248 256/256
f 220/220 256/256 221/221
f 220/220 221/221 185/185
f 185/185 221/221 176/176
f 654/654 256/256 533/533
f 654/654 533/533 707/707
f 707/707 533/533 740/740
f 707/707 740/740 703/703
f 707/707 703/703 654/654
f 703/703 740/740 788/788
f 654/654 703/703 691/691
f 691/691 703/703 788/788
f 654/654 691/691 624/624
f 624/624 691/691 674/674
f 691/691 788/788 816/816
f 816/816 788/788 826/826
f 816/816 826/826 822/822
f 691/691 816/816 807/807
f 807/807 816/816 792/792
f 674/674 691/691 794/794
f 794/794 691/691 807/807
f 794/794 807/807 783/783
f 783/783 807/807 770/770
f 674/674 794/794 671/671
f 671/671 794/794 682/682
f 682/682 794/794 778/778
f 674/674 671/671 374/374
f 674/674 374/374 336/336
f 374/374 671/671 600/600
f 600/600 671/671 682/682
f 682/682 778/778 754/754
f 682/682 754/754 676/676
f 336/336 374/374 324/324
f 600/600 682/682 605/605
f 605/605 682/682 676/676
f 374/374 600/600 367/367
f 374/374 367/367 324/324
f 336/336 324/324 283/283
f 367/367 600/600 391/391
f 391/391 600/600 605/605
f 283/283 324/324 258/258
f 283/283 258/258 221/221
f 324/324 367/367 310/310
f 324/324 310/310 258/258
f 367/367 391/391 365/365
f 367/367 365/365 310/310
f 391/391 605/605 416/416
f 391/391 416/416 365/365
f 221/221 258/258 206/206
f 221/221 206/206 176/176
f 176/176 206/206 188/188
f 206/206 258/258 203/203
f 206/206 203/203 188/188
f 188/188 203/203 216/216
f 188/188 216/216 182/182
f 216/216 203/203 272/272
f 272/272 203/203 258/258
f 272/272 258/258 310/310
f 272/272 310/310 340/340
f 340/340 310/310 365/365
f 272/272 340/340 309/309
f 309/309 340/340 380/380
f 380/380 340/340 459/459
f 459/459 340/340 468/468
f 468/468 340/340 365/365
f 468/468 365/365 436/436
f 468/468 436/436 483/483
f 436/436 365/365 416/416
f 436/436 416/416 491/491
f 491/491 416/416 463/463
f 463/463 416/416 605/605
f 463/463 605/605 675/675
f 675/675 605/605 676/676
f 675/675 676/676 754/754
f 675/675 754/754 689/689
f 689/689 754/754 736/736
f 463/463 675/675 652/652
f 652/652 675/675 689/689
f 476/476 491/491 463/463
f 476/476 463/463 652/652
f 491/491 476/476 464/464
f 491/491 464/464 473/473
f 476/476 652/652 612/612
f 476/476 612/612 464/464
f 464/464 612/612 473/473
f 612/612 652/652 689/689
f 473/473 612/612 736/736
f 612/612 689/689 700/700
f 612/612 700/700 736/736
f 736/736 700/700 689/689
f 5359/5359 5182/5182 5297/5297
f 5297/5297 5182/5182 5074/5074
f 5359/5359 5297/5297 5365/5365
f 5359/5359 5365/5365 5488/5488
f 5488/5488 5365/5365 5426/5426
f 5297/5297 5074/5074 5033/5033
f 5033/5033 5074/5074 4980/4980
f 5033/5033 4980/4980 4922/4922
f 5426/5426 5365/5365 5368/5368
f 5426/5426 5368/5368 5497/5497
f 5497/5497 5368/5368 5480/5480
f 5480/5480 5368/5368 5303/5303
f 5303/5303 5368/5368 5288/5288
f 5288/5288 5368/5368 5365/5365
f 5303/5303 5288/5288 5249/5249
f 5249/5249 5288/5288 5161/5161
f 5161/5161 5288/5288 5064/5064
f 5288/5288 5365/5365 5264/5264
f 5264/5264 5365/5365 5297/5297
f 5064/5064 5288/5288 5189/5189
f 5189/5189 5288/5288 5264/5264
f 5264/5264 5297/5297 5169/5169
f 5169/5169 5297/5297 5033/5033
f 5264/5264 5169/5169 5030/5030
f 5264/5264 5030/5030 5189/5189
f 5169/5169 5033/5033 4948/4948
f 5169/5169 4948/4948 5030/5030
f 4948/4948 5033/5033 4922/4922
f 4948/4948 4922/4922 4859/4859
f 5032/5032 5064/5064 5189/5189
f 5064/5064 5032/5032 4983/4983
f 4983/4983 5032/5032 4911/4911
f 5032/5032 5189/5189 5057/5057
f 4948/4948 4859/4859 4871/4871
f 4948/4948 4871/4871 5030/5030
f 5026/5026 5189/5189 5030/5030
f 5189/5189 5026/5026 5057/5057
f 5030/5030 4871/4871 4918/4918
f 5030/5030 4918/4918 5026/5026
f 5057/5057 5026/5026 4953/4953
f 5057/5057 4953/4953 5032/5032
f 4953/4953 5026/5026 4918/4918
f 5032/5032 4953/4953 4899/4899
f 5032/5032 4899/4899 4911/4911
f 4953/4953 4918/4918 4882/4882
f 4953/4953 4882/4882 4899/4899
f 4828/4828 4918/4918 4871/4871
f 4918/4918 4828/4828 4882/4882
f 4911/4911 4899/4899 4846/4846
f 4911/4911 4846/4846 4851/4851
f 4899/4899 4882/4882 4793/4793
f 4899/4899 4793/4793 4846/4846
f 4851/4851 4846/4846 4795/4795
f 4795/4795 4846/4846 4793/4793
f 4851/4851 4795/4795 4754/4754
f 4754/4754 4795/4795 4687/4687
f 4795/4795 4793/4793 4724/4724
f 4795/4795 4724/4724 4687/4687
f 4724/4724 4793/4793 4675/4675
f 4759/4759 4793/4793 4882/4882
f 4793/4793 4759/4759 4675/4675
f 4759/4759 4882/4882 4833/4833
f 4833/4833 4882/4882 4828/4828
f 4687/4687 4724/4724 4620/4620
f 4620/4620 4724/4724 4675/4675
f 4687/4687 4620/4620 4612/4612
f 4687/4687 4612/4612 4655/4655
f 4620/4620 4675/4675 4580/4580
f 4612/4612 4620/4620 4526/4526
f 4526/4526 4620/4620 4580/4580
f 4555/4555 4612/4612 4504/4504
f 4504/4504 4612/4612 4501/4501
f 4501/4501 4612/4612 4526/4526
f 4504/4504 4501/4501 4424/4424
f 4504/4504 4424/4424 4430/4430
f 4501/4501 4526/4526 4470/4470
f 4501/4501 4470/4470 4424/4424
f 4485/4485 4526/4526 4580/4580
f 4526/4526 4485/4485 4470/4470
f 4485/4485 4580/4580 4583/4583
f 4583/4583 4580/4580 4675/4675
f 4470/4470 4485/4485 4440/4440
f 4583/4583 4675/4675 4636/4636
f 4636/4636 4675/4675 4759/4759
f 4485/4485 4583/4583 4523/4523
f 4485/4485 4523/4523 4440/4440
f 4523/4523 4583/4583 4614/4614
f 4614/4614 4583/4583 4636/4636
f 4636/4636 4759/4759 4728/4728
f 4728/4728 4759/4759 4833/4833
f 4614/4614 4636/4636 4547/4547
f 4523/4523 4614/4614 4451/4451
f 4451/4451 4614/4614 4547/4547
f 4523/4523 4451/4451 4405/4405
f 4523/4523 4405/4405 4440/4440
f 4728/4728 4833/4833 4799/4799
f 4636/4636 4728/4728 4642/4642
f 4636/4636 4642/4642 4547/4547
f 4642/4642 4728/4728 4799/4799
f 4799/4799 4833/4833 4828/4828
f 4799/4799 4828/4828 4725/4725
f 4799/4799 4725/4725 4709/4709
f 4799/4799 4709/4709 4642/4642
f 4725/4725 4828/4828 4776/4776
f 4776/4776 4828/4828 4871/4871
f 4776/4776 4871/4871 4859/4859
f 4725/4725 4776/4776 4629/4629
f 4725/4725 4629/4629 4709/4709
f 4776/4776 4859/4859 4659/4659
f 4659/4659 4859/4859 4786/4786
f 4776/4776 4659/4659 4629/4629
f 4709/4709 4629/4629 4625/4625
f 4709/4709 4625/4625 4599/4599
f 4709/4709 4599/4599 4642/4642
f 4625/4625 4629/4629 4597/4597
f 4642/4642 4599/4599 4541/4541
f 4629/4629 4659/4659 4577/4577
f 4629/4629 4577/4577 4597/4597
f 4577/4577 4659/4659 4575/4575
f 4575/4575 4659/4659 4699/4699
f 4597/4597 4577/4577 4511/4511
f 4511/4511 4577/4577 4575/4575
f 4625/4625 4597/4597 4519/4519
f 4625/4625 4519/4519 4599/4599
f 4519/4519 4597/4597 4511/4511
f 4599/4599 4519/4519 4423/4423
f 4599/4599 4423/4423 4541/4541
f 4519/4519 4511/4511 4379/4379
f 4519/4519 4379/4379 4423/4423
f 4511/4511 4575/4575 4433/4433
f 4511/4511 4433/4433 4379/4379
f 4433/4433 4575/4575 4489/4489
f 4433/4433 4489/4489 4385/4385
f 4379/4379 4433/4433 4355/4355
f 4355/4355 4433/4433 4385/4385
f 4369/4369 4343/4343 4385/4385
f 4385/4385 4343/4343 4355/4355
f 4355/4355 4343/4343 4277/4277
f 4355/4355 4277/4277 4257/4257
f 4355/4355 4257/4257 4276/4276
f 4355/4355 4276/4276 4379/4379
f 4276/4276 4257/4257 4218/4218
f 4276/4276 4218/4218 4200/4200
f 4379/4379 4276/4276 4300/4300
f 4300/4300 4276/4276 4200/4200
f 4379/4379 4300/4300 4423/4423
f 4300/4300 4200/4200 4188/4188
f 4423/4423 4300/4300 4341/4341
f 4341/4341 4300/4300 4188/4188
f 4423/4423 4341/4341 4512/4512
f 4423/4423 4512/4512 4541/4541
f 4541/4541 4512/4512 4642/4642
f 4642/4642 4512/4512 4547/4547
f 4512/4512 4341/4341 4414/4414
f 4512/4512 4414/4414 4547/4547
f 4341/4341 4188/4188 4273/4273
f 4341/4341 4273/4273 4414/4414
f 4547/4547 4414/4414 4401/4401
f 4401/4401 4414/4414 4273/4273
f 4547/4547 4401/4401 4451/4451
f 4273/4273 4188/4188 4135/4135
f 4135/4135 4188/4188 3997/3997
f 4401/4401 4273/4273 4292/4292
f 4292/4292 4273/4273 4135/4135
f 4451/4451 4401/4401 4332/4332
f 4332/4332 4401/4401 4292/4292
f 4451/4451 4332/4332 4405/4405
f 4292/4292 4135/4135 4211/4211
f 4292/4292 4211/4211 4332/4332
f 4135/4135 3997/3997 4111/4111
f 4135/4135 4111/4111 4211/4211
f 4111/4111 3997/3997 3992/3992
f 3992/3992 3997/3997 3771/3771
f 4211/4211 4111/4111 4208/4208
f 4211/4211 4208/4208 4332/4332
f 4208/4208 4111/4111 4120/4120
f 4120/4120 4111/4111 3992/3992
f 4332/4332 4208/4208 4299/4299
f 4299/4299 4208/4208 4120/4120
f 4120/4120 3992/3992 4010/4010
f 3992/3992 3771/3771 3766/3766
f 3766/3766 3771/3771 3595/3595
f 4010/4010 3992/3992 3909/3909
f 3909/3909 3992/3992 3766/3766
f 4120/4120 4010/4010 4093/4093
f 4120/4120 4093/4093 4299/4299
f 4093/4093 4010/4010 3909/3909
f 3766/3766 3595/3595 287/287
f 287/287 3595/3595 425/425
f 3909/3909 3766/3766 3787/3787
f 3787/3787 3766/3766 287/287
f 287/287 425/425 648/648
f 3909/3909 3787/3787 3786/3786
f 3909/3909 3786/3786 4093/4093
f 3787/3787 287/287 242/242
f 287/287 648/648 521/521
f 287/287 521/521 242/242
f 521/521 648/648 920/920
f 920/920 648/648 880/880
f 521/521 920/920 887/887
f 887/887 920/920 1073/1073
f 242/242 521/521 481/481
f 481/481 521/521 887/887
f 3543/3543 3787/3787 242/242
f 3543/3543 242/242 481/481
f 3787/3787 3543/3543 3786/3786
f 481/481 887/887 827/827
f 827/827 887/887 1044/1044
f 3543/3543 481/481 213/213
f 213/213 481/481 827/827
f 827/827 1044/1044 667/667
f 827/827 667/667 213/213
f 667/667 1044/1044 1099/1099
f 3564/3564 3786/3786 3543/3543
f 3564/3564 3543/3543 213/213
f 3786/3786 3564/3564 3744/3744
f 213/213 667/667 202/202
f 213/213 202/202 3564/3564
f 202/202 667/667 155/155
f 3564/3564 202/202 3712/3712
f 3564/3564 3712/3712 3744/3744
f 3712/3712 202/202 155/155
f 3786/3786 3744/3744 4093/4093
f 497/497 667/667 1099/1099
f 667/667 497/497 155/155
f 497/497 1099/1099 738/738
f 738/738 1099/1099 1082/1082
f 497/497 738/738 399/399
f 497/497 399/399 155/155
f 155/155 399/399 3716/3716
f 155/155 3716/3716 3658/3658
f 155/155 3658/3658 3712/3712
f 3658/3658 3716/3716 3732/3732
f 3658/3658 3732/3732 3712/3712
f 3712/3712 3732/3732 3744/3744
f 3732/3732 3716/3716 3759/3759
f 3732/3732 3759/3759 3754/3754
f 3754/3754 3759/3759 3830/3830
f 3754/3754 3830/3830 3855/3855
f 3732/3732 3754/3754 3775/3775
f 3732/3732 3775/3775 3744/3744
f 3754/3754 3855/3855 3800/3800
f 3754/3754 3800/3800 3775/3775
f 3744/3744 3775/3775 3797/3797
f 3797/3797 3775/3775 3800/3800
f 3744/3744 3797/3797 4093/4093
f 3797/3797 3800/3800 3828/3828
f 3797/3797 3828/3828 4093/4093
f 3800/3800 3855/3855 3879/3879
f 3800/3800 3879/3879 3828/3828
f 3879/3879 3855/3855 3901/3901
f 3879/3879 3901/3901 3914/3914
f 3828/3828 3879/3879 3877/3877
f 3879/3879 3914/3914 3932/3932
f 3932/3932 3914/3914 3933/3933
f 3932/3932 3933/3933 3943/3943
f 3877/3877 3879/3879 3892/3892
f 3892/3892 3879/3879 3932/3932
f 3877/3877 3892/3892 3828/3828
f 3932/3932 3943/3943 3949/3949
f 3932/3932 3949/3949 3892/3892
f 3949/3949 3943/3943 3955/3955
f 3949/3949 3955/3955 3939/3939
f 3828/3828 3892/3892 3935/3935
f 3935/3935 3892/3892 3949/3949
f 3828/3828 3935/3935 4093/4093
f 4093/4093 3935/3935 4272/4272
f 4093/4093 4272/4272 4299/4299
f 4299/4299 4272/4272 4352/4352
f 4352/4352 4272/4272 3935/3935
f 4299/4299 4352/4352 4332/4332
f 3935/3935 3949/3949 4051/4051
f 4051/4051 3949/3949 3939/3939
f 3935/3935 4051/4051 4352/4352
f 4051/4051 3939/3939 4095/4095
f 4095/4095 3939/3939 3899/3899
f 4352/4352 4051/4051 4362/4362
f 4362/4362 4051/4051 4095/4095
f 4386/4386 4332/4332 4352/4352
f 4352/4352 4362/4362 4367/4367
f 4352/4352 4367/4367 4386/4386
f 4332/4332 4386/4386 4405/4405
f 4367/4367 4362/4362 4373/4373
f 4367/4367 4373/4373 4386/4386
f 4362/4362 4095/4095 4361/4361
f 4362/4362 4361/4361 4373/4373
f 4361/4361 4095/4095 4365/4365
f 4361/4361 4365/4365 4382/4382
f 4361/4361 4382/4382 4373/4373
f 4386/4386 4373/4373 4387/4387
f 4387/4387 4373/4373 4382/4382
f 4391/4391 4405/4405 4386/4386
f 4391/4391 4386/4386 4387/4387
f 4405/4405 4391/4391 4393/4393
f 4405/4405 4393/4393 4440/4440
f 4391/4391 4387/4387 4396/4396
f 4391/4391 4396/4396 4393/4393
f 4440/4440 4393/4393 4412/4412
f 4412/4412 4393/4393 4396/4396
f 4440/4440 4412/4412 4421/4421
f 4421/4421 4412/4412 4396/4396
f 4440/4440 4421/4421 4470/4470
f 4470/4470 4421/4421 4424/4424
f 4421/4421 4396/4396 4404/4404
f 4421/4421 4404/4404 4424/4424
f 4404/4404 4396/4396 4387/4387
f 4394/4394 4387/4387 4382/4382
f 4387/4387 4394/4394 4404/4404
f 4394/4394 4382/4382 4389/4389
f 4424/4424 4404/4404 4419/4419
f 4419/4419 4404/4404 4394/4394
f 4419/4419 4394/4394 4389/4389
f 4424/4424 4419/4419 4430/4430
f 4430/4430 4419/4419 4402/4402
f 4402/4402 4419/4419 4389/4389
f 4402/4402 4389/4389 4326/4326
f 5304/5304 5250/5250 5243/5243
f 5243/5243 5250/5250 5162/5162
f 5481/5481 5304/5304 5389/5389
f 5389/5389 5304/5304 5299/5299
f 5299/5299 5304/5304 5243/5243
f 5389/5389 5299/5299 5349/5349
f 5243/5243 5162/5162 5221/5221
f 5243/5243 5221/5221 5299/5299
f 5349/5349 5299/5299 5185/5185
f 5185/5185 5299/5299 5221/5221
f 5349/5349 5185/5185 5291/5291
f 5291/5291 5185/5185 5217/5217
f 5221/5221 5162/5162 5116/5116
f 5116/5116 5162/5162 5065/5065
f 5185/5185 5221/5221 5079/5079
f 5079/5079 5221/5221 5116/5116
f 5217/5217 5185/5185 5135/5135
f 5135/5135 5185/5185 5079/5079
f 5217/5217 5135/5135 5123/5123
f 5217/5217 5123/5123 5132/5132
f 5135/5135 5079/5079 5069/5069
f 5135/5135 5069/5069 5123/5123
f 5079/5079 5116/5116 5045/5045
f 5007/5007 5116/5116 5065/5065
f 5116/5116 5007/5007 5045/5045
f 5007/5007 5065/5065 4984/4984
f 5079/5079 5045/5045 4996/4996
f 5079/5079 4996/4996 5069/5069
f 5045/5045 5007/5007 4973/4973
f 5045/5045 4973/4973 4996/4996
f 5007/5007 4984/4984 4947/4947
f 5007/5007 4947/4947 4973/4973
f 4996/4996 4973/4973 4908/4908
f 4908/4908 4973/4973 4947/4947
f 5069/5069 4996/4996 4960/4960
f 4960/4960 4996/4996 4908/4908
f 4947/4947 4984/4984 4905/4905
f 4905/4905 4984/4984 4912/4912
f 4905/4905 4912/4912 4852/4852
f 4947/4947 4905/4905 4845/4845
f 4947/4947 4845/4845 4908/4908
f 4905/4905 4852/4852 4777/4777
f 4905/4905 4777/4777 4845/4845
f 4777/4777 4852/4852 4755/4755
f 4897/4897 4960/4960 4908/4908
f 4908/4908 4845/4845 4862/4862
f 4908/4908 4862/4862 4897/4897
f 4845/4845 4777/4777 4729/4729
f 4845/4845 4729/4729 4862/4862
f 4777/4777 4755/4755 4690/4690
f 4777/4777 4690/4690 4729/4729
f 4688/4688 4656/4656 4755/4755
f 4755/4755 4656/4656 4690/4690
f 4862/4862 4729/4729 4760/4760
f 4862/4862 4760/4760 4897/4897
f 4760/4760 4729/4729 4680/4680
f 4897/4897 4760/4760 4782/4782
f 4782/4782 4760/4760 4680/4680
f 4690/4690 4656/4656 4556/4556
f 4556/4556 4656/4656 4613/4613
f 4640/4640 4729/4729 4690/4690
f 4729/4729 4640/4640 4680/4680
f 4690/4690 4556/4556 4508/4508
f 4690/4690 4508/4508 4640/4640
f 4508/4508 4556/4556 4411/4411
f 4640/4640 4508/4508 4455/4455
f 4455/4455 4508/4508 4411/4411
f 4680/4680 4640/4640 4509/4509
f 4509/4509 4640/4640 4455/4455
f 4509/4509 4455/4455 4285/4285
f 4285/4285 4455/4455 4411/4411
f 4680/4680 4509/4509 4469/4469
f 4469/4469 4509/4509 4285/4285
f 4680/4680 4469/4469 4565/4565
f 4680/4680 4565/4565 4782/4782
f 4456/4456 4411/4411 4556/4556
f 4456/4456 4556/4556 4505/4505
f 4456/4456 4505/4505 4431/4431
f 4411/4411 4456/4456 4336/4336
f 4411/4411 4336/4336 4285/4285
f 4456/4456 4431/4431 4358/4358
f 4456/4456 4358/4358 4336/4336
f 4358/4358 4431/4431 4313/4313
f 4313/4313 4431/4431 4403/4403
f 4313/4313 4403/4403 4328/4328
f 4358/4358 4313/4313 4214/4214
f 4358/4358 4214/4214 4336/4336
f 4313/4313 4328/4328 4184/4184
f 4313/4313 4184/4184 4214/4214
f 4184/4184 4328/4328 4162/4162
f 4162/4162 4328/4328 4266/4266
f 4214/4214 4184/4184 4055/4055
f 4214/4214 4055/4055 4336/4336
f 4055/4055 4184/4184 4162/4162
f 4162/4162 4266/4266 4141/4141
f 4336/4336 4055/4055 4167/4167
f 4336/4336 4167/4167 4285/4285
f 4055/4055 4162/4162 3908/3908
f 4162/4162 4141/4141 3994/3994
f 4162/4162 3994/3994 3908/3908
f 3994/3994 4141/4141 3898/3898
f 4055/4055 3908/3908 3821/3821
f 3908/3908 3994/3994 3783/3783
f 3908/3908 3783/3783 3821/3821
f 3783/3783 3994/3994 3809/3809
f 3809/3809 3994/3994 3841/3841
f 3783/3783 3809/3809 3590/3590
f 3590/3590 3809/3809 3622/3622
f 3590/3590 3622/3622 241/241
f 3783/3783 3590/3590 3/3
f 3783/3783 3/3 3821/3821
f 3590/3590 241/241 280/280
f 3590/3590 280/280 3/3
f 347/347 419/419 241/241
f 241/241 419/419 596/596
f 241/241 596/596 280/280
f 596/596 419/419 495/495
f 3/3 280/280 371/371
f 280/280 596/596 805/805
f 3/3 371/371 22/22
f 3/3 22/22 3821/3821
f 371/371 280/280 442/442
f 442/442 280/280 805/805
f 22/22 371/371 392/392
f 371/371 442/442 811/811
f 371/371 811/811 392/392
f 442/442 805/805 1056/1056
f 442/442 1056/1056 811/811
f 42/42 3821/3821 22/22
f 42/42 22/22 392/392
f 1056/1056 805/805 1211/1211
f 1059/1059 805/805 596/596
f 805/805 1059/1059 1211/1211
f 1059/1059 596/596 1077/1077
f 1059/1059 1077/1077 1218/1218
f 1059/1059 1218/1218 1211/1211
f 1211/1211 1218/1218 1340/1340
f 1056/1056 1211/1211 1116/1116
f 1056/1056 1116/1116 811/811
f 1211/1211 1340/1340 1233/1233
f 1211/1211 1233/1233 1116/1116
f 1233/1233 1340/1340 1377/1377
f 1233/1233 1377/1377 1276/1276
f 1276/1276 1377/1377 1539/1539
f 1116/1116 1233/1233 1267/1267
f 1267/1267 1233/1233 1276/1276
f 1105/1105 811/811 1116/1116
f 1105/1105 1116/1116 1267/1267
f 811/811 1105/1105 949/949
f 811/811 949/949 392/392
f 1276/1276 1539/1539 1525/1525
f 1525/1525 1539/1539 1638/1638
f 1267/1267 1276/1276 1313/1313
f 1313/1313 1276/1276 1525/1525
f 1105/1105 1267/1267 1337/1337
f 1337/1337 1267/1267 1313/1313
f 1313/1313 1525/1525 1512/1512
f 1512/1512 1525/1525 1638/1638
f 1313/1313 1512/1512 1337/1337
f 1337/1337 1512/1512 1449/1449
f 1105/1105 1337/1337 1246/1246
f 1246/1246 1337/1337 1449/1449
f 1105/1105 1246/1246 949/949
f 1449/1449 1512/1512 1566/1566
f 1449/1449 1566/1566 1246/1246
f 1512/1512 1638/1638 1628/1628
f 1512/1512 1628/1628 1566/1566
f 1628/1628 1638/1638 1702/1702
f 1702/1702 1638/1638 1791/1791
f 949/949 1246/1246 1247/1247
f 1247/1247 1246/1246 1566/1566
f 949/949 1247/1247 423/423
f 1247/1247 1566/1566 1577/1577
f 1247/1247 1577/1577 1575/1575
f 1636/1636 1566/1566 1628/1628
f 1566/1566 1636/1636 1577/1577
f 1636/1636 1628/1628 1807/1807
f 1807/1807 1628/1628 1702/1702
f 1577/1577 1636/1636 1659/1659
f 1659/1659 1636/1636 1807/1807
f 1575/1575 1577/1577 1697/1697
f 1697/1697 1577/1577 1659/1659
f 1575/1575 1697/1697 1593/1593
f 1659/1659 1807/1807 1798/1798
f 1659/1659 1798/1798 1697/1697
f 1593/1593 1697/1697 1682/1682
f 1593/1593 1682/1682 1603/1603
f 1697/1697 1798/1798 1964/1964
f 1682/1682 1697/1697 1963/1963
f 1963/1963 1697/1697 1964/1964
f 1603/1603 1682/1682 1725/1725
f 1725/1725 1682/1682 1963/1963
f 1603/1603 1725/1725 1615/1615
f 1603/1603 1615/1615 1569/1569
f 1569/1569 1615/1615 1503/1503
f 1503/1503 1615/1615 1630/1630
f 1630/1630 1615/1615 1748/1748
f 1748/1748 1615/1615 1725/1725
f 1748/1748 1725/1725 1952/1952
f 1952/1952 1725/1725 1963/1963
f 1748/1748 1952/1952 1970/1970
f 1970/1970 1952/1952 2164/2164
f 1952/1952 1963/1963 2183/2183
f 1952/1952 2183/2183 2164/2164
f 2164/2164 2183/2183 2229/2229
f 2164/2164 2229/2229 2237/2237
f 2237/2237 2229/2229 2324/2324
f 2324/2324 2229/2229 2356/2356
f 2324/2324 2356/2356 2456/2456
f 2229/2229 2183/2183 2312/2312
f 2229/2229 2312/2312 2356/2356
f 2456/2456 2356/2356 2474/2474
f 2456/2456 2474/2474 2524/2524
f 2356/2356 2312/2312 2430/2430
f 2356/2356 2430/2430 2474/2474
f 2312/2312 2183/2183 2250/2250
f 2250/2250 2183/2183 1963/1963
f 2430/2430 2312/2312 2327/2327
f 2327/2327 2312/2312 2250/2250
f 2474/2474 2430/2430 2510/2510
f 2474/2474 2510/2510 2524/2524
f 2430/2430 2327/2327 2415/2415
f 2430/2430 2415/2415 2510/2510
f 2415/2415 2327/2327 2395/2395
f 2395/2395 2327/2327 2250/2250
f 2415/2415 2395/2395 2398/2398
f 2415/2415 2398/2398 2510/2510
f 2395/2395 2250/2250 2368/2368
f 2395/2395 2368/2368 2398/2398
f 2621/2621 2544/2544 2524/2524
f 2621/2621 2524/2524 2635/2635
f 2635/2635 2524/2524 2510/2510
f 2621/2621 2635/2635 2687/2687
f 2687/2687 2635/2635 2745/2745
f 2687/2687 2745/2745 2801/2801
f 2745/2745 2635/2635 2722/2722
f 2745/2745 2722/2722 2865/2865
f 2635/2635 2510/2510 2606/2606
f 2635/2635 2606/2606 2722/2722
f 2606/2606 2510/2510 2538/2538
f 2538/2538 2510/2510 2483/2483
f 2483/2483 2510/2510 2398/2398
f 2606/2606 2538/2538 2581/2581
f 2606/2606 2581/2581 2722/2722
f 2538/2538 2483/2483 2476/2476
f 2476/2476 2483/2483 2398/2398
f 2581/2581 2538/2538 2539/2539
f 2539/2539 2538/2538 2476/2476
f 2722/2722 2581/2581 2663/2663
f 2581/2581 2539/2539 2616/2616
f 2581/2581 2616/2616 2663/2663
f 2663/2663 2616/2616 2727/2727
f 2663/2663 2727/2727 2796/2796
f 2568/2568 2623/2623 2616/2616
f 2722/2722 2663/2663 2790/2790
f 2790/2790 2663/2663 2796/2796
f 2568/2568 2616/2616 2533/2533
f 2533/2533 2616/2616 2539/2539
f 2568/2568 2533/2533 2440/2440
f 2722/2722 2790/2790 2818/2818
f 2722/2722 2818/2818 2865/2865
f 2865/2865 2818/2818 2982/2982
f 2982/2982 2818/2818 2886/2886
f 2886/2886 2818/2818 2790/2790
f 2886/2886 2790/2790 2843/2843
f 2843/2843 2790/2790 2796/2796
f 2886/2886 2843/2843 3070/3070
f 2843/2843 2796/2796 2972/2972
f 2843/2843 2972/2972 3070/3070
f 3070/3070 2972/2972 3083/3083
f 2460/2460 2440/2440 2533/2533
f 2440/2440 2460/2460 2370/2370
f 2440/2440 2370/2370 2364/2364
f 2460/2460 2533/2533 2475/2475
f 2475/2475 2533/2533 2539/2539
f 2475/2475 2539/2539 2476/2476
f 2364/2364 2370/2370 2310/2310
f 2370/2370 2460/2460 2402/2402
f 2402/2402 2460/2460 2475/2475
f 2475/2475 2476/2476 2400/2400
f 2475/2475 2400/2400 2402/2402
f 2400/2400 2476/2476 2398/2398
f 2402/2402 2400/2400 2380/2380
f 2370/2370 2402/2402 2347/2347
f 2347/2347 2402/2402 2380/2380
f 2370/2370 2347/2347 2310/2310
f 2380/2380 2400/2400 2351/2351
f 2351/2351 2400/2400 2398/2398
f 2380/2380 2351/2351 2347/2347
f 2351/2351 2398/2398 2368/2368
f 2310/2310 2347/2347 2295/2295
f 2295/2295 2347/2347 2351/2351
f 2310/2310 2295/2295 2243/2243
f 2310/2310 2243/2243 2288/2288
f 2295/2295 2351/2351 2281/2281
f 2295/2295 2281/2281 2243/2243
f 2288/2288 2243/2243 2198/2198
f 2281/2281 2351/2351 2333/2333
f 2333/2333 2351/2351 2368/2368
f 2243/2243 2281/2281 2204/2204
f 2333/2333 2368/2368 2264/2264
f 2264/2264 2368/2368 2250/2250
f 2281/2281 2333/2333 2267/2267
f 2267/2267 2333/2333 2264/2264
f 2281/2281 2267/2267 2204/2204
f 2264/2264 2250/2250 2194/2194
f 2264/2264 2194/2194 2267/2267
f 2194/2194 2250/2250 1963/1963
f 2194/2194 1963/1963 1964/1964
f 2267/2267 2194/2194 2046/2046
f 2046/2046 2194/2194 1964/1964
f 2267/2267 2046/2046 2204/2204
f 2046/2046 1964/1964 1798/1798
f 2046/2046 1798/1798 1920/1920
f 2046/2046 1920/1920 2204/2204
f 1920/1920 1798/1798 1807/1807
f 2160/2160 2243/2243 2204/2204
f 2160/2160 2204/2204 1920/1920
f 2243/2243 2160/2160 2198/2198
f 1920/1920 1807/1807 1859/1859
f 1859/1859 1807/1807 1702/1702
f 1859/1859 1702/1702 1791/1791
f 1859/1859 1791/1791 1959/1959
f 1920/1920 1859/1859 2021/2021
f 2021/2021 1859/1859 1959/1959
f 1920/1920 2021/2021 2160/2160
f 2021/2021 1959/1959 2034/2034
f 2160/2160 2021/2021 2147/2147
f 2021/2021 2034/2034 2159/2159
f 2021/2021 2159/2159 2147/2147
f 2147/2147 2159/2159 2160/2160
f 2160/2160 2159/2159 2198/2198
f 2159/2159 2034/2034 2111/2111
f 2159/2159 2111/2111 2198/2198
f 4893/4893 4965/4965 4972/4972
f 4965/4965 4893/4893 4902/4902
f 610/610 472/472 735/735
f 610/610 735/735 765/765
f 765/765 735/735 753/753
f 472/472 610/610 716/716
f 716/716 610/610 765/765
f 765/765 753/753 779/779
f 779/779 753/753 777/777
f 716/716 765/765 786/786
f 786/786 765/765 779/779
f 779/779 777/777 775/775
f 775/775 777/777 773/773
f 773/773 777/777 793/793
f 773/773 793/793 782/782
f 775/775 773/773 763/763
f 775/775 763/763 779/779
f 786/786 779/779 766/766
f 766/766 779/779 763/763
f 786/786 766/766 720/720
f 786/786 720/720 716/716
f 766/766 763/763 623/623
f 766/766 623/623 720/720
f 673/673 763/763 773/773
f 673/673 773/773 762/762
f 623/623 763/763 482/482
f 482/482 763/763 673/673
f 482/482 673/673 467/467
f 467/467 673/673 548/548
f 623/623 482/482 504/504
f 504/504 482/482 435/435
f 581/581 720/720 623/623
f 581/581 623/623 504/504
f 504/504 435/435 490/490
f 720/720 581/581 541/541
f 541/541 581/581 504/504
f 720/720 541/541 716/716
f 504/504 490/490 503/503
f 504/504 503/503 541/541
f 503/503 490/490 472/472
f 716/716 541/541 472/472
f 472/472 541/541 503/503
f 547/547 498/498 466/466
f 466/466 498/498 458/458
f 498/498 547/547 526/526
f 458/458 498/498 510/510
f 510/510 498/498 526/526
f 526/526 547/547 771/771
f 771/771 547/547 761/761
f 761/761 547/547 672/672
f 526/526 771/771 721/721
f 771/771 761/761 780/780
f 771/771 780/780 721/721
f 526/526 721/721 543/543
f 526/526 543/543 510/510
f 543/543 721/721 536/536
f 543/543 536/536 510/510
f 721/721 780/780 758/758
f 721/721 758/758 536/536
f 781/781 780/780 761/761
f 780/780 781/781 758/758
f 781/781 761/761 772/772
f 758/758 781/781 745/745
f 758/758 745/745 536/536
f 745/745 781/781 768/768
f 524/524 510/510 536/536
f 524/524 536/536 745/745
f 510/510 524/524 506/506
f 510/510 506/506 458/458
f 524/524 745/745 714/714
f 714/714 745/745 768/768
f 506/506 524/524 505/505
f 505/505 524/524 714/714
f 458/458 506/506 417/417
f 417/417 506/506 505/505
f 458/458 417/417 379/379
f 505/505 714/714 451/451
f 505/505 451/451 417/417
f 714/714 768/768 697/697
f 714/714 697/697 451/451
f 697/697 768/768 708/708
f 708/708 768/768 789/789
f 451/451 697/697 669/669
f 669/669 697/697 708/708
f 708/708 789/789 797/797
f 451/451 669/669 400/400
f 451/451 400/400 417/417
f 669/669 708/708 658/658
f 669/669 658/658 400/400
f 708/708 797/797 661/661
f 708/708 661/661 658/658
f 661/661 797/797 784/784
f 400/400 658/658 385/385
f 400/400 385/385 417/417
f 385/385 658/658 661/661
f 661/661 784/784 657/657
f 661/661 657/657 385/385
f 657/657 784/784 846/846
f 657/657 846/846 829/829
f 657/657 829/829 370/370
f 657/657 370/370 385/385
f 370/370 829/829 837/837
f 344/344 417/417 385/385
f 344/344 385/385 370/370
f 370/370 837/837 406/406
f 406/406 837/837 626/626
f 344/344 370/370 223/223
f 881/881 649/649 626/626
f 626/626 649/649 426/426
f 626/626 426/426 406/406
f 370/370 406/406 3648/3648
f 3648/3648 406/406 426/426
f 370/370 3648/3648 223/223
f 325/325 417/417 344/344
f 417/417 325/325 379/379
f 379/379 325/325 308/308
f 325/325 344/344 273/273
f 273/273 344/344 223/223
f 308/308 325/325 267/267
f 267/267 325/325 273/273
f 308/308 267/267 271/271
f 271/271 267/267 215/215
f 215/215 267/267 273/273
f 215/215 273/273 179/179
f 179/179 273/273 223/223
f 215/215 179/179 181/181
f 181/181 179/179 3743/3743
f 3743/3743 179/179 223/223
f 3743/3743 223/223 4054/4054
f 4054/4054 223/223 3648/3648
f 3743/3743 4054/4054 4130/4130
f 4344/4344 4370/4370 4130/4130
f 4344/4344 4130/4130 4278/4278
f 4278/4278 4130/4130 4054/4054
f 4278/4278 4054/4054 4258/4258
f 4054/4054 3648/3648 3864/3864
f 3864/3864 3648/3648 426/426
f 4258/4258 4054/4054 4022/4022
f 4022/4022 4054/4054 3864/3864
f 4258/4258 4022/4022 4219/4219
f 3864/3864 426/426 3748/3748
f 3864/3864 3748/3748 4022/4022
f 3748/3748 426/426 3596/3596
f 3748/3748 3596/3596 3772/3772
f 3748/3748 3772/3772 4022/4022
f 4219/4219 4022/4022 4021/4021
f 4021/4021 4022/4022 3772/3772
f 4219/4219 4021/4021 4201/4201
f 4021/4021 3772/3772 3998/3998
f 4201/4201 4021/4021 4189/4189
f 4189/4189 4021/4021 3998/3998
f 3762/3762 3814/3814 3773/3773
f 3814/3814 3762/3762 3810/3810
f 3814/3814 3810/3810 3844/3844
f 3810/3810 3762/3762 3610/3610
f 3810/3810 3610/3610 3844/3844
f 3814/3814 3844/3844 3869/3869
f 3814/3814 3869/3869 3773/3773
f 3773/3773 3869/3869 3829/3829
f 3773/3773 3829/3829 3758/3758
f 3869/3869 3844/3844 3865/3865
f 3865/3865 3844/3844 3610/3610
f 3869/3869 3865/3865 3924/3924
f 3773/3773 3758/3758 3739/3739
f 3773/3773 3739/3739 3762/3762
f 3739/3739 3758/3758 3715/3715
f 3739/3739 3715/3715 398/398
f 3762/3762 3739/3739 3627/3627
f 3627/3627 3739/3739 398/398
f 3762/3762 3627/3627 3610/3610
f 3627/3627 398/398 354/354
f 3627/3627 354/354 3610/3610
f 354/354 398/398 931/931
f 931/931 398/398 737/737
f 931/931 737/737 1081/1081
f 354/354 931/931 286/286
f 354/354 286/286 3610/3610
f 286/286 931/931 1054/1054
f 286/286 1054/1054 1085/1085
f 286/286 1085/1085 113/113
f 286/286 113/113 3610/3610
f 113/113 1085/1085 1102/1102
f 113/113 1102/1102 1120/1120
f 3610/3610 113/113 3726/3726
f 3610/3610 3726/3726 3865/3865
f 113/113 1120/1120 105/105
f 113/113 105/105 3726/3726
f 105/105 1120/1120 1149/1149
f 105/105 1149/1149 1153/1153
f 3865/3865 3726/3726 3888/3888
f 3865/3865 3888/3888 3924/3924
f 3924/3924 3888/3888 3910/3910
f 3888/3888 3726/3726 3719/3719
f 3888/3888 3719/3719 3910/3910
f 3719/3719 3726/3726 105/105
f 3910/3910 3719/3719 3950/3950
f 105/105 1153/1153 808/808
f 808/808 1153/1153 1163/1163
f 3719/3719 105/105 112/112
f 3719/3719 112/112 3950/3950
f 112/112 105/105 808/808
f 808/808 1163/1163 726/726
f 808/808 726/726 112/112
f 726/726 1163/1163 1060/1060
f 112/112 726/726 56/56
f 112/112 56/56 3950/3950
f 3950/3950 56/56 3967/3967
f 3870/3870 3925/3925 4001/4001
f 3870/3870 4001/4001 3896/3896
f 3870/3870 3896/3896 3831/3831
f 3831/3831 3896/3896 3961/3961
f 3831/3831 3961/3961 3856/3856
f 3856/3856 3961/3961 3904/3904
f 3961/3961 3896/3896 4006/4006
f 4006/4006 3896/3896 4001/4001
f 3904/3904 3961/3961 4020/4020
f 3904/3904 4020/4020 4033/4033
f 4033/4033 4020/4020 4106/4106
f 4020/4020 3961/3961 4094/4094
f 4020/4020 4094/4094 4106/4106
f 4094/4094 3961/3961 4006/4006
f 4106/4106 4094/4094 4174/4174
f 4094/4094 4006/4006 4076/4076
f 4174/4174 4094/4094 4192/4192
f 4192/4192 4094/4094 4076/4076
f 4076/4076 4006/4006 4065/4065
f 4076/4076 4065/4065 4192/4192
f 4065/4065 4006/4006 4001/4001
f 4174/4174 4192/4192 4236/4236
f 4065/4065 4001/4001 4123/4123
f 4065/4065 4123/4123 4192/4192
f 4236/4236 4192/4192 4333/4333
f 4236/4236 4333/4333 4335/4335
f 4335/4335 4333/4333 4346/4346
f 4333/4333 4192/4192 4256/4256
f 4333/4333 4256/4256 4346/4346
f 4256/4256 4192/4192 4123/4123
f 4346/4346 4256/4256 4337/4337
f 4256/4256 4123/4123 4239/4239
f 4256/4256 4239/4239 4337/4337
f 4239/4239 4123/4123 4107/4107
f 4107/4107 4123/4123 4001/4001
f 4337/4337 4239/4239 4234/4234
f 4346/4346 4337/4337 4342/4342
f 4342/4342 4337/4337 4234/4234
f 4346/4346 4342/4342 4330/4330
f 4330/4330 4342/4342 4304/4304
f 4239/4239 4107/4107 4166/4166
f 4239/4239 4166/4166 4234/4234
f 4107/4107 4001/4001 4024/4024
f 4166/4166 4107/4107 4119/4119
f 4119/4119 4107/4107 4024/4024
f 4024/4024 4001/4001 3925/3925
f 4024/4024 3925/3925 4005/4005
f 4005/4005 3925/3925 3911/3911
f 4005/4005 3911/3911 3951/3951
f 4005/4005 3951/3951 3969/3969
f 4024/4024 4005/4005 4061/4061
f 4024/4024 4061/4061 4119/4119
f 4005/4005 3969/3969 4012/4012
f 4005/4005 4012/4012 4061/4061
f 4012/4012 3969/3969 3991/3991
f 4012/4012 3991/3991 3918/3918
f 4061/4061 4012/4012 4070/4070
f 4061/4061 4070/4070 4119/4119
f 4012/4012 3918/3918 3923/3923
f 4119/4119 4070/4070 4138/4138
f 4070/4070 4012/4012 4047/4047
f 4047/4047 4012/4012 3923/3923
f 4070/4070 4047/4047 4067/4067
f 4070/4070 4067/4067 4138/4138
f 4047/4047 3923/3923 3941/3941
f 4047/4047 3941/3941 4067/4067
f 3827/3827 3923/3923 3918/3918
f 3827/3827 3918/3918 3835/3835
f 3827/3827 3835/3835 3753/3753
f 3923/3923 3827/3827 3767/3767
f 3767/3767 3827/3827 3753/3753
f 3923/3923 3767/3767 3941/3941
f 3767/3767 3753/3753 3673/3673
f 3767/3767 3673/3673 10/10
f 3767/3767 10/10 3695/3695
f 3695/3695 10/10 64/64
f 3941/3941 3767/3767 3789/3789
f 3789/3789 3767/3767 3695/3695
f 3695/3695 64/64 17/17
f 17/17 64/64 149/149
f 17/17 149/149 218/218
f 3695/3695 17/17 3692/3692
f 3695/3695 3692/3692 3789/3789
f 17/17 218/218 53/53
f 17/17 53/53 3692/3692
f 53/53 218/218 329/329
f 53/53 329/329 212/212
f 212/212 329/329 402/402
f 212/212 402/402 508/508
f 212/212 508/508 579/579
f 3720/3720 3789/3789 3692/3692
f 3692/3692 53/53 3592/3592
f 3592/3592 53/53 212/212
f 3692/3692 3592/3592 3720/3720
f 212/212 579/579 292/292
f 292/292 579/579 545/545
f 212/212 292/292 55/55
f 212/212 55/55 3592/3592
f 292/292 545/545 447/447
f 447/447 545/545 988/988
f 55/55 292/292 195/195
f 195/195 292/292 447/447
f 55/55 195/195 59/59
f 195/195 447/447 586/586
f 195/195 586/586 59/59
f 55/55 59/59 3581/3581
f 55/55 3581/3581 3592/3592
f 3581/3581 59/59 586/586
f 3592/3592 3581/3581 3653/3653
f 586/586 447/447 1206/1206
f 1206/1206 447/447 988/988
f 1206/1206 988/988 1172/1172
f 1172/1172 988/988 1205/1205
f 1172/1172 1205/1205 1282/1282
f 1172/1172 1282/1282 1206/1206
f 1206/1206 1282/1282 1151/1151
f 1206/1206 1151/1151 586/586
f 1151/1151 1282/1282 1397/1397
f 1151/1151 1397/1397 1460/1460
f 586/586 1151/1151 836/836
f 586/586 836/836 3581/3581
f 1151/1151 1460/1460 1341/1341
f 1341/1341 1460/1460 1531/1531
f 836/836 1151/1151 1084/1084
f 1084/1084 1151/1151 1341/1341
f 1341/1341 1531/1531 1591/1591
f 836/836 1084/1084 795/795
f 3581/3581 836/836 92/92
f 92/92 836/836 795/795
f 3581/3581 92/92 3653/3653
f 1341/1341 1591/1591 1544/1544
f 1544/1544 1591/1591 1675/1675
f 1544/1544 1675/1675 1764/1764
f 1341/1341 1544/1544 1272/1272
f 1341/1341 1272/1272 1084/1084
f 1544/1544 1764/1764 1775/1775
f 1544/1544 1775/1775 1272/1272
f 1775/1775 1764/1764 1896/1896
f 1775/1775 1896/1896 1983/1983
f 1775/1775 1983/1983 2008/2008
f 977/977 795/795 1084/1084
f 977/977 1084/1084 1272/1272
f 1775/1775 2008/2008 1760/1760
f 795/795 977/977 282/282
f 1775/1775 1760/1760 1510/1510
f 1775/1775 1510/1510 1272/1272
f 1760/1760 2008/2008 1818/1818
f 1818/1818 2008/2008 1998/1998
f 1818/1818 1998/1998 2082/2082
f 1760/1760 1818/1818 1731/1731
f 1760/1760 1731/1731 1510/1510
f 1818/1818 2082/2082 1834/1834
f 1818/1818 1834/1834 1731/1731
f 1834/1834 2082/2082 2078/2078
f 1510/1510 1731/1731 1257/1257
f 1510/1510 1257/1257 1272/1272
f 1731/1731 1834/1834 1466/1466
f 1731/1731 1466/1466 1257/1257
f 1834/1834 2078/2078 1739/1739
f 1834/1834 1739/1739 1466/1466
f 1739/1739 2078/2078 2062/2062
f 1739/1739 2062/2062 1943/1943
f 1943/1943 2062/2062 2080/2080
f 1943/1943 2080/2080 2086/2086
f 1739/1739 1943/1943 1672/1672
f 1739/1739 1672/1672 1466/1466
f 1943/1943 2086/2086 1923/1923
f 1923/1923 2086/2086 2131/2131
f 1923/1923 2131/2131 2103/2103
f 1923/1923 2103/2103 2124/2124
f 1923/1923 2124/2124 2117/2117
f 1672/1672 1943/1943 1528/1528
f 1528/1528 1943/1943 1923/1923
f 1923/1923 2117/2117 1868/1868
f 1868/1868 2117/2117 2073/2073
f 2073/2073 2117/2117 2121/2121
f 2073/2073 2121/2121 2054/2054
f 2073/2073 2054/2054 1868/1868
f 1868/1868 2054/2054 1824/1824
f 1868/1868 1824/1824 1607/1607
f 1923/1923 1868/1868 1707/1707
f 1707/1707 1868/1868 1607/1607
f 1923/1923 1707/1707 1528/1528
f 1707/1707 1607/1607 1342/1342
f 1707/1707 1342/1342 1528/1528
f 1342/1342 1607/1607 1380/1380
f 1342/1342 1380/1380 1182/1182
f 1528/1528 1342/1342 1190/1190
f 1190/1190 1342/1342 1182/1182
f 1096/1096 1182/1182 1177/1177
f 1182/1182 1096/1096 1190/1190
f 1190/1190 1096/1096 910/910
f 910/910 1096/1096 937/937
f 1528/1528 1190/1190 1291/1291
f 1528/1528 1291/1291 1672/1672
f 1291/1291 1190/1190 1057/1057
f 1057/1057 1190/1190 910/910
f 1672/1672 1291/1291 1311/1311
f 1672/1672 1311/1311 1466/1466
f 1291/1291 1057/1057 1226/1226
f 1291/1291 1226/1226 1311/1311
f 1466/1466 1311/1311 1141/1141
f 1141/1141 1311/1311 1226/1226
f 1466/1466 1141/1141 1257/1257
f 1226/1226 1057/1057 556/556
f 556/556 1057/1057 910/910
f 1141/1141 1226/1226 767/767
f 767/767 1226/1226 556/556
f 1257/1257 1141/1141 843/843
f 1257/1257 843/843 1272/1272
f 843/843 1141/1141 774/774
f 774/774 1141/1141 767/767
f 1272/1272 843/843 901/901
f 1272/1272 901/901 977/977
f 843/843 774/774 609/609
f 843/843 609/609 901/901
f 774/774 767/767 36/36
f 774/774 36/36 609/609
f 977/977 901/901 582/582
f 977/977 582/582 282/282
f 901/901 609/609 114/114
f 901/901 114/114 582/582
f 114/114 609/609 3863/3863
f 3863/3863 609/609 36/36
f 582/582 114/114 3817/3817
f 582/582 3817/3817 282/282
f 114/114 3863/3863 4091/4091
f 114/114 4091/4091 3817/3817
f 3863/3863 36/36 4150/4150
f 3863/3863 4150/4150 4156/4156
f 4091/4091 3863/3863 4145/4145
f 4145/4145 3863/3863 4156/4156
f 4091/4091 4145/4145 4133/4133
f 4091/4091 4133/4133 4116/4116
f 4091/4091 4116/4116 3817/3817
f 4133/4133 4145/4145 4085/4085
f 4133/4133 4085/4085 4116/4116
f 4145/4145 4156/4156 4148/4148
f 4145/4145 4148/4148 4085/4085
f 3817/3817 4116/4116 4092/4092
f 4171/4171 4156/4156 4150/4150
f 4156/4156 4171/4171 4148/4148
f 4171/4171 4150/4150 4181/4181
f 4181/4181 4150/4150 36/36
f 4092/4092 4116/4116 4031/4031
f 4031/4031 4116/4116 4085/4085
f 3817/3817 4092/4092 4027/4027
f 4027/4027 4092/4092 4031/4031
f 3817/3817 4027/4027 3974/3974
f 3817/3817 3974/3974 282/282
f 4027/4027 4031/4031 4008/4008
f 4027/4027 4008/4008 3974/3974
f 4031/4031 4085/4085 3979/3979
f 4031/4031 3979/3979 4008/4008
f 282/282 3974/3974 3604/3604
f 282/282 3604/3604 795/795
f 795/795 3604/3604 92/92
f 3979/3979 4085/4085 4067/4067
f 4067/4067 4085/4085 4148/4148
f 3979/3979 4067/4067 3941/3941
f 4067/4067 4148/4148 4138/4138
f 3979/3979 3941/3941 3818/3818
f 3818/3818 3941/3941 3789/3789
f 3818/3818 3789/3789 3720/3720
f 3979/3979 3818/3818 3926/3926
f 3979/3979 3926/3926 4008/4008
f 4008/4008 3926/3926 3974/3974
f 3926/3926 3818/3818 3872/3872
f 3872/3872 3818/3818 3720/3720
f 3974/3974 3926/3926 3823/3823
f 3823/3823 3926/3926 3872/3872
f 3974/3974 3823/3823 3604/3604
f 3823/3823 3872/3872 3799/3799
f 3799/3799 3872/3872 3720/3720
f 3823/3823 3799/3799 3604/3604
f 3799/3799 3720/3720 3730/3730
f 3799/3799 3730/3730 3604/3604
f 3730/3730 3720/3720 3592/3592
f 3604/3604 3730/3730 92/92
f 3730/3730 3592/3592 3653/3653
f 3730/3730 3653/3653 92/92
f 3903/3903 3946/3946 3916/3916
f 3915/3915 3948/3948 3934/3934
f 3948/3948 3915/3915 3945/3945
f 4032/4032 3945/3945 3902/3902
f 3945/3945 4032/4032 4011/4011
f 3945/3945 4011/4011 3948/3948
f 4011/4011 4032/4032 4115/4115
f 4115/4115 4032/4032 4105/4105
f 4115/4115 4105/4105 4178/4178
f 4178/4178 4105/4105 4173/4173
f 4115/4115 4178/4178 4089/4089
f 4089/4089 4178/4178 4147/4147
f 4011/4011 4115/4115 4030/4030
f 4030/4030 4115/4115 4089/4089
f 4011/4011 4030/4030 3948/3948
f 4089/4089 4147/4147 4113/4113
f 4089/4089 4113/4113 4052/4052
f 4030/4030 4089/4089 4037/4037
f 4037/4037 4089/4089 4052/4052
f 3948/3948 4030/4030 3999/3999
f 3999/3999 4030/4030 4037/4037
f 3999/3999 4037/4037 3982/3982
f 3982/3982 4037/4037 4052/4052
f 4052/4052 4113/4113 4019/4019
f 3999/3999 3982/3982 3959/3959
f 3999/3999 3959/3959 3948/3948
f 3982/3982 4052/4052 4004/4004
f 4052/4052 4019/4019 4014/4014
f 4052/4052 4014/4014 4004/4004
f 3948/3948 3959/3959 3942/3942
f 3948/3948 3942/3942 3934/3934
f 3934/3934 3942/3942 3944/3944
f 3944/3944 3942/3942 3956/3956
f 3956/3956 3942/3942 3936/3936
f 3936/3936 3942/3942 3959/3959
f 3956/3956 3936/3936 3940/3940
f 3940/3940 3936/3936 3900/3900
f 3936/3936 3959/3959 3905/3905
f 3905/3905 3959/3959 3982/3982
f 3905/3905 3982/3982 4004/4004
f 3936/3936 3905/3905 3890/3890
f 3936/3936 3890/3890 3900/3900
f 3905/3905 4004/4004 3887/3887
f 3905/3905 3887/3887 3890/3890
f 3900/3900 3890/3890 3848/3848
f 3848/3848 3890/3890 3887/3887
f 3900/3900 3848/3848 3885/3885
f 3900/3900 3885/3885 4096/4096
f 3848/3848 3887/3887 3875/3875
f 3848/3848 3875/3875 3885/3885
f 3912/3912 3887/3887 4004/4004
f 3887/3887 3912/3912 3875/3875
f 4096/4096 3885/3885 4158/4158
f 4096/4096 4158/4158 4366/4366
f 3885/3885 3875/3875 3897/3897
f 3885/3885 3897/3897 4158/4158
f 4366/4366 4158/4158 4265/4265
f 4265/4265 4158/4158 3897/3897
f 4265/4265 3897/3897 4140/4140
f 4366/4366 4265/4265 4390/4390
f 4366/4366 4390/4390 4383/4383
f 4390/4390 4265/4265 4327/4327
f 3840/3840 3897/3897 3875/3875
f 3840/3840 3875/3875 3912/3912
f 3897/3897 3840/3840 3993/3993
f 3840/3840 3912/3912 3833/3833
f 3840/3840 3833/3833 3757/3757
f 3840/3840 3757/3757 3808/3808
f 3808/3808 3757/3757 3621/3621
f 3833/3833 3912/3912 3928/3928
f 3928/3928 3912/3912 4004/4004
f 3928/3928 4004/4004 4014/4014
f 3833/3833 3928/3928 3764/3764
f 3833/3833 3764/3764 3757/3757
f 3621/3621 3757/3757 3669/3669
f 3669/3669 3757/3757 3764/3764
f 3621/3621 3669/3669 240/240
f 240/240 3669/3669 346/346
f 3928/3928 4014/4014 3960/3960
f 3928/3928 3960/3960 3764/3764
f 3669/3669 3764/3764 3781/3781
f 3781/3781 3764/3764 3960/3960
f 3669/3669 3781/3781 346/346
f 3960/3960 4014/4014 3983/3983
f 3960/3960 3983/3983 3781/3781
f 3983/3983 4014/4014 4019/4019
f 3983/3983 4019/4019 3881/3881
f 3983/3983 3881/3881 3781/3781
f 3881/3881 4019/4019 3843/3843
f 3881/3881 3843/3843 3574/3574
f 3881/3881 3574/3574 86/86
f 3881/3881 86/86 3781/3781
f 86/86 3574/3574 592/592
f 86/86 592/592 530/530
f 3781/3781 86/86 432/432
f 3781/3781 432/432 346/346
f 432/432 86/86 530/530
f 530/530 592/592 1064/1064
f 346/346 432/432 494/494
f 346/346 494/494 418/418
f 432/432 530/530 563/563
f 432/432 563/563 494/494
f 530/530 1064/1064 1292/1292
f 1292/1292 1064/1064 1524/1524
f 1292/1292 1524/1524 1483/1483
f 1292/1292 1483/1483 1442/1442
f 530/530 1292/1292 1104/1104
f 530/530 1104/1104 563/563
f 1104/1104 1292/1292 1442/1442
f 994/994 494/494 563/563
f 994/994 563/563 1104/1104
f 494/494 994/994 595/595
f 595/595 994/994 1069/1069
f 994/994 1104/1104 1134/1134
f 994/994 1134/1134 1069/1069
f 1134/1134 1104/1104 1442/1442
f 1069/1069 1134/1134 1201/1201
f 1134/1134 1442/1442 1280/1280
f 1134/1134 1280/1280 1201/1201
f 73/73 3834/3834 3917/3917
f 3834/3834 73/73 3752/3752
f 3968/3968 3917/3917 3990/3990
f 3917/3917 3968/3968 57/57
f 3917/3917 57/57 73/73
f 73/73 57/57 727/727
f 73/73 727/727 915/915
f 3752/3752 73/73 66/66
f 66/66 73/73 915/915
f 3752/3752 66/66 3672/3672
f 3672/3672 66/66 9/9
f 915/915 727/727 1061/1061
f 9/9 66/66 456/456
f 456/456 66/66 915/915
f 9/9 456/456 814/814
f 9/9 814/814 63/63
f 456/456 915/915 1208/1208
f 456/456 1208/1208 814/814
f 915/915 1061/1061 1229/1229
f 915/915 1229/1229 1208/1208
f 63/63 814/814 148/148
f 1229/1229 1061/1061 1191/1191
f 1191/1191 1061/1061 1164/1164
f 1208/1208 1229/1229 1293/1293
f 1229/1229 1191/1191 1356/1356
f 1229/1229 1356/1356 1293/1293
f 1356/1356 1191/1191 1481/1481
f 1481/1481 1191/1191 1164/1164
f 1293/1293 1356/1356 1520/1520
f 1520/1520 1356/1356 1481/1481
f 1208/1208 1293/1293 1250/1250
f 1208/1208 1250/1250 814/814
f 1293/1293 1520/1520 1366/1366
f 1293/1293 1366/1366 1250/1250
f 1481/1481 1164/1164 1572/1572
f 1572/1572 1164/1164 1567/1567
f 1520/1520 1481/1481 1627/1627
f 1627/1627 1481/1481 1572/1572
f 1572/1572 1567/1567 1644/1644
f 1572/1572 1644/1644 1627/1627
f 1644/1644 1567/1567 1614/1614
f 1614/1614 1567/1567 1585/1585
f 1644/1644 1614/1614 1681/1681
f 1644/1644 1681/1681 1627/1627
f 1614/1614 1585/1585 1626/1626
f 1614/1614 1626/1626 1681/1681
f 1626/1626 1585/1585 1550/1550
f 1626/1626 1550/1550 1573/1573
f 1681/1681 1626/1626 1732/1732
f 1626/1626 1573/1573 1668/1668
f 1626/1626 1668/1668 1732/1732
f 1668/1668 1573/1573 1688/1688
f 1732/1732 1668/1668 1808/1808
f 1681/1681 1732/1732 1770/1770
f 1681/1681 1770/1770 1627/1627
f 1732/1732 1808/1808 1888/1888
f 1808/1808 1668/1668 1867/1867
f 1808/1808 1867/1867 1888/1888
f 1867/1867 1668/1668 1688/1688
f 1867/1867 1688/1688 1925/1925
f 1867/1867 1925/1925 1888/1888
f 1852/1852 1770/1770 1732/1732
f 1852/1852 1732/1732 1888/1888
f 1770/1770 1852/1852 1849/1849
f 1770/1770 1849/1849 1627/1627
f 1852/1852 1888/1888 1954/1954
f 1849/1849 1852/1852 1950/1950
f 1950/1950 1852/1852 1954/1954
f 1954/1954 1888/1888 1990/1990
f 1990/1990 1888/1888 1925/1925
f 1627/1627 1849/1849 1927/1927
f 1927/1927 1849/1849 1950/1950
f 1627/1627 1927/1927 1634/1634
f 1627/1627 1634/1634 1520/1520
f 1927/1927 1950/1950 1989/1989
f 1954/1954 1990/1990 2068/2068
f 1954/1954 2068/2068 1950/1950
f 1520/1520 1634/1634 1366/1366
f 1927/1927 1989/1989 1875/1875
f 1927/1927 1875/1875 1634/1634
f 1634/1634 1875/1875 1785/1785
f 1785/1785 1875/1875 1989/1989
f 1999/1999 1989/1989 1950/1950
f 1999/1999 1950/1950 2068/2068
f 1989/1989 1999/1999 2070/2070
f 1999/1999 2068/2068 2072/2072
f 1999/1999 2072/2072 2083/2083
f 1999/1999 2083/2083 2070/2070
f 2083/2083 2072/2072 2081/2081
f 2081/2081 2072/2072 2068/2068
f 2083/2083 2081/2081 1997/1997
f 2083/2083 1997/1997 2070/2070
f 2081/2081 2068/2068 2077/2077
f 2070/2070 1997/1997 2007/2007
f 2048/2048 1989/1989 2070/2070
f 2048/2048 2070/2070 2007/2007
f 1989/1989 2048/2048 1785/1785
f 2048/2048 2007/2007 1982/1982
f 2048/2048 1982/1982 1785/1785
f 2077/2077 2068/2068 2094/2094
f 2077/2077 2094/2094 2061/2061
f 2094/2094 2068/2068 2049/2049
f 2061/2061 2094/2094 2089/2089
f 2089/2089 2094/2094 2049/2049
f 2061/2061 2089/2089 2079/2079
f 2049/2049 2068/2068 1990/1990
f 2079/2079 2089/2089 2099/2099
f 2099/2099 2089/2089 2049/2049
f 2079/2079 2099/2099 2085/2085
f 2085/2085 2099/2099 2130/2130
f 2099/2099 2049/2049 2067/2067
f 2067/2067 2049/2049 1990/1990
f 2099/2099 2067/2067 2130/2130
f 2130/2130 2067/2067 2102/2102
f 2067/2067 1990/1990 1925/1925
f 2102/2102 2067/2067 2123/2123
f 2123/2123 2067/2067 2088/2088
f 2123/2123 2088/2088 2116/2116
f 2067/2067 1925/1925 1955/1955
f 2067/2067 1955/1955 2088/2088
f 2116/2116 2088/2088 2093/2093
f 2116/2116 2093/2093 2120/2120
f 2093/2093 2088/2088 2026/2026
f 2026/2026 2088/2088 1955/1955
f 2093/2093 2026/2026 2057/2057
f 2093/2093 2057/2057 2038/2038
f 2038/2038 2057/2057 1993/1993
f 1993/1993 2057/2057 2026/2026
f 1734/1734 1955/1955 1925/1925
f 1734/1734 1925/1925 1688/1688
f 2026/2026 1955/1955 1948/1948
f 1993/1993 2026/2026 1860/1860
f 1860/1860 2026/2026 1948/1948
f 1917/1917 1993/1993 1908/1908
f 1908/1908 1993/1993 1860/1860
f 1948/1948 1955/1955 1838/1838
f 1838/1838 1955/1955 1734/1734
f 1860/1860 1948/1948 1833/1833
f 1833/1833 1948/1948 1838/1838
f 1908/1908 1860/1860 1733/1733
f 1908/1908 1733/1733 1727/1727
f 1860/1860 1833/1833 1758/1758
f 1860/1860 1758/1758 1733/1733
f 1833/1833 1838/1838 1693/1693
f 1693/1693 1838/1838 1734/1734
f 1833/1833 1693/1693 1758/1758
f 1693/1693 1734/1734 1436/1436
f 1758/1758 1693/1693 1495/1495
f 1495/1495 1693/1693 1436/1436
f 1733/1733 1758/1758 1587/1587
f 1587/1587 1758/1758 1495/1495
f 1733/1733 1587/1587 1727/1727
f 1587/1587 1495/1495 1431/1431
f 1436/1436 1734/1734 1660/1660
f 1727/1727 1587/1587 1554/1554
f 1554/1554 1587/1587 1431/1431
f 1727/1727 1554/1554 1654/1654
f 1554/1554 1431/1431 1426/1426
f 1654/1654 1554/1554 1519/1519
f 1519/1519 1554/1554 1426/1426
f 1519/1519 1426/1426 1453/1453
f 1436/1436 1660/1660 1491/1491
f 1660/1660 1734/1734 1688/1688
f 1491/1491 1660/1660 1443/1443
f 1660/1660 1688/1688 1573/1573
f 1660/1660 1573/1573 1443/1443
f 607/607 217/217 148/148
f 217/217 607/607 328/328
f 328/328 607/607 401/401
f 607/607 148/148 1101/1101
f 607/607 1101/1101 401/401
f 1101/1101 148/148 814/814
f 401/401 1101/1101 1188/1188
f 401/401 1188/1188 507/507
f 1101/1101 814/814 1223/1223
f 1223/1223 814/814 1250/1250
f 1223/1223 1250/1250 1258/1258
f 1258/1258 1250/1250 1366/1366
f 1101/1101 1223/1223 1222/1222
f 1222/1222 1223/1223 1258/1258
f 1101/1101 1222/1222 1199/1199
f 1101/1101 1199/1199 1188/1188
f 1222/1222 1258/1258 1273/1273
f 1222/1222 1273/1273 1199/1199
f 1273/1273 1258/1258 1366/1366
f 1188/1188 1199/1199 1224/1224
f 1224/1224 1199/1199 1273/1273
f 1273/1273 1366/1366 1467/1467
f 1467/1467 1366/1366 1634/1634
f 1224/1224 1273/1273 1283/1283
f 1467/1467 1634/1634 1606/1606
f 1606/1606 1634/1634 1785/1785
f 1273/1273 1467/1467 1388/1388
f 1273/1273 1388/1388 1283/1283
f 1388/1388 1467/1467 1514/1514
f 1514/1514 1467/1467 1606/1606
f 1283/1283 1388/1388 1357/1357
f 1357/1357 1388/1388 1514/1514
f 1606/1606 1785/1785 1797/1797
f 1797/1797 1785/1785 1982/1982
f 1797/1797 1982/1982 1895/1895
f 1797/1797 1895/1895 1718/1718
f 1797/1797 1718/1718 1606/1606
f 1718/1718 1895/1895 1763/1763
f 1718/1718 1763/1763 1674/1674
f 1606/1606 1718/1718 1583/1583
f 1583/1583 1718/1718 1674/1674
f 1606/1606 1583/1583 1514/1514
f 1583/1583 1674/1674 1590/1590
f 1583/1583 1590/1590 1514/1514
f 1514/1514 1590/1590 1530/1530
f 1514/1514 1530/1530 1357/1357
f 1357/1357 1530/1530 1459/1459
f 1357/1357 1459/1459 1396/1396
f 1357/1357 1396/1396 1281/1281
f 1357/1357 1281/1281 1283/1283
f 1283/1283 1281/1281 1204/1204
f 1283/1283 1204/1204 1203/1203
f 1203/1203 1204/1204 967/967
f 967/967 1204/1204 987/987
f 967/967 987/987 544/544
f 967/967 544/544 741/741
f 967/967 741/741 1203/1203
f 741/741 544/544 578/578
f 1283/1283 1203/1203 1161/1161
f 1283/1283 1161/1161 1224/1224
f 1224/1224 1161/1161 1188/1188
f 1161/1161 1203/1203 776/776
f 776/776 1203/1203 741/741
f 1161/1161 776/776 1188/1188
f 776/776 741/741 578/578
f 1188/1188 776/776 507/507
f 507/507 776/776 578/578
f 4180/4180 4119/4119 4138/4138
f 4119/4119 4180/4180 4166/4166
f 4166/4166 4180/4180 4234/4234
f 4180/4180 4138/4138 4193/4193
f 4180/4180 4193/4193 4234/4234
f 4193/4193 4138/4138 4169/4169
f 4169/4169 4138/4138 4148/4148
f 4169/4169 4148/4148 4171/4171
f 4193/4193 4169/4169 4199/4199
f 4199/4199 4169/4169 4171/4171
f 4193/4193 4199/4199 4234/4234
f 4199/4199 4171/4171 4181/4181
f 4234/4234 4199/4199 4226/4226
f 4199/4199 4181/4181 4205/4205
f 4199/4199 4205/4205 4226/4226
f 4205/4205 4181/4181 4183/4183
f 4205/4205 4183/4183 4226/4226
f 4234/4234 4226/4226 4252/4252
f 4234/4234 4252/4252 4342/4342
f 4252/4252 4226/4226 4259/4259
f 4252/4252 4259/4259 4342/4342
f 4259/4259 4226/4226 4204/4204
f 4204/4204 4226/4226 4183/4183
f 4342/4342 4259/4259 4322/4322
f 4259/4259 4204/4204 4225/4225
f 4259/4259 4225/4225 4322/4322
f 4342/4342 4322/4322 4298/4298
f 4342/4342 4298/4298 4304/4304
f 4304/4304 4298/4298 3962/3962
f 3962/3962 4298/4298 3792/3792
f 4204/4204 4183/4183 3981/3981
f 3981/3981 4183/4183 4181/4181
f 4034/4034 4225/4225 4204/4204
f 4034/4034 4204/4204 3981/3981
f 4124/4124 4322/4322 4225/4225
f 4322/4322 4124/4124 4298/4298
f 4225/4225 4034/4034 4023/4023
f 4225/4225 4023/4023 4124/4124
f 3981/3981 4181/4181 3699/3699
f 3699/3699 4181/4181 36/36
f 3699/3699 36/36 767/767
f 3981/3981 3699/3699 3854/3854
f 3981/3981 3854/3854 4034/4034
f 3699/3699 767/767 70/70
f 3699/3699 70/70 3854/3854
f 4034/4034 3854/3854 3644/3644
f 3644/3644 3854/3854 70/70
f 4034/4034 3644/3644 4023/4023
f 70/70 767/767 556/556
f 70/70 556/556 3644/3644
f 4023/4023 3644/3644 3845/3845
f 4023/4023 3845/3845 4124/4124
f 3644/3644 556/556 100/100
f 3644/3644 100/100 3845/3845
f 100/100 556/556 567/567
f 567/567 556/556 910/910
f 567/567 910/910 276/276
f 567/567 276/276 100/100
f 276/276 910/910 268/268
f 100/100 276/276 3733/3733
f 3733/3733 276/276 268/268
f 100/100 3733/3733 3845/3845
f 3733/3733 268/268 3792/3792
f 4044/4044 4124/4124 3845/3845
f 4044/4044 3845/3845 3733/3733
f 4044/4044 3733/3733 3792/3792
f 4124/4124 4044/4044 4298/4298
f 4298/4298 4044/4044 3792/3792
f 4250/4250 4172/4172 4235/4235
f 4172/4172 4250/4250 4177/4177
f 4250/4250 4235/4235 4334/4334
f 4177/4177 4250/4250 4230/4230
f 4177/4177 4230/4230 4146/4146
f 4250/4250 4334/4334 4318/4318
f 4250/4250 4318/4318 4230/4230
f 4318/4318 4334/4334 4340/4340
f 4340/4340 4334/4334 4345/4345
f 4230/4230 4318/4318 4242/4242
f 4242/4242 4318/4318 4340/4340
f 4146/4146 4230/4230 4168/4168
f 4168/4168 4230/4230 4242/4242
f 4146/4146 4168/4168 4109/4109
f 4146/4146 4109/4109 4112/4112
f 4168/4168 4242/4242 4221/4221
f 4112/4112 4109/4109 4018/4018
f 4221/4221 4242/4242 4237/4237
f 4168/4168 4221/4221 4186/4186
f 4186/4186 4221/4221 4237/4237
f 4168/4168 4186/4186 4109/4109
f 4237/4237 4242/4242 4323/4323
f 4323/4323 4242/4242 4340/4340
f 4018/4018 4109/4109 4046/4046
f 4018/4018 4046/4046 3842/3842
f 4323/4323 4340/4340 4325/4325
f 4325/4325 4340/4340 4345/4345
f 4325/4325 4345/4345 4329/4329
f 4323/4323 4325/4325 4309/4309
f 4323/4323 4309/4309 4306/4306
f 4309/4309 4325/4325 4311/4311
f 4311/4311 4325/4325 4329/4329
f 4311/4311 4329/4329 4301/4301
f 4060/4060 3842/3842 4046/4046
f 4060/4060 4046/4046 4109/4109
f 3842/3842 4060/4060 3871/3871
f 4060/4060 4109/4109 4072/4072
f 4060/4060 4072/4072 3871/3871
f 3842/3842 3871/3871 26/26
f 3842/3842 26/26 3573/3573
f 3573/3573 26/26 617/617
f 26/26 3871/3871 3536/3536
f 3536/3536 3871/3871 3630/3630
f 3630/3630 3871/3871 4074/4074
f 4074/4074 3871/3871 4072/4072
f 3630/3630 4074/4074 3893/3893
f 4074/4074 4072/4072 4110/4110
f 4110/4110 4072/4072 4109/4109
f 3893/3893 4074/4074 4101/4101
f 4101/4101 4074/4074 4110/4110
f 3893/3893 4101/4101 4103/4103
f 4103/4103 4101/4101 4132/4132
f 4132/4132 4101/4101 4110/4110
f 4103/4103 4132/4132 4136/4136
f 4110/4110 4109/4109 4164/4164
f 4136/4136 4132/4132 4164/4164
f 4164/4164 4132/4132 4110/4110
f 4164/4164 4109/4109 4186/4186
f 4164/4164 4186/4186 4153/4153
f 269/269 3548/3548 3793/3793
f 3793/3793 3548/3548 3763/3763
f 3793/3793 3763/3763 3963/3963
f 3548/3548 269/269 938/938
f 938/938 269/269 911/911
f 3763/3763 3548/3548 3723/3723
f 3763/3763 3723/3723 3963/3963
f 3723/3723 3548/3548 94/94
f 94/94 3548/3548 938/938
f 3963/3963 3723/3723 4077/4077
f 4077/4077 3723/3723 3958/3958
f 3963/3963 4077/4077 4305/4305
f 94/94 938/938 962/962
f 4305/4305 4077/4077 4267/4267
f 962/962 938/938 1180/1180
f 4305/4305 4267/4267 4302/4302
f 4305/4305 4302/4302 4331/4331
f 4302/4302 4267/4267 4294/4294
f 1180/1180 938/938 1178/1178
f 1178/1178 938/938 1097/1097
f 1180/1180 1178/1178 1543/1543
f 1543/1543 1178/1178 1381/1381
f 1381/1381 1178/1178 1183/1183
f 1543/1543 1381/1381 1686/1686
f 1543/1543 1686/1686 1670/1670
f 1686/1686 1381/1381 1825/1825
f 1825/1825 1381/1381 1608/1608
f 1670/1670 1686/1686 1976/1976
f 1670/1670 1976/1976 1871/1871
f 1686/1686 1825/1825 2090/2090
f 1686/1686 2090/2090 1976/1976
f 1871/1871 1976/1976 2114/2114
f 2114/2114 1976/1976 2090/2090
f 2090/2090 1825/1825 2055/2055
f 2090/2090 2055/2055 2122/2122
f 2090/2090 2122/2122 2134/2134
f 2090/2090 2134/2134 2114/2114
f 2114/2114 2134/2134 2143/2143
f 4268/4268 4264/4264 4295/4295
f 4264/4264 4268/4268 4078/4078
f 4312/4312 4303/4303 4295/4295
f 4312/4312 4295/4295 4288/4288
f 4288/4288 4295/4295 4264/4264
f 4312/4312 4288/4288 4310/4310
f 4264/4264 4078/4078 4114/4114
f 4288/4288 4264/4264 4262/4262
f 4262/4262 4264/4264 4114/4114
f 4114/4114 4078/4078 3957/3957
f 4310/4310 4288/4288 4290/4290
f 4290/4290 4288/4288 4262/4262
f 4310/4310 4290/4290 4293/4293
f 4310/4310 4293/4293 4307/4307
f 4290/4290 4262/4262 4270/4270
f 4307/4307 4293/4293 4269/4269
f 4307/4307 4269/4269 4324/4324
f 4324/4324 4269/4269 4238/4238
f 4293/4293 4290/4290 4286/4286
f 4286/4286 4290/4290 4270/4270
f 4269/4269 4293/4293 4287/4287
f 4287/4287 4293/4293 4286/4286
f 4238/4238 4269/4269 4207/4207
f 4238/4238 4207/4207 4187/4187
f 4269/4269 4287/4287 4206/4206
f 4269/4269 4206/4206 4207/4207
f 4187/4187 4207/4207 4154/4154
f 4207/4207 4206/4206 4195/4195
f 4207/4207 4195/4195 4154/4154
f 4195/4195 4206/4206 4117/4117
f 4195/4195 4117/4117 4154/4154
f 4206/4206 4287/4287 4251/4251
f 4274/4274 4287/4287 4286/4286
f 4287/4287 4274/4274 4251/4251
f 4274/4274 4286/4286 4270/4270
f 4206/4206 4251/4251 4212/4212
f 4206/4206 4212/4212 4117/4117
f 4251/4251 4274/4274 4255/4255
f 4251/4251 4255/4255 4212/4212
f 4274/4274 4270/4270 4261/4261
f 4274/4274 4261/4261 4255/4255
f 4261/4261 4270/4270 4227/4227
f 4255/4255 4261/4261 4232/4232
f 4232/4232 4261/4261 4227/4227
f 4227/4227 4270/4270 4229/4229
f 4229/4229 4270/4270 4262/4262
f 4232/4232 4227/4227 4097/4097
f 4227/4227 4229/4229 4043/4043
f 4227/4227 4043/4043 4097/4097
f 4229/4229 4262/4262 3985/3985
f 4229/4229 3985/3985 4043/4043
f 3985/3985 4262/4262 4114/4114
f 3985/3985 4114/4114 3876/3876
f 3876/3876 4114/4114 3957/3957
f 3985/3985 3876/3876 3563/3563
f 3876/3876 3957/3957 3803/3803
f 3876/3876 3803/3803 3563/3563
f 3803/3803 3957/3957 3724/3724
f 3803/3803 3724/3724 93/93
f 3803/3803 93/93 3563/3563
f 3717/3717 4043/4043 3985/3985
f 3717/3717 3985/3985 3563/3563
f 3563/3563 93/93 1004/1004
f 1004/1004 93/93 961/961
f 3717/3717 3563/3563 334/334
f 334/334 3563/3563 1004/1004
f 1004/1004 961/961 1179/1179
f 334/334 1004/1004 1058/1058
f 1058/1058 1004/1004 1179/1179
f 3717/3717 334/334 844/844
f 844/844 334/334 1058/1058
f 3717/3717 844/844 78/78
f 3717/3717 78/78 4043/4043
f 844/844 1058/1058 1078/1078
f 844/844 1078/1078 78/78
f 4043/4043 78/78 3822/3822
f 4043/4043 3822/3822 4097/4097
f 78/78 1078/1078 1087/1087
f 78/78 1087/1087 3822/3822
f 4097/4097 3822/3822 3807/3807
f 3807/3807 3822/3822 1087/1087
f 4097/4097 3807/3807 3921/3921
f 3807/3807 1087/1087 514/514
f 3807/3807 514/514 3921/3921
f 4097/4097 3921/3921 4086/4086
f 4097/4097 4086/4086 4232/4232
f 3921/3921 514/514 122/122
f 1468/1468 1087/1087 1078/1078
f 514/514 1087/1087 1089/1089
f 1089/1089 1087/1087 1468/1468
f 514/514 1089/1089 1070/1070
f 514/514 1070/1070 122/122
f 1070/1070 1089/1089 1109/1109
f 1109/1109 1089/1089 1468/1468
f 3886/3886 3921/3921 122/122
f 3921/3921 3886/3886 4086/4086
f 122/122 1070/1070 516/516
f 1307/1307 1468/1468 1078/1078
f 1307/1307 1078/1078 1058/1058
f 1468/1468 1307/1307 1856/1856
f 1307/1307 1058/1058 1404/1404
f 1404/1404 1058/1058 1179/1179
f 1307/1307 1404/1404 1565/1565
f 1307/1307 1565/1565 1856/1856
f 1404/1404 1179/1179 1673/1673
f 1404/1404 1673/1673 1565/1565
f 1673/1673 1179/1179 1542/1542
f 1673/1673 1542/1542 1669/1669
f 1673/1673 1669/1669 1870/1870
f 1565/1565 1673/1673 1828/1828
f 1828/1828 1673/1673 1870/1870
f 1565/1565 1828/1828 1886/1886
f 1565/1565 1886/1886 1856/1856
f 1886/1886 1828/1828 2125/2125
f 1886/1886 2125/2125 1856/1856
f 1828/1828 1870/1870 2100/2100
f 1828/1828 2100/2100 2125/2125
f 2100/2100 1870/1870 2104/2104
f 2104/2104 1870/1870 2106/2106
f 2106/2106 1870/1870 2113/2113
f 2106/2106 2113/2113 2142/2142
f 2104/2104 2106/2106 2148/2148
f 2148/2148 2106/2106 2142/2142
f 2104/2104 2148/2148 2100/2100
f 2148/2148 2142/2142 2127/2127
f 2150/2150 2125/2125 2100/2100
f 2150/2150 2100/2100 2148/2148
f 2148/2148 2127/2127 2108/2108
f 2125/2125 2150/2150 2158/2158
f 2148/2148 2108/2108 2132/2132
f 2150/2150 2148/2148 2138/2138
f 2138/2138 2148/2148 2132/2132
f 2150/2150 2138/2138 2158/2158
f 2132/2132 2108/2108 2024/2024
f 2132/2132 2024/2024 2138/2138
f 2024/2024 2108/2108 1949/1949
f 1949/1949 2108/2108 1974/1974
f 1949/1949 1974/1974 1900/1900
f 2138/2138 2024/2024 2149/2149
f 2138/2138 2149/2149 2158/2158
f 2149/2149 2024/2024 1980/1980
f 1980/1980 2024/2024 1949/1949
f 2158/2158 2149/2149 2145/2145
f 1949/1949 1900/1900 1903/1903
f 1903/1903 1900/1900 1794/1794
f 1980/1980 1949/1949 1915/1915
f 2149/2149 1980/1980 2004/2004
f 2149/2149 2004/2004 2145/2145
f 2004/2004 1980/1980 1915/1915
f 1903/1903 1794/1794 1766/1766
f 1949/1949 1903/1903 1846/1846
f 1846/1846 1903/1903 1766/1766
f 1949/1949 1846/1846 1915/1915
f 1766/1766 1794/1794 1751/1751
f 1766/1766 1751/1751 1647/1647
f 1647/1647 1751/1751 1650/1650
f 1647/1647 1650/1650 1579/1579
f 1647/1647 1579/1579 1534/1534
f 1647/1647 1534/1534 1493/1493
f 1846/1846 1766/1766 1761/1761
f 1761/1761 1766/1766 1647/1647
f 1647/1647 1493/1493 1728/1728
f 1647/1647 1728/1728 1761/1761
f 1728/1728 1493/1493 1433/1433
f 1846/1846 1761/1761 1778/1778
f 1778/1778 1761/1761 1728/1728
f 1846/1846 1778/1778 1915/1915
f 1728/1728 1433/1433 1541/1541
f 1541/1541 1433/1433 1372/1372
f 1541/1541 1372/1372 1326/1326
f 1541/1541 1326/1326 1299/1299
f 1778/1778 1728/1728 1776/1776
f 1776/1776 1728/1728 1541/1541
f 1915/1915 1778/1778 1869/1869
f 1869/1869 1778/1778 1776/1776
f 1915/1915 1869/1869 1938/1938
f 1869/1869 1776/1776 1820/1820
f 1869/1869 1820/1820 1938/1938
f 1776/1776 1541/1541 1756/1756
f 1776/1776 1756/1756 1820/1820
f 1756/1756 1541/1541 1719/1719
f 1820/1820 1756/1756 1777/1777
f 1777/1777 1756/1756 1719/1719
f 1915/1915 1938/1938 2004/2004
f 1938/1938 1820/1820 1893/1893
f 1893/1893 1820/1820 1777/1777
f 2004/2004 1938/1938 1984/1984
f 1938/1938 1893/1893 1951/1951
f 1938/1938 1951/1951 1984/1984
f 2004/2004 1984/1984 2023/2023
f 2004/2004 2023/2023 2129/2129
f 2004/2004 2129/2129 2145/2145
f 2023/2023 1984/1984 1735/1735
f 2023/2023 1735/1735 2129/2129
f 1984/1984 1951/1951 1522/1522
f 1984/1984 1522/1522 1735/1735
f 2145/2145 2129/2129 2118/2118
f 2118/2118 2129/2129 1735/1735
f 2145/2145 2118/2118 2158/2158
f 2158/2158 2118/2118 2125/2125
f 2125/2125 2118/2118 1856/1856
f 1856/1856 2118/2118 1735/1735
f 1856/1856 1735/1735 1468/1468
f 1468/1468 1735/1735 1109/1109
f 1109/1109 1735/1735 1522/1522
f 1894/1894 1522/1522 1951/1951
f 1894/1894 1951/1951 1893/1893
f 1109/1109 1522/1522 1181/1181
f 1894/1894 1893/1893 1864/1864
f 1864/1864 1893/1893 1777/1777
f 1522/1522 1894/1894 1717/1717
f 1717/1717 1894/1894 1864/1864
f 1522/1522 1717/1717 1349/1349
f 1522/1522 1349/1349 1181/1181
f 1717/1717 1864/1864 1754/1754
f 1754/1754 1864/1864 1777/1777
f 1717/1717 1754/1754 1349/1349
f 1754/1754 1777/1777 1736/1736
f 1736/1736 1777/1777 1719/1719
f 1349/1349 1754/1754 1548/1548
f 1548/1548 1754/1754 1736/1736
f 1736/1736 1719/1719 1696/1696
f 1736/1736 1696/1696 1548/1548
f 1696/1696 1719/1719 1652/1652
f 1696/1696 1652/1652 1548/1548
f 1652/1652 1719/1719 1532/1532
f 1532/1532 1719/1719 1541/1541
f 1548/1548 1652/1652 1536/1536
f 1536/1536 1652/1652 1532/1532
f 1532/1532 1541/1541 1299/1299
f 1548/1548 1536/1536 1498/1498
f 1532/1532 1299/1299 1310/1310
f 1536/1536 1532/1532 1379/1379
f 1379/1379 1532/1532 1310/1310
f 1310/1310 1299/1299 1231/1231
f 1548/1548 1498/1498 1249/1249
f 1548/1548 1249/1249 1349/1349
f 1498/1498 1536/1536 1428/1428
f 1498/1498 1428/1428 1249/1249
f 1428/1428 1536/1536 1379/1379
f 1310/1310 1231/1231 1187/1187
f 1187/1187 1231/1231 983/983
f 1242/1242 1379/1379 1310/1310
f 1242/1242 1310/1310 1187/1187
f 1428/1428 1379/1379 1352/1352
f 1428/1428 1352/1352 1249/1249
f 1187/1187 983/983 1157/1157
f 1187/1187 1157/1157 1242/1242
f 1352/1352 1379/1379 1288/1288
f 1288/1288 1379/1379 1242/1242
f 1249/1249 1352/1352 1159/1159
f 1159/1159 1352/1352 1288/1288
f 1288/1288 1242/1242 1262/1262
f 1288/1288 1262/1262 1159/1159
f 1262/1262 1242/1242 1195/1195
f 1159/1159 1262/1262 927/927
f 927/927 1262/1262 1195/1195
f 1195/1195 1242/1242 1146/1146
f 1146/1146 1242/1242 1157/1157
f 1195/1195 1146/1146 630/630
f 1146/1146 1157/1157 653/653
f 1146/1146 653/653 630/630
f 1195/1195 630/630 469/469
f 1195/1195 469/469 927/927
f 469/469 630/630 653/653
f 653/653 1157/1157 527/527
f 527/527 1157/1157 377/377
f 377/377 1157/1157 983/983
f 377/377 983/983 250/250
f 527/527 377/377 164/164
f 164/164 377/377 250/250
f 527/527 164/164 653/653
f 469/469 653/653 199/199
f 199/199 653/653 164/164
f 164/164 250/250 3580/3580
f 3580/3580 250/250 3636/3636
f 164/164 3580/3580 3567/3567
f 3580/3580 3636/3636 3729/3729
f 164/164 3567/3567 3678/3678
f 164/164 3678/3678 199/199
f 3567/3567 3580/3580 3755/3755
f 3755/3755 3580/3580 3729/3729
f 3567/3567 3755/3755 3678/3678
f 3729/3729 3636/3636 3782/3782
f 3729/3729 3782/3782 3755/3755
f 3782/3782 3636/3636 3727/3727
f 3782/3782 3727/3727 3846/3846
f 3755/3755 3782/3782 3878/3878
f 3851/3851 3846/3846 3805/3805
f 3846/3846 3851/3851 3929/3929
f 3782/3782 3846/3846 3953/3953
f 3782/3782 3953/3953 3878/3878
f 3846/3846 3929/3929 4042/4042
f 3846/3846 4042/4042 3953/3953
f 4042/4042 3929/3929 4087/4087
f 4087/4087 3929/3929 4016/4016
f 4042/4042 4087/4087 4154/4154
f 3795/3795 3894/3894 4016/4016
f 4016/4016 3894/3894 4104/4104
f 4016/4016 4104/4104 4087/4087
f 4087/4087 4104/4104 4137/4137
f 4087/4087 4137/4137 4154/4154
f 4154/4154 4137/4137 4165/4165
f 4042/4042 4154/4154 4117/4117
f 4042/4042 4117/4117 4007/4007
f 4042/4042 4007/4007 3953/3953
f 4007/4007 4117/4117 4082/4082
f 3953/3953 4007/4007 3975/3975
f 3975/3975 4007/4007 4082/4082
f 4082/4082 4117/4117 4212/4212
f 3953/3953 3975/3975 3878/3878
f 4082/4082 4212/4212 4152/4152
f 4152/4152 4212/4212 4255/4255
f 3975/3975 4082/4082 4057/4057
f 4057/4057 4082/4082 4152/4152
f 3975/3975 4057/4057 4049/4049
f 4049/4049 4057/4057 4152/4152
f 3878/3878 3975/3975 3988/3988
f 3988/3988 3975/3975 4049/4049
f 4152/4152 4255/4255 4215/4215
f 4215/4215 4255/4255 4232/4232
f 4215/4215 4232/4232 4086/4086
f 4152/4152 4215/4215 4179/4179
f 4179/4179 4215/4215 4086/4086
f 4152/4152 4179/4179 4131/4131
f 4131/4131 4179/4179 4086/4086
f 4152/4152 4131/4131 4049/4049
f 4131/4131 4086/4086 3886/3886
f 4049/4049 4131/4131 4035/4035
f 4035/4035 4131/4131 3886/3886
f 4049/4049 4035/4035 3976/3976
f 3976/3976 4035/4035 3886/3886
f 4049/4049 3976/3976 3988/3988
f 3988/3988 3976/3976 3891/3891
f 3976/3976 3886/3886 3750/3750
f 3750/3750 3886/3886 122/122
f 3891/3891 3976/3976 3858/3858
f 3858/3858 3976/3976 3750/3750
f 3988/3988 3891/3891 3859/3859
f 3859/3859 3891/3891 3858/3858
f 3988/3988 3859/3859 3878/3878
f 3878/3878 3859/3859 3839/3839
f 3878/3878 3839/3839 3755/3755
f 3859/3859 3858/3858 3804/3804
f 3859/3859 3804/3804 3839/3839
f 3804/3804 3858/3858 3740/3740
f 3740/3740 3858/3858 3750/3750
f 3839/3839 3804/3804 3761/3761
f 3761/3761 3804/3804 3740/3740
f 3755/3755 3839/3839 3738/3738
f 3738/3738 3839/3839 3761/3761
f 3738/3738 3761/3761 3740/3740
f 3755/3755 3738/3738 3678/3678
f 3738/3738 3740/3740 3629/3629
f 3738/3738 3629/3629 3678/3678
f 3678/3678 3629/3629 4/4
f 3678/3678 4/4 199/199
f 3629/3629 3740/3740 68/68
f 199/199 4/4 159/159
f 4/4 3629/3629 50/50
f 50/50 3629/3629 68/68
f 4/4 50/50 159/159
f 199/199 159/159 469/469
f 469/469 159/159 350/350
f 469/469 350/350 927/927
f 159/159 50/50 201/201
f 159/159 201/201 350/350
f 927/927 350/350 742/742
f 742/742 350/350 201/201
f 927/927 742/742 1159/1159
f 201/201 50/50 366/366
f 201/201 366/366 742/742
f 366/366 50/50 68/68
f 1159/1159 742/742 883/883
f 883/883 742/742 366/366
f 1159/1159 883/883 1249/1249
f 366/366 68/68 98/98
f 98/98 68/68 3740/3740
f 366/366 98/98 883/883
f 98/98 3740/3740 3750/3750
f 1249/1249 883/883 1210/1210
f 1249/1249 1210/1210 1349/1349
f 1349/1349 1210/1210 1181/1181
f 1210/1210 883/883 936/936
f 1210/1210 936/936 1181/1181
f 883/883 98/98 134/134
f 883/883 134/134 936/936
f 134/134 98/98 3750/3750
f 134/134 3750/3750 516/516
f 134/134 516/516 936/936
f 516/516 3750/3750 122/122
f 1181/1181 936/936 1026/1026
f 1026/1026 936/936 516/516
f 1181/1181 1026/1026 1109/1109
f 1026/1026 516/516 1070/1070
f 1026/1026 1070/1070 1109/1109
f 821/821 798/798 815/815
f 815/815 798/798 791/791
f 798/798 821/821 817/817
f 798/798 817/817 785/785
f 785/785 817/817 847/847
f 817/817 821/821 858/858
f 817/817 858/858 847/847
f 858/858 821/821 904/904
f 858/858 904/904 1125/1125
f 847/847 858/858 1261/1261
f 1261/1261 858/858 1125/1125
f 847/847 1261/1261 1245/1245
f 847/847 1245/1245 830/830
f 830/830 1245/1245 838/838
f 1261/1261 1125/1125 1390/1390
f 1390/1390 1125/1125 1278/1278
f 1390/1390 1278/1278 1560/1560
f 1261/1261 1390/1390 1537/1537
f 1261/1261 1537/1537 1245/1245
f 1390/1390 1560/1560 1632/1632
f 1390/1390 1632/1632 1537/1537
f 1658/1658 1560/1560 1641/1641
f 1560/1560 1658/1658 1632/1632
f 1632/1632 1658/1658 1729/1729
f 1729/1729 1658/1658 1743/1743
f 1729/1729 1743/1743 1878/1878
f 1537/1537 1632/1632 1617/1617
f 1632/1632 1729/1729 1692/1692
f 1632/1632 1692/1692 1617/1617
f 1692/1692 1729/1729 1866/1866
f 1866/1866 1729/1729 1878/1878
f 1692/1692 1866/1866 1826/1826
f 1919/1919 1878/1878 1905/1905
f 1692/1692 1826/1826 1781/1781
f 1692/1692 1781/1781 1617/1617
f 1826/1826 1866/1866 2027/2027
f 1866/1866 1878/1878 2163/2163
f 2163/2163 1878/1878 1919/1919
f 1866/1866 2163/2163 2027/2027
f 1781/1781 1826/1826 1857/1857
f 1857/1857 1826/1826 2027/2027
f 1781/1781 1857/1857 1809/1809
f 1857/1857 2027/2027 1936/1936
f 1857/1857 1936/1936 1809/1809
f 1936/1936 2027/2027 1988/1988
f 1809/1809 1936/1936 1906/1906
f 1906/1906 1936/1936 1988/1988
f 1809/1809 1906/1906 1885/1885
f 1885/1885 1906/1906 1988/1988
f 1781/1781 1809/1809 1678/1678
f 1781/1781 1678/1678 1617/1617
f 1678/1678 1809/1809 1722/1722
f 1722/1722 1809/1809 1885/1885
f 1617/1617 1678/1678 1610/1610
f 1610/1610 1678/1678 1722/1722
f 2168/2168 1988/1988 2027/2027
f 2168/2168 2027/2027 2163/2163
f 2097/2097 1885/1885 1988/1988
f 1988/1988 2168/2168 2151/2151
f 1988/1988 2151/2151 2097/2097
f 1885/1885 2097/2097 1957/1957
f 1787/1787 1722/1722 1885/1885
f 1787/1787 1885/1885 1957/1957
f 1722/1722 1787/1787 1643/1643
f 1787/1787 1957/1957 1863/1863
f 1957/1957 2097/2097 2036/2036
f 1957/1957 2036/2036 1863/1863
f 2235/2235 2097/2097 2151/2151
f 2097/2097 2235/2235 2036/2036
f 2234/2234 2151/2151 2168/2168
f 2151/2151 2234/2234 2235/2235
f 2234/2234 2168/2168 2259/2259
f 2259/2259 2168/2168 2163/2163
f 2235/2235 2234/2234 2392/2392
f 2259/2259 2163/2163 2286/2286
f 2234/2234 2259/2259 2332/2332
f 2234/2234 2332/2332 2392/2392
f 2332/2332 2259/2259 2383/2383
f 2383/2383 2259/2259 2286/2286
f 2392/2392 2332/2332 2452/2452
f 2452/2452 2332/2332 2383/2383
f 2235/2235 2392/2392 2335/2335
f 2392/2392 2452/2452 2436/2436
f 2392/2392 2436/2436 2388/2388
f 2392/2392 2388/2388 2335/2335
f 2436/2436 2452/2452 2537/2537
f 2388/2388 2436/2436 2407/2407
f 2407/2407 2436/2436 2537/2537
f 2235/2235 2335/2335 2246/2246
f 2235/2235 2246/2246 2036/2036
f 2335/2335 2388/2388 2301/2301
f 2246/2246 2335/2335 2258/2258
f 2258/2258 2335/2335 2301/2301
f 2246/2246 2258/2258 2195/2195
f 2246/2246 2195/2195 2036/2036
f 2258/2258 2301/2301 2230/2230
f 2258/2258 2230/2230 2195/2195
f 2301/2301 2388/2388 2348/2348
f 2348/2348 2388/2388 2407/2407
f 2301/2301 2348/2348 2268/2268
f 2301/2301 2268/2268 2230/2230
f 2268/2268 2348/2348 2337/2337
f 2268/2268 2337/2337 2230/2230
f 2337/2337 2348/2348 2407/2407
f 2169/2169 2195/2195 2230/2230
f 2028/2028 2036/2036 2195/2195
f 2028/2028 2195/2195 2169/2169
f 2169/2169 2230/2230 2208/2208
f 2208/2208 2230/2230 2337/2337
f 2028/2028 2169/2169 2017/2017
f 2036/2036 2028/2028 1924/1924
f 2017/2017 2169/2169 2146/2146
f 2146/2146 2169/2169 2208/2208
f 2028/2028 2017/2017 1935/1935
f 2028/2028 1935/1935 1924/1924
f 2036/2036 1924/1924 1863/1863
f 1935/1935 2017/2017 1958/1958
f 1958/1958 2017/2017 2146/2146
f 1924/1924 1935/1935 1874/1874
f 1874/1874 1935/1935 1958/1958
f 1863/1863 1924/1924 1788/1788
f 1788/1788 1924/1924 1874/1874
f 1958/1958 2146/2146 2009/2009
f 2009/2009 2146/2146 2095/2095
f 2095/2095 2146/2146 2208/2208
f 1958/1958 2009/2009 1932/1932
f 1958/1958 1932/1932 1874/1874
f 1932/1932 2009/2009 1921/1921
f 1921/1921 2009/2009 2095/2095
f 2095/2095 2208/2208 2199/2199
f 2199/2199 2208/2208 2289/2289
f 2095/2095 2199/2199 2112/2112
f 2289/2289 2208/2208 2337/2337
f 2095/2095 2112/2112 1946/1946
f 2095/2095 1946/1946 1921/1921
f 1946/1946 2112/2112 2035/2035
f 1946/1946 2035/2035 1960/1960
f 2289/2289 2337/2337 2365/2365
f 2289/2289 2365/2365 2311/2311
f 2365/2365 2337/2337 2419/2419
f 2365/2365 2419/2419 2441/2441
f 2419/2419 2337/2337 2407/2407
f 2441/2441 2419/2419 2497/2497
f 2497/2497 2419/2419 2407/2407
f 2441/2441 2497/2497 2569/2569
f 2497/2497 2407/2407 2537/2537
f 2569/2569 2497/2497 2624/2624
f 2497/2497 2537/2537 2595/2595
f 2497/2497 2595/2595 2624/2624
f 2595/2595 2537/2537 2594/2594
f 2617/2617 2624/2624 2728/2728
f 2728/2728 2624/2624 2749/2749
f 2749/2749 2624/2624 2595/2595
f 2728/2728 2749/2749 2797/2797
f 2594/2594 2537/2537 2519/2519
f 2519/2519 2537/2537 2452/2452
f 2519/2519 2452/2452 2383/2383
f 2698/2698 2595/2595 2594/2594
f 2698/2698 2594/2594 2519/2519
f 2595/2595 2698/2698 2749/2749
f 2519/2519 2383/2383 2520/2520
f 2519/2519 2520/2520 2698/2698
f 2520/2520 2383/2383 2406/2406
f 2749/2749 2698/2698 2840/2840
f 2877/2877 2797/2797 2749/2749
f 2877/2877 2749/2749 2840/2840
f 2797/2797 2877/2877 2973/2973
f 2973/2973 2877/2877 2923/2923
f 2923/2923 2877/2877 2840/2840
f 2973/2973 2923/2923 3084/3084
f 3084/3084 2923/2923 3044/3044
f 3044/3044 2923/2923 2879/2879
f 2836/2836 2840/2840 2698/2698
f 2840/2840 2836/2836 2923/2923
f 2836/2836 2698/2698 2700/2700
f 2700/2700 2698/2698 2520/2520
f 2923/2923 2836/2836 2763/2763
f 2923/2923 2763/2763 2879/2879
f 2836/2836 2700/2700 2604/2604
f 2836/2836 2604/2604 2763/2763
f 2700/2700 2520/2520 2562/2562
f 2700/2700 2562/2562 2604/2604
f 2562/2562 2520/2520 2406/2406
f 2604/2604 2562/2562 2493/2493
f 2493/2493 2562/2562 2406/2406
f 2763/2763 2604/2604 2599/2599
f 2599/2599 2604/2604 2493/2493
f 2702/2702 2879/2879 2763/2763
f 2702/2702 2763/2763 2599/2599
f 2879/2879 2702/2702 2726/2726
f 2726/2726 2702/2702 2639/2639
f 2726/2726 2639/2639 2630/2630
f 2702/2702 2599/2599 2506/2506
f 2702/2702 2506/2506 2639/2639
f 2639/2639 2506/2506 2584/2584
f 2639/2639 2584/2584 2591/2591
f 2506/2506 2599/2599 2468/2468
f 2468/2468 2599/2599 2493/2493
f 2506/2506 2468/2468 2359/2359
f 2468/2468 2493/2493 2387/2387
f 2468/2468 2387/2387 2359/2359
f 2387/2387 2493/2493 2406/2406
f 2359/2359 2387/2387 2304/2304
f 2304/2304 2387/2387 2319/2319
f 2304/2304 2319/2319 2275/2275
f 2319/2319 2387/2387 2323/2323
f 2319/2319 2323/2323 2275/2275
f 2323/2323 2387/2387 2406/2406
f 2323/2323 2406/2406 2286/2286
f 2323/2323 2286/2286 2275/2275
f 2286/2286 2406/2406 2383/2383
f 2275/2275 2286/2286 2187/2187
f 2187/2187 2286/2286 2163/2163
f 2275/2275 2187/2187 2172/2172
f 2187/2187 2163/2163 1919/1919
f 2187/2187 1919/1919 2172/2172
f 1435/1435 1245/1245 1537/1537
f 1435/1435 1537/1537 1617/1617
f 1435/1435 1617/1617 1610/1610
f 1245/1245 1435/1435 1241/1241
f 1245/1245 1241/1241 838/838
f 1435/1435 1610/1610 1328/1328
f 1435/1435 1328/1328 1241/1241
f 838/838 1241/1241 1113/1113
f 1113/1113 1241/1241 1328/1328
f 838/838 1113/1113 627/627
f 627/627 1113/1113 882/882
f 1113/1113 1328/1328 1240/1240
f 1113/1113 1240/1240 882/882
f 1546/1546 1328/1328 1610/1610
f 1546/1546 1610/1610 1648/1648
f 1648/1648 1610/1610 1722/1722
f 1328/1328 1546/1546 1411/1411
f 1411/1411 1546/1546 1648/1648
f 1328/1328 1411/1411 1240/1240
f 1648/1648 1722/1722 1643/1643
f 1648/1648 1643/1643 1411/1411
f 1088/1088 882/882 1240/1240
f 882/882 1088/1088 921/921
f 1240/1240 1411/1411 1384/1384
f 1384/1384 1411/1411 1643/1643
f 1088/1088 1240/1240 1259/1259
f 1259/1259 1240/1240 1384/1384
f 921/921 1088/1088 1207/1207
f 1207/1207 1088/1088 1259/1259
f 921/921 1207/1207 1074/1074
f 1207/1207 1259/1259 1289/1289
f 1207/1207 1289/1289 1074/1074
f 1289/1289 1259/1259 1384/1384
f 1289/1289 1384/1384 1415/1415
f 1500/1500 1384/1384 1643/1643
f 1384/1384 1500/1500 1415/1415
f 1500/1500 1643/1643 1685/1685
f 1685/1685 1643/1643 1787/1787
f 1685/1685 1787/1787 1863/1863
f 1500/1500 1685/1685 1562/1562
f 1500/1500 1562/1562 1415/1415
f 1685/1685 1863/1863 1730/1730
f 1685/1685 1730/1730 1562/1562
f 1730/1730 1863/1863 1788/1788
f 1415/1415 1562/1562 1597/1597
f 1597/1597 1562/1562 1730/1730
f 1730/1730 1788/1788 1723/1723
f 1730/1730 1723/1723 1597/1597
f 1723/1723 1788/1788 1844/1844
f 1844/1844 1788/1788 1874/1874
f 1597/1597 1723/1723 1715/1715
f 1723/1723 1844/1844 1827/1827
f 1723/1723 1827/1827 1715/1715
f 1844/1844 1874/1874 1840/1840
f 1844/1844 1840/1840 1827/1827
f 1840/1840 1874/1874 1839/1839
f 1839/1839 1874/1874 1932/1932
f 1839/1839 1932/1932 1921/1921
f 1840/1840 1839/1839 1813/1813
f 1839/1839 1921/1921 1801/1801
f 1839/1839 1801/1801 1813/1813
f 1840/1840 1813/1813 1783/1783
f 1783/1783 1813/1813 1801/1801
f 1840/1840 1783/1783 1827/1827
f 1801/1801 1921/1921 1898/1898
f 1898/1898 1921/1921 1946/1946
f 1898/1898 1946/1946 1960/1960
f 1898/1898 1960/1960 1792/1792
f 1898/1898 1792/1792 1801/1801
f 1801/1801 1792/1792 1768/1768
f 1801/1801 1768/1768 1783/1783
f 1768/1768 1792/1792 1639/1639
f 1768/1768 1639/1639 1665/1665
f 1665/1665 1639/1639 1540/1540
f 1780/1780 1783/1783 1745/1745
f 1783/1783 1780/1780 1802/1802
f 1783/1783 1802/1802 1827/1827
f 1802/1802 1780/1780 1774/1774
f 1774/1774 1780/1780 1738/1738
f 1827/1827 1802/1802 1817/1817
f 1802/1802 1774/1774 1759/1759
f 1802/1802 1759/1759 1817/1817
f 1774/1774 1738/1738 1637/1637
f 1774/1774 1637/1637 1759/1759
f 1637/1637 1738/1738 1527/1527
f 1637/1637 1527/1527 1420/1420
f 1827/1827 1817/1817 1765/1765
f 1765/1765 1817/1817 1759/1759
f 1827/1827 1765/1765 1715/1715
f 1637/1637 1420/1420 1423/1423
f 1637/1637 1423/1423 1759/1759
f 1423/1423 1420/1420 1386/1386
f 1715/1715 1765/1765 1663/1663
f 1663/1663 1765/1765 1759/1759
f 1759/1759 1423/1423 1429/1429
f 1759/1759 1429/1429 1663/1663
f 1423/1423 1386/1386 1395/1395
f 1429/1429 1423/1423 1393/1393
f 1393/1393 1423/1423 1395/1395
f 1429/1429 1393/1393 1394/1394
f 1429/1429 1394/1394 1663/1663
f 1393/1393 1395/1395 1374/1374
f 1393/1393 1374/1374 1394/1394
f 1395/1395 1386/1386 1410/1410
f 1410/1410 1386/1386 1418/1418
f 1395/1395 1410/1410 1374/1374
f 1374/1374 1410/1410 1406/1406
f 1406/1406 1410/1410 1454/1454
f 1406/1406 1454/1454 1427/1427
f 1374/1374 1406/1406 1329/1329
f 1406/1406 1427/1427 1338/1338
f 1406/1406 1338/1338 1329/1329
f 1338/1338 1427/1427 1432/1432
f 1338/1338 1432/1432 1260/1260
f 1338/1338 1260/1260 1329/1329
f 1260/1260 1432/1432 1496/1496
f 1374/1374 1329/1329 1355/1355
f 1374/1374 1355/1355 1394/1394
f 1260/1260 1496/1496 1437/1437
f 1394/1394 1355/1355 1312/1312
f 1394/1394 1312/1312 1663/1663
f 1355/1355 1329/1329 1275/1275
f 1355/1355 1275/1275 1312/1312
f 1266/1266 1329/1329 1260/1260
f 1329/1329 1266/1266 1275/1275
f 1312/1312 1275/1275 1230/1230
f 1230/1230 1275/1275 1266/1266
f 1663/1663 1312/1312 1480/1480
f 1266/1266 1260/1260 1216/1216
f 1266/1266 1216/1216 1230/1230
f 1663/1663 1480/1480 1578/1578
f 1663/1663 1578/1578 1715/1715
f 1715/1715 1578/1578 1597/1597
f 1597/1597 1578/1578 1455/1455
f 1455/1455 1578/1578 1480/1480
f 1597/1597 1455/1455 1415/1415
f 1455/1455 1480/1480 1296/1296
f 1455/1455 1296/1296 1415/1415
f 1296/1296 1480/1480 1312/1312
f 1296/1296 1312/1312 1230/1230
f 1415/1415 1296/1296 1289/1289
f 1289/1289 1296/1296 1074/1074
f 1074/1074 1296/1296 1140/1140
f 1074/1074 1140/1140 888/888
f 888/888 1140/1140 1045/1045
f 1140/1140 1296/1296 1127/1127
f 1140/1140 1127/1127 1045/1045
f 1127/1127 1296/1296 1230/1230
f 1045/1045 1127/1127 1100/1100
f 1127/1127 1230/1230 1216/1216
f 1127/1127 1216/1216 1100/1100
f 1100/1100 1216/1216 1083/1083
f 1083/1083 1216/1216 1234/1234
f 1083/1083 1234/1234 932/932
f 1234/1234 1216/1216 1254/1254
f 1254/1254 1216/1216 1260/1260
f 932/932 1234/1234 1176/1176
f 932/932 1176/1176 1055/1055
f 1234/1234 1254/1254 1290/1290
f 1234/1234 1290/1290 1176/1176
f 1254/1254 1260/1260 1437/1437
f 1254/1254 1437/1437 1290/1290
f 1055/1055 1176/1176 1215/1215
f 1176/1176 1290/1290 1314/1314
f 1314/1314 1290/1290 1437/1437
f 1176/1176 1314/1314 1215/1215
f 1055/1055 1215/1215 1086/1086
f 1314/1314 1437/1437 1336/1336
f 1314/1314 1336/1336 1215/1215
f 1086/1086 1215/1215 1365/1365
f 1365/1365 1215/1215 1336/1336
f 1086/1086 1365/1365 1103/1103
f 1336/1336 1437/1437 1398/1398
f 1336/1336 1398/1398 1365/1365
f 1398/1398 1437/1437 1492/1492
f 1398/1398 1492/1492 1444/1444
f 1398/1398 1444/1444 1365/1365
f 1103/1103 1365/1365 1405/1405
f 1405/1405 1365/1365 1444/1444
f 1103/1103 1405/1405 1408/1408
f 1103/1103 1408/1408 1121/1121
f 1405/1405 1444/1444 1497/1497
f 1405/1405 1497/1497 1408/1408
f 1497/1497 1444/1444 1574/1574
f 1121/1121 1408/1408 1150/1150
f 1497/1497 1574/1574 1551/1551
f 1497/1497 1551/1551 1408/1408
f 1150/1150 1408/1408 1330/1330
f 1330/1330 1408/1408 1551/1551
f 1150/1150 1330/1330 1154/1154
f 1154/1154 1330/1330 1165/1165
f 1330/1330 1551/1551 1552/1552
f 1330/1330 1552/1552 1165/1165
f 1552/1552 1551/1551 1586/1586
f 1165/1165 1552/1552 1568/1568
f 1568/1568 1552/1552 1586/1586
f 790/790 769/769 806/806
f 1417/1417 1439/1439 1409/1409
f 1409/1409 1439/1439 1457/1457
f 1409/1409 1457/1457 1452/1452
f 1452/1452 1457/1457 1517/1517
f 1517/1517 1457/1457 1515/1515
f 1515/1515 1457/1457 1439/1439
f 1515/1515 1439/1439 1416/1416
f 1416/1416 1439/1439 1417/1417
f 1515/1515 1416/1416 1463/1463
f 1416/1416 1417/1417 1378/1378
f 1378/1378 1417/1417 1385/1385
f 1463/1463 1416/1416 1383/1383
f 1378/1378 1385/1385 1392/1392
f 1416/1416 1378/1378 1360/1360
f 1416/1416 1360/1360 1383/1383
f 1360/1360 1378/1378 1392/1392
f 1463/1463 1383/1383 1402/1402
f 1392/1392 1385/1385 1419/1419
f 1383/1383 1360/1360 1347/1347
f 1347/1347 1360/1360 1392/1392
f 1402/1402 1383/1383 1369/1369
f 1369/1369 1383/1383 1347/1347
f 1347/1347 1392/1392 1344/1344
f 1347/1347 1344/1344 1369/1369
f 1392/1392 1419/1419 1465/1465
f 1392/1392 1465/1465 1344/1344
f 1465/1465 1419/1419 1526/1526
f 1369/1369 1344/1344 1335/1335
f 1369/1369 1335/1335 1402/1402
f 1344/1344 1465/1465 1549/1549
f 1549/1549 1465/1465 1526/1526
f 1344/1344 1549/1549 1553/1553
f 1344/1344 1553/1553 1335/1335
f 1549/1549 1526/1526 1709/1709
f 1549/1549 1709/1709 1553/1553
f 1709/1709 1526/1526 1737/1737
f 1279/1279 1402/1402 1335/1335
f 1402/1402 1279/1279 1440/1440
f 1335/1335 1553/1553 1339/1339
f 1279/1279 1335/1335 1244/1244
f 1244/1244 1335/1335 1339/1339
f 1279/1279 1244/1244 1200/1200
f 1244/1244 1339/1339 1217/1217
f 1200/1200 1244/1244 1068/1068
f 1244/1244 1217/1217 1076/1076
f 1244/1244 1076/1076 1068/1068
f 1068/1068 1076/1076 594/594
f 1376/1376 1339/1339 1553/1553
f 1376/1376 1553/1553 1601/1601
f 1601/1601 1553/1553 1709/1709
f 1376/1376 1601/1601 1538/1538
f 1538/1538 1601/1601 1664/1664
f 1601/1601 1709/1709 1744/1744
f 1601/1601 1744/1744 1664/1664
f 1744/1744 1709/1709 1737/1737
f 1744/1744 1737/1737 1779/1779
f 1664/1664 1744/1744 1767/1767
f 1767/1767 1744/1744 1782/1782
f 1653/1653 1656/1656 1726/1726
f 1656/1656 1653/1653 1518/1518
f 1656/1656 1518/1518 1516/1516
f 1656/1656 1516/1516 1556/1556
f 1556/1556 1516/1516 1464/1464
f 1726/1726 1656/1656 1819/1819
f 1656/1656 1556/1556 1724/1724
f 1656/1656 1724/1724 1819/1819
f 1726/1726 1819/1819 1916/1916
f 1726/1726 1916/1916 1907/1907
f 1819/1819 1724/1724 1897/1897
f 1916/1916 1819/1819 1967/1967
f 1967/1967 1819/1819 1897/1897
f 1916/1916 1967/1967 2037/2037
f 1916/1916 2037/2037 1992/1992
f 1967/1967 1897/1897 1985/1985
f 1897/1897 1724/1724 1865/1865
f 1897/1897 1865/1865 1985/1985
f 1661/1661 1724/1724 1556/1556
f 1724/1724 1661/1661 1865/1865
f 1967/1967 1985/1985 2029/2029
f 1967/1967 2029/2029 2037/2037
f 1985/1985 1865/1865 2003/2003
f 1985/1985 2003/2003 2029/2029
f 2003/2003 1865/1865 1969/1969
f 2037/2037 2029/2029 2060/2060
f 2029/2029 2003/2003 2047/2047
f 2029/2029 2047/2047 2060/2060
f 2047/2047 2003/2003 2001/2001
f 2001/2001 2003/2003 1969/1969
f 1969/1969 1865/1865 1784/1784
f 1784/1784 1865/1865 1661/1661
f 2037/2037 2060/2060 2109/2109
f 2037/2037 2109/2109 2092/2092
f 2092/2092 2109/2109 2119/2119
f 2119/2119 2109/2109 2133/2133
f 2109/2109 2060/2060 2098/2098
f 2109/2109 2098/2098 2133/2133
f 2098/2098 2060/2060 2047/2047
f 2133/2133 2098/2098 2126/2126
f 2133/2133 2126/2126 2141/2141
f 2098/2098 2047/2047 2071/2071
f 2098/2098 2071/2071 2126/2126
f 2071/2071 2047/2047 2001/2001
f 2126/2126 2071/2071 2096/2096
f 2126/2126 2096/2096 2107/2107
f 2096/2096 2071/2071 2069/2069
f 2096/2096 2069/2069 2107/2107
f 2069/2069 2071/2071 2001/2001
f 2107/2107 2069/2069 1973/1973
f 1973/1973 2069/2069 2001/2001
f 1973/1973 2001/2001 1969/1969
f 1973/1973 1969/1969 1914/1914
f 1914/1914 1969/1969 1784/1784
f 1973/1973 1914/1914 1899/1899
f 1899/1899 1914/1914 1848/1848
f 1914/1914 1784/1784 1662/1662
f 1662/1662 1784/1784 1661/1661
f 1848/1848 1914/1914 1753/1753
f 1753/1753 1914/1914 1662/1662
f 1899/1899 1848/1848 1789/1789
f 1789/1789 1848/1848 1753/1753
f 1899/1899 1789/1789 1793/1793
f 1789/1789 1753/1753 1772/1772
f 1793/1793 1789/1789 1741/1741
f 1741/1741 1789/1789 1772/1772
f 1793/1793 1741/1741 1750/1750
f 1750/1750 1741/1741 1649/1649
f 1741/1741 1772/1772 1713/1713
f 1713/1713 1772/1772 1753/1753
f 1649/1649 1741/1741 1421/1421
f 1421/1421 1741/1741 1713/1713
f 1649/1649 1421/1421 1473/1473
f 1713/1713 1753/1753 1680/1680
f 1680/1680 1753/1753 1662/1662
f 1421/1421 1713/1713 1666/1666
f 1666/1666 1713/1713 1680/1680
f 1421/1421 1666/1666 1308/1308
f 1666/1666 1680/1680 1629/1629
f 1308/1308 1666/1666 1375/1375
f 1375/1375 1666/1666 1629/1629
f 1308/1308 1375/1375 1016/1016
f 1629/1629 1680/1680 1620/1620
f 1629/1629 1620/1620 1375/1375
f 1620/1620 1680/1680 1662/1662
f 1016/1016 1375/1375 1128/1128
f 1375/1375 1620/1620 1592/1592
f 1375/1375 1592/1592 1128/1128
f 1620/1620 1662/1662 1581/1581
f 1620/1620 1581/1581 1592/1592
f 1581/1581 1662/1662 1599/1599
f 1599/1599 1662/1662 1661/1661
f 1599/1599 1661/1661 1545/1545
f 1599/1599 1545/1545 1581/1581
f 1545/1545 1661/1661 1556/1556
f 1545/1545 1556/1556 1464/1464
f 1592/1592 1581/1581 1558/1558
f 1558/1558 1581/1581 1545/1545
f 1592/1592 1558/1558 1302/1302
f 1592/1592 1302/1302 1128/1128
f 1128/1128 1302/1302 1063/1063
f 1128/1128 1063/1063 618/618
f 1063/1063 1302/1302 1523/1523
f 1523/1523 1302/1302 1558/1558
f 1523/1523 1558/1558 1545/1545
f 1523/1523 1545/1545 1484/1484
f 1484/1484 1545/1545 1464/1464
f 1523/1523 1484/1484 1482/1482
f 1484/1484 1464/1464 1403/1403
f 1482/1482 1484/1484 1441/1441
f 1441/1441 1484/1484 1403/1403
f 5043/5043 5123/5123 5069/5069
f 5123/5123 5043/5043 5132/5132
f 5043/5043 5069/5069 4946/4946
f 4946/4946 5069/5069 4960/4960
f 5132/5132 5043/5043 5013/5013
f 5013/5013 5043/5043 4946/4946
f 5132/5132 5013/5013 5041/5041
f 5041/5041 5013/5013 4827/4827
f 4827/4827 5013/5013 4946/4946
f 4946/4946 4960/4960 4897/4897
f 4827/4827 4946/4946 4790/4790
f 4946/4946 4897/4897 4857/4857
f 4946/4946 4857/4857 4790/4790
f 4857/4857 4897/4897 4782/4782
f 4827/4827 4790/4790 4685/4685
f 4790/4790 4857/4857 4731/4731
f 4731/4731 4857/4857 4782/4782
f 4685/4685 4790/4790 4602/4602
f 4602/4602 4790/4790 4731/4731
f 4685/4685 4602/4602 4529/4529
f 4529/4529 4602/4602 4398/4398
f 4731/4731 4782/4782 4615/4615
f 4615/4615 4782/4782 4565/4565
f 4602/4602 4731/4731 4603/4603
f 4603/4603 4731/4731 4615/4615
f 4398/4398 4602/4602 4378/4378
f 4378/4378 4602/4602 4603/4603
f 4398/4398 4378/4378 4316/4316
f 4615/4615 4565/4565 4487/4487
f 4615/4615 4487/4487 4603/4603
f 4487/4487 4565/4565 4427/4427
f 4378/4378 4603/4603 4474/4474
f 4474/4474 4603/4603 4487/4487
f 4427/4427 4565/4565 4469/4469
f 4378/4378 4474/4474 4297/4297
f 4378/4378 4297/4297 4316/4316
f 4474/4474 4487/4487 4260/4260
f 4474/4474 4260/4260 4297/4297
f 4260/4260 4487/4487 4427/4427
f 4316/4316 4297/4297 4263/4263
f 4263/4263 4297/4297 4260/4260
f 4316/4316 4263/4263 4161/4161
f 4316/4316 4161/4161 4339/4339
f 4161/4161 4263/4263 3779/3779
f 4161/4161 3779/3779 3884/3884
f 3884/3884 3779/3779 7/7
f 7/7 3779/3779 20/20
f 3779/3779 4263/4263 3862/3862
f 3779/3779 3862/3862 20/20
f 3862/3862 4263/4263 4260/4260
f 20/20 3862/3862 3710/3710
f 20/20 3710/3710 3541/3541
f 3541/3541 3710/3710 3551/3551
f 3551/3551 3710/3710 3700/3700
f 3710/3710 3862/3862 3947/3947
f 3947/3947 3862/3862 4260/4260
f 3710/3710 3947/3947 3700/3700
f 3947/3947 4260/4260 4254/4254
f 4254/4254 4260/4260 4427/4427
f 3700/3700 3947/3947 3931/3931
f 3700/3700 3931/3931 140/140
f 3947/3947 4254/4254 4081/4081
f 3947/3947 4081/4081 3931/3931
f 4254/4254 4427/4427 4217/4217
f 4254/4254 4217/4217 4081/4081
f 4217/4217 4427/4427 4469/4469
f 4217/4217 4469/4469 4285/4285
f 4217/4217 4285/4285 4167/4167
f 4217/4217 4167/4167 4081/4081
f 3931/3931 4081/4081 3714/3714
f 3931/3931 3714/3714 140/140
f 3714/3714 4081/4081 4167/4167
f 140/140 3714/3714 423/423
f 423/423 3714/3714 478/478
f 423/423 478/478 949/949
f 949/949 478/478 392/392
f 392/392 478/478 42/42
f 42/42 478/478 3714/3714
f 3714/3714 4167/4167 3741/3741
f 3714/3714 3741/3741 42/42
f 3741/3741 4167/4167 3873/3873
f 42/42 3741/3741 3788/3788
f 3788/3788 3741/3741 3873/3873
f 42/42 3788/3788 3821/3821
f 3873/3873 4167/4167 3971/3971
f 3873/3873 3971/3971 3788/3788
f 3788/3788 3971/3971 3821/3821
f 3971/3971 4167/4167 4055/4055
f 3971/3971 4055/4055 3821/3821
f 5082/5082 5131/5131 5058/5058
f 5058/5058 5131/5131 5040/5040
f 5058/5058 5040/5040 4958/4958
f 5058/5058 4958/4958 4977/4977
f 4977/4977 4958/4958 4814/4814
f 4958/4958 5040/5040 4848/4848
f 4958/4958 4848/4848 4814/4814
f 4848/4848 5040/5040 4826/4826
f 4848/4848 4826/4826 4684/4684
f 4848/4848 4684/4684 4627/4627
f 4848/4848 4627/4627 4814/4814
f 4627/4627 4684/4684 4528/4528
f 4814/4814 4627/4627 4757/4757
f 4814/4814 4757/4757 4855/4855
f 4627/4627 4528/4528 4578/4578
f 4627/4627 4578/4578 4757/4757
f 4578/4578 4528/4528 4353/4353
f 4757/4757 4578/4578 4522/4522
f 4522/4522 4578/4578 4353/4353
f 4757/4757 4522/4522 4568/4568
f 4568/4568 4522/4522 4425/4425
f 4353/4353 4528/4528 4397/4397
f 4425/4425 4522/4522 4381/4381
f 4381/4381 4522/4522 4353/4353
f 4425/4425 4381/4381 4088/4088
f 4425/4425 4088/4088 4175/4175
f 4175/4175 4088/4088 3693/3693
f 4088/4088 4381/4381 4000/4000
f 4000/4000 4381/4381 4353/4353
f 3693/3693 4088/4088 3614/3614
f 3614/3614 4088/4088 4000/4000
f 3693/3693 3614/3614 3645/3645
f 4338/4338 4353/4353 4397/4397
f 4338/4338 4397/4397 4315/4315
f 4000/4000 4353/4353 3853/3853
f 4000/4000 3853/3853 3614/3614
f 4353/4353 4338/4338 3883/3883
f 3883/3883 4338/4338 4160/4160
f 4353/4353 3883/3883 3853/3853
f 3538/3538 3883/3883 6/6
f 3883/3883 3538/3538 3853/3853
f 3853/3853 3538/3538 3565/3565
f 3853/3853 3565/3565 3560/3560
f 3853/3853 3560/3560 3570/3570
f 3853/3853 3570/3570 3588/3588
f 3853/3853 3588/3588 3614/3614
f 3614/3614 3588/3588 3600/3600
f 3614/3614 3600/3600 3645/3645
f 3645/3645 3600/3600 3665/3665
f 3665/3665 3600/3600 3659/3659
f 3659/3659 3600/3600 3649/3649
f 37/37 8/8 21/21
f 8/8 37/37 3540/3540
f 3540/3540 37/37 30/30
f 37/37 21/21 23/23
f 23/23 21/21 3542/3542
f 30/30 37/37 58/58
f 23/23 3542/3542 3552/3552
f 30/30 58/58 47/47
f 37/37 23/23 51/51
f 37/37 51/51 58/58
f 47/47 58/58 117/117
f 47/47 117/117 157/157
f 58/58 51/51 167/167
f 58/58 167/167 117/117
f 51/51 23/23 52/52
f 51/51 52/52 167/167
f 52/52 23/23 11/11
f 11/11 23/23 3552/3552
f 11/11 3552/3552 14/14
f 14/14 3552/3552 3701/3701
f 14/14 3701/3701 141/141
f 11/11 14/14 54/54
f 52/52 11/11 35/35
f 35/35 11/11 54/54
f 52/52 35/35 61/61
f 52/52 61/61 167/167
f 14/14 141/141 509/509
f 509/509 141/141 424/424
f 509/509 424/424 1248/1248
f 14/14 509/509 465/465
f 14/14 465/465 54/54
f 509/509 1248/1248 1263/1263
f 1263/1263 1248/1248 1576/1576
f 465/465 509/509 908/908
f 1263/1263 1576/1576 1367/1367
f 54/54 465/465 513/513
f 1367/1367 1576/1576 1594/1594
f 509/509 1263/1263 1122/1122
f 1122/1122 1263/1263 1367/1367
f 509/509 1122/1122 908/908
f 1367/1367 1594/1594 1371/1371
f 1371/1371 1594/1594 1604/1604
f 1122/1122 1367/1367 1171/1171
f 1171/1171 1367/1367 1371/1371
f 1371/1371 1604/1604 1570/1570
f 1122/1122 1171/1171 913/913
f 1122/1122 913/913 908/908
f 1171/1171 1371/1371 1197/1197
f 1197/1197 1371/1371 1570/1570
f 913/913 1171/1171 947/947
f 947/947 1171/1171 1197/1197
f 1505/1505 1286/1286 1570/1570
f 1570/1570 1286/1286 1168/1168
f 1570/1570 1168/1168 1197/1197
f 1168/1168 1286/1286 952/952
f 947/947 1197/1197 945/945
f 945/945 1197/1197 1168/1168
f 1168/1168 952/952 924/924
f 1168/1168 924/924 945/945
f 924/924 952/952 923/923
f 947/947 945/945 900/900
f 947/947 900/900 913/913
f 945/945 924/924 905/905
f 905/905 924/924 923/923
f 945/945 905/905 900/900
f 905/905 923/923 870/870
f 905/905 870/870 900/900
f 913/913 900/900 864/864
f 864/864 900/900 870/870
f 913/913 864/864 908/908
f 870/870 923/923 895/895
f 895/895 923/923 930/930
f 864/864 870/870 833/833
f 870/870 895/895 849/849
f 870/870 849/849 833/833
f 833/833 849/849 803/803
f 833/833 803/803 864/864
f 849/849 895/895 835/835
f 849/849 835/835 803/803
f 835/835 895/895 824/824
f 824/824 895/895 886/886
f 803/803 835/835 812/812
f 835/835 824/824 759/759
f 835/835 759/759 812/812
f 810/810 749/749 824/824
f 824/824 749/749 759/759
f 803/803 812/812 744/744
f 803/803 744/744 743/743
f 803/803 743/743 864/864
f 744/744 812/812 719/719
f 744/744 719/719 743/743
f 719/719 812/812 757/757
f 757/757 812/812 759/759
f 712/712 759/759 749/749
f 712/712 749/749 695/695
f 712/712 695/695 647/647
f 759/759 712/712 722/722
f 757/757 759/759 725/725
f 725/725 759/759 722/722
f 702/702 719/719 757/757
f 702/702 757/757 725/725
f 719/719 702/702 699/699
f 719/719 699/699 743/743
f 722/722 712/712 634/634
f 634/634 712/712 647/647
f 725/725 722/722 632/632
f 632/632 722/722 634/634
f 702/702 725/725 710/710
f 710/710 725/725 632/632
f 702/702 710/710 670/670
f 702/702 670/670 699/699
f 634/634 647/647 453/453
f 453/453 647/647 489/489
f 632/632 634/634 487/487
f 487/487 634/634 453/453
f 632/632 487/487 474/474
f 453/453 489/489 397/397
f 397/397 489/489 434/434
f 397/397 434/434 404/404
f 453/453 397/397 430/430
f 453/453 430/430 487/487
f 397/397 404/404 306/306
f 397/397 306/306 430/430
f 452/452 474/474 487/487
f 452/452 487/487 430/430
f 499/499 632/632 474/474
f 499/499 474/474 452/452
f 632/632 499/499 710/710
f 253/253 157/157 306/306
f 306/306 157/157 274/274
f 306/306 274/274 430/430
f 274/274 157/157 117/117
f 710/710 499/499 479/479
f 710/710 479/479 670/670
f 479/479 499/499 443/443
f 443/443 499/499 452/452
f 670/670 479/479 615/615
f 670/670 615/615 699/699
f 479/479 443/443 412/412
f 479/479 412/412 615/615
f 443/443 452/452 357/357
f 357/357 452/452 430/430
f 357/357 430/430 274/274
f 443/443 357/357 383/383
f 443/443 383/383 412/412
f 357/357 274/274 249/249
f 249/249 274/274 117/117
f 357/357 249/249 383/383
f 249/249 117/117 229/229
f 249/249 229/229 383/383
f 229/229 117/117 167/167
f 229/229 167/167 270/270
f 229/229 270/270 383/383
f 270/270 167/167 61/61
f 383/383 270/270 290/290
f 383/383 290/290 412/412
f 270/270 61/61 161/161
f 270/270 161/161 290/290
f 161/161 61/61 163/163
f 161/161 163/163 290/290
f 163/163 61/61 143/143
f 412/412 290/290 312/312
f 290/290 163/163 257/257
f 290/290 257/257 312/312
f 257/257 163/163 246/246
f 246/246 163/163 143/143
f 312/312 257/257 330/330
f 330/330 257/257 246/246
f 412/412 312/312 373/373
f 373/373 312/312 330/330
f 412/412 373/373 573/573
f 412/412 573/573 615/615
f 615/615 573/573 699/699
f 573/573 373/373 668/668
f 668/668 373/373 330/330
f 699/699 573/573 715/715
f 715/715 573/573 668/668
f 699/699 715/715 743/743
f 668/668 330/330 680/680
f 715/715 668/668 752/752
f 752/752 668/668 680/680
f 715/715 752/752 743/743
f 680/680 330/330 729/729
f 729/729 330/330 246/246
f 680/680 729/729 752/752
f 729/729 246/246 143/143
f 743/743 752/752 801/801
f 801/801 752/752 729/729
f 743/743 801/801 832/832
f 743/743 832/832 864/864
f 801/801 729/729 751/751
f 751/751 729/729 143/143
f 801/801 751/751 832/832
f 864/864 832/832 875/875
f 864/864 875/875 908/908
f 832/832 751/751 842/842
f 832/832 842/842 875/875
f 751/751 143/143 760/760
f 751/751 760/760 842/842
f 875/875 842/842 859/859
f 859/859 842/842 760/760
f 908/908 875/875 868/868
f 868/868 875/875 859/859
f 908/908 868/868 465/465
f 465/465 868/868 513/513
f 513/513 868/868 859/859
f 513/513 859/859 54/54
f 859/859 760/760 111/111
f 859/859 111/111 54/54
f 111/111 760/760 143/143
f 54/54 111/111 35/35
f 111/111 143/143 61/61
f 111/111 61/61 35/35
f 3601/3601 3589/3589 3549/3549
f 3549/3549 3589/3589 3571/3571
f 3549/3549 3571/3571 3550/3550
f 3550/3550 3571/3571 3561/3561
f 3550/3550 3561/3561 3545/3545
f 3545/3545 3561/3561 3566/3566
f 3545/3545 3566/3566 3539/3539
f 3545/3545 3539/3539 29/29
f 3545/3545 29/29 3550/3550
f 3550/3550 29/29 25/25
f 3550/3550 25/25 3549/3549
f 25/25 29/29 46/46
f 3549/3549 25/25 45/45
f 25/25 46/46 142/142
f 25/25 142/142 45/45
f 142/142 46/46 191/191
f 156/156 252/252 46/46
f 46/46 252/252 191/191
f 3549/3549 45/45 34/34
f 45/45 142/142 135/135
f 142/142 191/191 259/259
f 142/142 259/259 135/135
f 45/45 135/135 91/91
f 45/45 91/91 34/34
f 3549/3549 34/34 3546/3546
f 3549/3549 3546/3546 3601/3601
f 3601/3601 3546/3546 3623/3623
f 3601/3601 3623/3623 3651/3651
f 3651/3651 3623/3623 3640/3640
f 3640/3640 3623/3623 3598/3598
f 3623/3623 3546/3546 3547/3547
f 3547/3547 3546/3546 34/34
f 3598/3598 3623/3623 75/75
f 75/75 3623/3623 3547/3547
f 3547/3547 34/34 99/99
f 99/99 34/34 91/91
f 3547/3547 99/99 75/75
f 99/99 91/91 190/190
f 190/190 91/91 135/135
f 75/75 99/99 207/207
f 207/207 99/99 190/190
f 43/43 3598/3598 75/75
f 3598/3598 43/43 3587/3587
f 3587/3587 43/43 13/13
f 43/43 75/75 227/227
f 227/227 75/75 207/207
f 13/13 43/43 138/138
f 138/138 43/43 227/227
f 13/13 138/138 198/198
f 198/198 138/138 291/291
f 291/291 138/138 227/227
f 198/198 291/291 369/369
f 369/369 291/291 449/449
f 291/291 227/227 353/353
f 353/353 227/227 207/207
f 291/291 353/353 449/449
f 353/353 207/207 279/279
f 279/279 207/207 190/190
f 449/449 353/353 460/460
f 460/460 353/353 279/279
f 449/449 460/460 580/580
f 449/449 580/580 602/602
f 602/602 580/580 732/732
f 580/580 460/460 561/561
f 732/732 580/580 637/637
f 637/637 580/580 561/561
f 460/460 279/279 429/429
f 460/460 429/429 561/561
f 429/429 279/279 414/414
f 561/561 429/429 496/496
f 496/496 429/429 414/414
f 414/414 279/279 363/363
f 363/363 279/279 190/190
f 496/496 414/414 439/439
f 439/439 414/414 363/363
f 561/561 496/496 577/577
f 577/577 496/496 439/439
f 561/561 577/577 588/588
f 561/561 588/588 637/637
f 577/577 439/439 608/608
f 577/577 608/608 588/588
f 439/439 363/363 415/415
f 297/297 363/363 190/190
f 363/363 297/297 415/415
f 297/297 190/190 135/135
f 297/297 135/135 259/259
f 415/415 297/297 413/413
f 413/413 297/297 259/259
f 439/439 415/415 493/493
f 439/439 493/493 608/608
f 493/493 415/415 413/413
f 413/413 259/259 307/307
f 307/307 259/259 191/191
f 493/493 413/413 492/492
f 413/413 307/307 409/409
f 413/413 409/409 492/492
f 307/307 191/191 335/335
f 307/307 335/335 409/409
f 335/335 191/191 252/252
f 664/664 608/608 493/493
f 664/664 493/493 492/492
f 608/608 664/664 701/701
f 608/608 701/701 588/588
f 335/335 252/252 403/403
f 403/403 252/252 305/305
f 408/408 409/409 335/335
f 408/408 335/335 403/403
f 409/409 408/408 492/492
f 408/408 403/403 488/488
f 408/408 488/488 492/492
f 488/488 403/403 433/433
f 492/492 488/488 646/646
f 693/693 664/664 492/492
f 664/664 693/693 701/701
f 492/492 646/646 690/690
f 492/492 690/690 693/693
f 690/690 646/646 711/711
f 711/711 646/646 694/694
f 711/711 694/694 748/748
f 690/690 711/711 756/756
f 756/756 711/711 748/748
f 690/690 756/756 693/693
f 693/693 756/756 701/701
f 756/756 748/748 809/809
f 701/701 756/756 804/804
f 756/756 809/809 841/841
f 756/756 841/841 804/804
f 841/841 809/809 885/885
f 885/885 809/809 823/823
f 841/841 885/885 907/907
f 841/841 907/907 804/804
f 701/701 804/804 683/683
f 701/701 683/683 588/588
f 588/588 683/683 637/637
f 683/683 804/804 730/730
f 637/637 683/683 845/845
f 845/845 683/683 730/730
f 730/730 804/804 831/831
f 831/831 804/804 907/907
f 730/730 831/831 819/819
f 730/730 819/819 845/845
f 831/831 907/907 877/877
f 831/831 877/877 819/819
f 929/929 907/907 885/885
f 929/929 885/885 894/894
f 877/877 907/907 946/946
f 946/946 907/907 929/929
f 819/819 877/877 999/999
f 877/877 946/946 948/948
f 877/877 948/948 999/999
f 948/948 946/946 968/968
f 968/968 946/946 929/929
f 948/948 968/968 974/974
f 948/948 974/974 1000/1000
f 948/948 1000/1000 999/999
f 974/974 968/968 995/995
f 999/999 1000/1000 1014/1014
f 995/995 968/968 958/958
f 958/958 968/968 929/929
f 995/995 958/958 954/954
f 954/954 958/958 929/929
f 954/954 929/929 950/950
f 950/950 929/929 922/922
f 999/999 1014/1014 1048/1048
f 999/999 1048/1048 1043/1043
f 999/999 1043/1043 1012/1012
f 1012/1012 1043/1043 1036/1036
f 999/999 1012/1012 935/935
f 935/935 1012/1012 1036/1036
f 999/999 935/935 819/819
f 819/819 935/935 845/845
f 845/845 935/935 1036/1036
f 845/845 1036/1036 969/969
f 969/969 1036/1036 1031/1031
f 969/969 1031/1031 899/899
f 845/845 969/969 860/860
f 860/860 969/969 899/899
f 845/845 860/860 637/637
f 860/860 899/899 732/732
f 860/860 732/732 637/637
f 3576/3576 3585/3585 12/12
f 3576/3576 12/12 48/48
f 48/48 12/12 128/128
f 48/48 128/128 102/102
f 128/128 12/12 197/197
f 128/128 197/197 277/277
f 102/102 128/128 226/226
f 226/226 128/128 277/277
f 102/102 226/226 208/208
f 102/102 208/208 146/146
f 277/277 197/197 293/293
f 293/293 197/197 326/326
f 326/326 197/197 368/368
f 277/277 293/293 351/351
f 351/351 293/293 326/326
f 326/326 368/368 555/555
f 326/326 555/555 351/351
f 555/555 368/368 564/564
f 564/564 368/368 448/448
f 564/564 448/448 601/601
f 564/564 601/601 644/644
f 564/564 644/644 555/555
f 644/644 601/601 731/731
f 351/351 555/555 554/554
f 644/644 731/731 686/686
f 555/555 644/644 645/645
f 645/645 644/644 686/686
f 555/555 645/645 554/554
f 686/686 731/731 898/898
f 351/351 554/554 337/337
f 351/351 337/337 277/277
f 554/554 645/645 613/613
f 613/613 645/645 650/650
f 613/613 650/650 554/554
f 650/650 645/645 686/686
f 554/554 650/650 583/583
f 554/554 583/583 337/337
f 650/650 686/686 755/755
f 650/650 755/755 583/583
f 263/263 277/277 337/337
f 277/277 263/263 226/226
f 337/337 583/583 570/570
f 226/226 263/263 275/275
f 263/263 337/337 311/311
f 263/263 311/311 275/275
f 311/311 337/337 570/570
f 226/226 275/275 208/208
f 275/275 311/311 298/298
f 570/570 583/583 603/603
f 603/603 583/583 755/755
f 570/570 603/603 599/599
f 599/599 603/603 755/755
f 311/311 570/570 457/457
f 311/311 457/457 298/298
f 457/457 570/570 568/568
f 568/568 570/570 599/599
f 298/298 457/457 281/281
f 298/298 281/281 275/275
f 281/281 457/457 568/568
f 275/275 281/281 208/208
f 733/733 599/599 755/755
f 281/281 568/568 262/262
f 281/281 262/262 208/208
f 262/262 568/568 559/559
f 599/599 733/733 655/655
f 655/655 733/733 717/717
f 733/733 755/755 851/851
f 599/599 655/655 584/584
f 599/599 584/584 568/568
f 568/568 584/584 559/559
f 584/584 655/655 638/638
f 584/584 638/638 319/319
f 851/851 755/755 876/876
f 876/876 755/755 686/686
f 851/851 876/876 970/970
f 876/876 686/686 898/898
f 876/876 898/898 970/970
f 970/970 898/898 1028/1028
f 222/222 559/559 584/584
f 222/222 584/584 319/319
f 559/559 222/222 262/262
f 262/262 222/222 208/208
f 222/222 319/319 186/186
f 222/222 186/186 208/208
f 186/186 319/319 152/152
f 208/208 186/186 146/146
f 146/146 186/186 152/152
f 2457/2457 2525/2525 2545/2545
f 2457/2457 2545/2545 2434/2434
f 2434/2434 2545/2545 2426/2426
f 2457/2457 2434/2434 2325/2325
f 2325/2325 2434/2434 2241/2241
f 2241/2241 2434/2434 2363/2363
f 2325/2325 2241/2241 2238/2238
f 2238/2238 2241/2241 1971/1971
f 2238/2238 1971/1971 2165/2165
f 2227/2227 2075/2075 2241/2241
f 2241/2241 2075/2075 1971/1971
f 1971/1971 2075/2075 1873/1873
f 1873/1873 2075/2075 1816/1816
f 1873/1873 1816/1816 1747/1747
f 1971/1971 1873/1873 1858/1858
f 1873/1873 1747/1747 1712/1712
f 1873/1873 1712/1712 1858/1858
f 1971/1971 1858/1858 1687/1687
f 1687/1687 1858/1858 1712/1712
f 1971/1971 1687/1687 1749/1749
f 1712/1712 1747/1747 1625/1625
f 1687/1687 1712/1712 1679/1679
f 1679/1679 1712/1712 1625/1625
f 1749/1749 1687/1687 1655/1655
f 1655/1655 1687/1687 1679/1679
f 1749/1749 1655/1655 1631/1631
f 1625/1625 1747/1747 1269/1269
f 1631/1631 1655/1655 1504/1504
f 1655/1655 1679/1679 1370/1370
f 1370/1370 1679/1679 1625/1625
f 1655/1655 1370/1370 1504/1504
f 1625/1625 1269/1269 1319/1319
f 1625/1625 1319/1319 1370/1370
f 1319/1319 1269/1269 1095/1095
f 1319/1319 1095/1095 1370/1370
f 1107/1107 1015/1015 1269/1269
f 1269/1269 1015/1015 1095/1095
f 1095/1095 1015/1015 1001/1001
f 1095/1095 1001/1001 975/975
f 1370/1370 1095/1095 1152/1152
f 1152/1152 1095/1095 975/975
f 1370/1370 1152/1152 1504/1504
f 1152/1152 975/975 996/996
f 1152/1152 996/996 955/955
f 1152/1152 955/955 951/951
f 1152/1152 951/951 1504/1504
f 1504/1504 951/951 1285/1285
f 593/593 3575/3575 619/619
f 593/593 619/619 1065/1065
f 704/704 620/620 27/27
f 704/704 27/27 3537/3537
f 620/620 704/704 1017/1017
f 620/620 1017/1017 1129/1129
f 1017/1017 704/704 728/728
f 728/728 704/704 3537/3537
f 1017/1017 728/728 1309/1309
f 1309/1309 728/728 1422/1422
f 728/728 3537/3537 264/264
f 264/264 3537/3537 3631/3631
f 1422/1422 728/728 750/750
f 750/750 728/728 264/264
f 264/264 3631/3631 127/127
f 264/264 127/127 750/750
f 127/127 3631/3631 3895/3895
f 1422/1422 750/750 1474/1474
f 127/127 3895/3895 3569/3569
f 750/750 127/127 537/537
f 537/537 127/127 3569/3569
f 750/750 537/537 925/925
f 750/750 925/925 1474/1474
f 925/925 537/537 1062/1062
f 925/925 1062/1062 1474/1474
f 1651/1651 1474/1474 1580/1580
f 1580/1580 1474/1474 1535/1535
f 1535/1535 1474/1474 1062/1062
f 1062/1062 537/537 471/471
f 471/471 537/537 3569/3569
f 1535/1535 1062/1062 1137/1137
f 1137/1137 1062/1062 471/471
f 3796/3796 3569/3569 3895/3895
f 4017/4017 3930/3930 3796/3796
f 3796/3796 3930/3930 3852/3852
f 3796/3796 3852/3852 3711/3711
f 3796/3796 3711/3711 3569/3569
f 3711/3711 3852/3852 3806/3806
f 378/378 471/471 3569/3569
f 378/378 3569/3569 3711/3711
f 471/471 378/378 1137/1137
f 3711/3711 3806/3806 3728/3728
f 3728/3728 3806/3806 3847/3847
f 378/378 3711/3711 2/2
f 2/2 3711/3711 3728/3728
f 1137/1137 378/378 296/296
f 296/296 378/378 2/2
f 2/2 3728/3728 3613/3613
f 2/2 3613/3613 296/296
f 3613/3613 3728/3728 3637/3637
f 3613/3613 3637/3637 15/15
f 3613/3613 15/15 296/296
f 15/15 3637/3637 115/115
f 115/115 3637/3637 251/251
f 296/296 15/15 853/853
f 853/853 15/15 115/115
f 115/115 251/251 1094/1094
f 115/115 1094/1094 853/853
f 1094/1094 251/251 984/984
f 1094/1094 984/984 1232/1232
f 1094/1094 1232/1232 1270/1270
f 1094/1094 1270/1270 853/853
f 1270/1270 1232/1232 1300/1300
f 1270/1270 1300/1300 1327/1327
f 853/853 1270/1270 1243/1243
f 1243/1243 1270/1270 1327/1327
f 853/853 1243/1243 296/296
f 1243/1243 1327/1327 1193/1193
f 1243/1243 1193/1193 296/296
f 1193/1193 1327/1327 1373/1373
f 296/296 1193/1193 1137/1137
f 1193/1193 1373/1373 1407/1407
f 1193/1193 1407/1407 1137/1137
f 1407/1407 1373/1373 1434/1434
f 1137/1137 1407/1407 1535/1535
f 1407/1407 1434/1434 1494/1494
f 1407/1407 1494/1494 1535/1535
