# Blender 4.5.0
# www.blender.org
mtllib tripo_convert_832f6869-d66a-4a38-b561-9f0b52d2c5bf.mtl
usemtl goldfish3dmodel_basecolor
o goldfish3dmodel_basecolor
v 0.000532 0.183533 0.108482
v 0.001212 0.355225 -0.032055
v 0.001380 0.165878 -0.136108
v 0.004088 0.213348 0.039230
v 0.006094 0.119965 -0.187592
v 0.006222 0.350128 0.033218
v 0.006260 -0.047302 -0.244598
v 0.007135 -0.127014 -0.229614
v 0.007308 -0.169205 0.209320
v 0.008291 -0.085617 -0.240921
v 0.009053 -0.288330 -0.077629
v 0.010516 0.381653 0.008865
v 0.011034 0.091637 -0.210678
v 0.011336 -0.170410 -0.211151
v 0.012438 -0.292969 0.099792
v 0.013337 -0.006248 -0.244690
v 0.014594 -0.215042 -0.181183
v 0.015593 0.039227 -0.236313
v 0.016026 -0.356415 0.107338
v 0.016890 -0.117126 0.231430
v 0.017029 0.127747 0.185593
v 0.017538 -0.301178 0.022141
v 0.018503 -0.361115 -0.111389
v 0.020470 0.213593 0.056389
v 0.020502 0.164047 0.144775
v 0.020544 -0.076225 0.246262
v 0.020767 0.217117 -0.041969
v 0.021418 -0.327515 0.160538
v 0.021793 -0.321045 -0.160843
v 0.025156 0.256775 0.038368
v 0.026285 -0.323212 -0.094139
v 0.028725 -0.297363 0.059204
v 0.031042 -0.281708 0.106544
v 0.031042 -0.283173 -0.103889
v 0.031172 -0.279236 0.125809
v 0.031387 0.279968 -0.038425
v 0.031910 0.192352 -0.113472
v 0.033092 -0.354034 -0.149460
v 0.033215 -0.265564 0.135742
v 0.033356 -0.120956 0.241135
v 0.035103 -0.278107 -0.118561
v 0.036415 0.132584 -0.189514
v 0.036720 0.040478 0.243103
v 0.037426 -0.359283 -0.131882
v 0.037518 -0.293884 -0.095215
v 0.037777 0.216080 -0.065674
v 0.037834 -0.338409 0.154800
v 0.038479 -0.328613 0.095024
v 0.039608 0.174423 0.144592
v 0.040089 0.305634 0.036953
v 0.040108 0.231644 0.037781
v 0.040627 0.042763 -0.245270
v 0.041111 -0.355774 0.139267
v 0.041229 -0.284454 -0.260590
v 0.041267 -0.271698 0.265411
v 0.041683 -0.153229 0.231842
v 0.042431 -0.305359 -0.038429
v 0.044739 0.363556 0.021084
v 0.045391 -0.273102 -0.238205
v 0.046104 0.232529 -0.037617
v 0.046448 0.008868 0.253998
v 0.047138 0.327545 -0.033428
v 0.047138 -0.248856 -0.161957
v 0.047256 -0.065994 -0.256287
v 0.047459 -0.283020 -0.136490
v 0.049065 -0.295959 -0.286438
v 0.052280 0.114258 0.211090
v 0.052753 -0.317017 0.268982
v 0.053459 -0.245514 0.168930
v 0.054153 -0.249451 0.255188
v 0.054619 -0.263794 0.224243
v 0.054691 -0.306549 -0.253693
v 0.055580 -0.313110 -0.150177
v 0.056335 -0.263123 -0.276703
v 0.056557 -0.243484 -0.242081
v 0.056755 0.164291 -0.165436
v 0.056854 -0.297302 0.241272
v 0.056946 -0.294434 -0.090698
v 0.057407 -0.273590 0.133392
v 0.057423 -0.293152 0.143768
v 0.058197 0.365051 -0.017752
v 0.058399 -0.246384 0.227814
v 0.059376 -0.327606 -0.289886
v 0.059895 -0.342834 0.114967
v 0.060642 -0.275513 0.287567
v 0.060970 -0.332214 -0.103188
v 0.061577 -0.041210 0.262665
v 0.062244 -0.324768 0.304443
v 0.062462 -0.223068 -0.191879
v 0.062935 0.213272 0.091354
v 0.063271 0.364319 0.010365
v 0.064445 -0.114197 -0.253418
v 0.067802 -0.326233 0.102974
v 0.068092 -0.294312 0.091705
v 0.068718 0.118629 -0.212799
v 0.070061 -0.016119 -0.264221
v 0.071198 -0.319672 -0.309723
v 0.071526 -0.246399 -0.258881
v 0.072121 -0.097649 0.258667
v 0.073036 0.214767 -0.093483
v 0.073570 -0.267395 -0.214539
v 0.073715 0.158066 0.176926
v 0.073921 -0.329865 -0.134552
v 0.074493 0.325928 0.029110
v 0.074539 -0.305267 -0.237152
v 0.075539 -0.249954 -0.210938
v 0.076561 0.302521 -0.033482
v 0.077126 -0.173111 -0.231277
v 0.078148 -0.352600 0.287506
v 0.078186 -0.287811 0.298859
v 0.078636 0.190964 0.138123
v 0.079895 0.037582 0.256592
v 0.081474 -0.311188 0.011568
v 0.083244 -0.248016 -0.174713
v 0.083427 -0.350708 -0.307190
v 0.086029 -0.354309 0.311432
v 0.086533 -0.317627 0.128098
v 0.087120 0.298920 0.032291
v 0.087952 -0.061642 -0.268585
v 0.088165 -0.357727 -0.292053
v 0.088341 -0.334656 0.315918
v 0.089905 -0.293182 -0.222580
v 0.090912 -0.279755 -0.134064
v 0.091187 -0.335052 -0.317017
v 0.091942 -0.307983 0.047169
v 0.092468 -0.332733 0.250916
v 0.092613 0.090477 0.236588
v 0.092644 -0.208084 0.211334
v 0.092651 -0.249588 0.203033
v 0.092667 -0.310150 -0.117973
v 0.094383 -0.308228 -0.059647
v 0.094856 -0.293732 0.101921
v 0.095085 -0.296173 -0.101280
v 0.095856 -0.282898 0.214005
v 0.096237 -0.281830 0.130722
v 0.096481 -0.244385 0.261658
v 0.096764 0.088371 -0.239594
v 0.099091 -0.311646 -0.030823
v 0.099312 -0.258087 0.279755
v 0.099731 -0.351074 -0.267487
v 0.100487 -0.274658 -0.293793
v 0.100807 0.188660 -0.148544
v 0.101143 0.121651 0.217682
v 0.101700 0.236420 0.036968
v 0.102234 0.235748 -0.042194
v 0.102890 0.337341 -0.021580
v 0.103172 -0.286896 0.121193
v 0.104668 -0.326630 -0.241959
v 0.105331 0.147568 0.190826
v 0.105522 -0.229095 0.230087
v 0.106010 0.338989 0.014277
v 0.106300 -0.256500 0.168060
v 0.107285 -0.158890 -0.246262
v 0.108162 -0.277924 -0.139481
v 0.108757 -0.369385 0.293304
v 0.110229 0.233383 0.057255
v 0.110268 0.120041 -0.218918
v 0.111687 -0.357941 0.315155
v 0.113197 -0.156418 0.248932
v 0.114120 -0.352631 0.263062
v 0.114174 -0.084496 -0.270447
v 0.114502 0.318115 0.024393
v 0.116920 -0.178070 0.236740
v 0.117294 0.260712 0.031593
v 0.118904 -0.342224 -0.318237
v 0.119041 -0.184036 -0.234528
v 0.119446 0.234192 -0.059757
v 0.119469 -0.003973 0.273224
v 0.119675 0.317871 -0.023693
v 0.119865 -0.248734 -0.270294
v 0.120697 -0.310547 0.310181
v 0.120712 0.217804 -0.106110
v 0.124794 -0.053291 0.276794
v 0.125229 -0.237167 0.192078
v 0.125748 0.029169 -0.268768
v 0.126053 -0.237274 -0.192657
v 0.126205 0.178711 0.167984
v 0.126221 -0.120903 0.265167
v 0.126312 -0.197372 0.223206
v 0.126312 -0.224091 0.204636
v 0.126953 0.163712 -0.185806
v 0.127182 -0.265228 -0.199036
v 0.127625 -0.363068 -0.306122
v 0.127716 0.244827 -0.032978
v 0.128311 0.320404 0.008739
v 0.130280 -0.304077 -0.307617
v 0.130875 0.131058 0.216202
v 0.131287 -0.331207 0.314514
v 0.131836 -0.221054 -0.207977
v 0.134796 -0.312286 0.010514
v 0.136169 -0.327332 0.236603
v 0.136795 -0.232254 0.245377
v 0.137222 -0.300293 0.218475
v 0.137283 -0.365173 -0.280487
v 0.137451 -0.292938 -0.112411
v 0.139297 -0.306274 0.061691
v 0.139755 -0.259857 0.167267
v 0.139908 -0.310944 -0.225693
v 0.140442 -0.113213 -0.268799
v 0.141281 0.212585 0.119736
v 0.141510 -0.260834 0.281464
v 0.143875 -0.153122 0.252899
v 0.144104 -0.312592 -0.005598
v 0.145218 -0.310638 -0.058041
v 0.145630 0.123726 -0.224838
v 0.145981 -0.363800 0.274445
v 0.147720 -0.233109 -0.245407
v 0.148773 -0.062248 -0.278961
v 0.148849 0.066132 0.259125
v 0.149551 -0.366882 0.289886
v 0.152206 0.231277 0.079498
v 0.152847 0.061264 -0.261383
v 0.153107 0.242172 0.030464
v 0.154358 0.290588 -0.012342
v 0.154633 -0.357300 0.301575
v 0.155563 -0.293579 0.103844
v 0.155869 -0.009867 -0.279755
v 0.158539 0.279083 0.015842
v 0.159454 -0.091484 0.276581
v 0.159927 0.153412 0.199310
v 0.160461 0.210663 -0.124954
v 0.161667 -0.251099 0.188538
v 0.164810 -0.349884 -0.299683
v 0.167252 -0.312714 -0.013575
v 0.170715 -0.338470 -0.245102
v 0.172195 0.243637 0.022707
v 0.172928 -0.012964 0.281494
v 0.173126 0.243530 -0.022760
v 0.173737 -0.237274 0.251495
v 0.174194 -0.250977 -0.180893
v 0.174484 -0.279541 0.206451
v 0.174713 -0.354919 -0.279663
v 0.175217 -0.354950 0.273773
v 0.175522 -0.254608 -0.190491
v 0.177444 0.189499 -0.158401
v 0.177505 -0.278107 0.136795
v 0.177917 -0.212021 -0.221909
v 0.178757 -0.327667 0.236847
v 0.179947 -0.247757 0.185028
v 0.179962 -0.259308 -0.274200
v 0.180130 -0.153397 -0.258881
v 0.180466 0.112236 0.233719
v 0.180618 -0.186157 0.239349
v 0.181274 -0.212006 0.221802
v 0.183289 -0.300323 -0.086609
v 0.183807 0.244553 -0.000549
v 0.184158 -0.314484 -0.296265
v 0.184860 -0.282501 0.286072
v 0.186951 0.240311 0.050156
v 0.187424 -0.055595 0.284698
v 0.191177 0.028873 0.274597
v 0.191711 -0.274750 -0.140442
v 0.191833 0.240036 -0.052784
v 0.192398 -0.308136 0.020599
v 0.192703 0.037746 -0.272461
v 0.193619 -0.307892 -0.040554
v 0.193924 -0.094688 0.280762
v 0.194748 -0.230225 -0.243973
v 0.195267 -0.283081 -0.210541
v 0.198166 -0.331848 0.282104
v 0.198380 -0.319763 0.288513
v 0.198608 -0.111420 -0.277893
v 0.199615 -0.298401 0.072433
v 0.199829 -0.323212 0.239792
v 0.200745 -0.155930 0.259521
v 0.201126 0.097107 -0.245850
v 0.202728 0.226532 -0.094856
v 0.206573 -0.242432 0.252655
v 0.206589 -0.212875 0.221954
v 0.206757 0.167038 -0.186172
v 0.208038 -0.318390 -0.239319
v 0.208130 -0.215714 -0.225479
v 0.208511 -0.326935 0.256409
v 0.208740 -0.321899 -0.279114
v 0.209015 0.215775 0.117447
v 0.209854 0.132477 -0.219482
v 0.210892 -0.042301 -0.286987
v 0.214203 -0.270660 -0.269714
v 0.215195 -0.240326 -0.189545
v 0.215225 0.173096 0.178543
v 0.215332 -0.288239 0.219147
v 0.215881 -0.239670 0.189194
v 0.217133 0.094780 0.246582
v 0.218552 -0.185684 -0.242798
v 0.219971 -0.236771 -0.241348
v 0.220398 0.054371 0.266144
v 0.220428 0.131638 0.219238
v 0.221222 -0.272797 0.266235
v 0.221695 -0.016678 -0.285828
v 0.222061 -0.298004 -0.058880
v 0.222641 -0.307739 -0.246078
v 0.224121 0.235886 -0.059708
v 0.225525 -0.026134 0.286072
v 0.226349 -0.297363 0.255859
v 0.226974 -0.254883 -0.205231
v 0.227356 -0.217957 -0.215439
v 0.227753 0.220764 -0.105507
v 0.228104 -0.278015 0.116035
v 0.228302 -0.086632 -0.284546
v 0.229141 -0.077003 0.285828
v 0.229324 0.241455 -0.017710
v 0.230240 0.232651 0.067741
v 0.230438 -0.187607 0.240799
v 0.230591 -0.218964 0.212967
v 0.232300 -0.226547 -0.202469
v 0.232574 -0.260040 0.213470
v 0.232773 0.241318 0.017214
v 0.233932 -0.264160 -0.247299
v 0.235138 -0.251831 0.237061
v 0.236267 -0.296875 -0.029419
v 0.236328 -0.244781 -0.217316
v 0.238434 0.028246 0.274719
v 0.238693 0.038853 -0.272369
v 0.239319 -0.246094 0.170441
v 0.239761 -0.258301 -0.150406
v 0.242645 0.184479 -0.161972
v 0.243149 -0.119484 0.275848
v 0.243973 0.076698 0.254486
v 0.244690 0.208511 0.122734
v 0.244965 0.175598 0.174652
v 0.249283 -0.160812 0.255890
v 0.251251 0.109398 -0.234146
v 0.252411 -0.071190 -0.283356
v 0.252930 -0.288208 0.035809
v 0.252991 -0.128738 -0.270905
v 0.253906 -0.219040 0.197006
v 0.254272 -0.169846 -0.249634
v 0.257812 -0.001371 -0.277740
v 0.258179 -0.086723 0.279541
v 0.261841 -0.022287 0.278900
v 0.267853 -0.274200 0.079727
v 0.267883 -0.274567 -0.078148
v 0.269897 0.107170 0.233597
v 0.270142 0.064873 -0.254425
v 0.270508 0.190872 -0.146866
v 0.273163 0.146454 0.199570
v 0.273682 0.045357 0.258423
v 0.273712 -0.209274 -0.197144
v 0.274567 -0.198929 0.217407
v 0.274933 0.151062 -0.196228
v 0.274933 0.232117 -0.015136
v 0.275391 -0.200211 -0.214218
v 0.276855 -0.097427 -0.271484
v 0.277496 0.230835 0.026348
v 0.277985 0.217896 0.081390
v 0.279907 0.028385 -0.261139
v 0.280609 0.227585 -0.041111
v 0.280823 0.103523 -0.243515
v 0.280853 0.125015 -0.217117
v 0.281097 -0.253754 0.120461
v 0.281891 -0.129791 0.260010
v 0.282654 -0.259583 -0.102730
v 0.283417 0.070267 0.262482
v 0.284454 0.128159 0.211441
v 0.284454 -0.274933 -0.019201
v 0.285370 -0.162918 0.243103
v 0.285522 0.135239 -0.205292
v 0.286865 0.209030 -0.095528
v 0.287170 -0.047909 -0.271606
v 0.287506 -0.221375 0.171722
v 0.289520 0.071701 -0.265198
v 0.290039 0.116920 0.234238
v 0.291321 -0.186005 -0.220367
v 0.291870 0.179352 0.148636
v 0.293640 0.005897 0.259186
v 0.294312 -0.080009 0.266907
v 0.294342 -0.233139 -0.147354
v 0.294525 0.024139 -0.268768
v 0.295013 -0.147156 -0.245667
v 0.299011 0.022810 0.269745
v 0.302460 -0.187088 -0.198715
v 0.302795 -0.006272 -0.255890
v 0.306549 0.139511 0.199677
v 0.307190 0.055492 0.269104
v 0.309113 -0.106506 -0.253174
v 0.311188 -0.015680 0.252991
v 0.312683 0.117691 -0.234329
v 0.313416 -0.258148 0.002880
v 0.314758 -0.181061 0.193466
v 0.315491 0.206024 -0.065819
v 0.317261 0.162125 0.154984
v 0.318207 -0.176132 0.203369
v 0.318634 0.212357 0.036705
v 0.318848 -0.120964 0.242065
v 0.319336 0.149170 -0.165466
v 0.320648 0.087341 0.254120
v 0.320648 -0.250122 0.043694
v 0.320801 -0.210510 0.152252
v 0.322632 -0.002511 0.260681
v 0.324005 -0.151352 -0.221741
v 0.325500 0.144867 -0.177216
v 0.325592 0.209839 -0.015422
v 0.325653 0.125473 0.222412
v 0.326080 0.197891 0.072968
v 0.326477 0.144623 0.164719
v 0.327362 -0.233749 0.089897
v 0.328094 0.202164 -0.053989
v 0.328156 -0.245850 -0.033390
v 0.328247 -0.012195 -0.254822
v 0.330444 -0.123306 -0.231903
v 0.331360 0.038303 -0.266602
v 0.331970 0.178268 -0.109360
v 0.332184 -0.230103 -0.090965
v 0.332275 -0.061718 -0.241425
v 0.333252 0.010581 -0.262909
v 0.333771 -0.064507 0.239807
v 0.334015 -0.197144 -0.152756
v 0.334167 0.136139 -0.202774
v 0.334991 0.078407 -0.253418
v 0.337555 0.043018 0.262360
v 0.339844 0.156631 -0.138031
v 0.339874 -0.034794 -0.226318
v 0.340424 -0.152695 0.203247
v 0.343201 -0.165817 -0.186798
v 0.344910 -0.025253 0.237259
v 0.345184 0.141083 -0.144806
v 0.349548 0.140884 0.141006
v 0.350494 0.139191 0.179749
v 0.350800 -0.038261 0.214096
v 0.352570 -0.199097 0.117416
v 0.354614 0.140549 -0.165527
v 0.356232 -0.001602 0.246338
v 0.356323 -0.129181 0.202042
v 0.357483 0.186218 0.029446
v 0.358002 -0.168549 -0.156631
v 0.358337 -0.220566 0.027826
v 0.360992 -0.130386 -0.196381
v 0.361237 -0.082245 -0.213333
v 0.361267 -0.099503 0.209412
v 0.361298 0.095085 -0.229935
v 0.361542 0.097588 0.226379
v 0.361938 0.184113 -0.019005
v 0.363586 0.151352 0.112488
v 0.364105 -0.212906 -0.037971
v 0.367371 -0.023388 -0.225739
v 0.368195 -0.066574 0.205048
v 0.369263 0.143814 -0.113251
v 0.369568 -0.038094 0.186295
v 0.369843 0.168701 -0.060650
v 0.371094 -0.160889 -0.151794
v 0.371368 0.065598 0.236725
v 0.372192 -0.037483 -0.182861
v 0.372345 -0.178055 -0.112953
v 0.373108 -0.159317 0.152130
v 0.374512 0.121330 -0.119141
v 0.375885 -0.024601 0.211655
v 0.376160 -0.161911 0.134140
v 0.376648 0.116867 0.191223
v 0.377655 -0.011270 0.219833
v 0.377716 0.114960 -0.192032
v 0.378174 -0.051018 -0.029400
v 0.379395 0.162155 0.050365
v 0.379425 -0.043232 0.002731
v 0.379791 -0.052059 0.031841
v 0.380341 0.123405 0.148392
v 0.381073 0.114128 0.114632
v 0.381622 0.056576 -0.231049
v 0.381805 -0.195435 0.019966
v 0.382568 -0.028549 -0.195602
v 0.384064 0.095169 0.207489
v 0.384277 0.024166 -0.228104
v 0.384644 0.030788 0.228409
v 0.385345 0.116364 -0.128159
v 0.385590 0.162292 0.005067
v 0.387299 -0.127548 -0.161987
v 0.389740 -0.182281 -0.041321
v 0.389893 -0.122993 0.162109
v 0.390900 0.120224 0.098457
v 0.390991 -0.037819 -0.056786
v 0.391296 -0.085564 -0.175262
v 0.391693 0.113037 -0.158264
v 0.392303 -0.022402 0.151199
v 0.392517 0.135284 0.075447
v 0.392670 -0.038616 0.058498
v 0.393555 0.092224 -0.197495
v 0.393951 0.050678 0.218582
v 0.394775 0.085022 -0.106903
v 0.395020 -0.168198 0.065308
v 0.395752 -0.146667 -0.119118
v 0.396454 -0.014057 0.182510
v 0.396515 0.085381 0.108253
v 0.397339 -0.047260 0.165955
v 0.397461 -0.015072 -0.141525
v 0.397614 -0.016827 -0.156311
v 0.398041 0.098511 -0.101540
v 0.398590 0.101791 0.143326
v 0.398682 0.004068 -0.198029
v 0.398804 -0.045792 -0.163879
v 0.399109 0.097534 0.173462
v 0.399719 0.016567 0.203003
v 0.400330 -0.052769 0.067360
v 0.401215 -0.056702 -0.000468
v 0.401459 -0.057884 -0.063507
v 0.401733 0.096085 0.098068
v 0.402679 0.118080 -0.077019
v 0.402924 0.054535 0.107430
v 0.405090 0.077255 -0.121620
v 0.405273 -0.004925 0.157074
v 0.405365 0.051811 -0.200775
v 0.405914 0.037148 -0.111298
v 0.406006 -0.162704 0.012224
v 0.406403 0.014498 0.121078
v 0.406708 -0.027176 0.018423
v 0.408051 -0.064262 0.052177
v 0.408630 0.063255 0.189484
v 0.409973 -0.032829 -0.145096
v 0.410522 0.008826 -0.163147
v 0.410767 -0.086273 0.144958
v 0.410858 -0.065880 -0.049400
v 0.411346 0.078033 0.151306
v 0.412903 -0.094551 -0.137527
v 0.413574 0.029362 0.134109
v 0.414337 0.030951 -0.135483
v 0.414459 0.043308 -0.174591
v 0.414490 -0.063354 0.033012
v 0.414551 0.032837 0.171265
v 0.414764 0.118713 -0.026089
v 0.414948 0.046257 -0.102036
v 0.415070 0.069237 -0.160034
v 0.415283 0.062279 0.145798
v 0.416138 -0.133621 -0.091782
v 0.417236 0.113174 0.026644
v 0.417297 0.081947 0.079697
v 0.417542 -0.014482 0.127762
v 0.417542 -0.130661 0.097618
v 0.417725 0.045918 0.099945
v 0.417938 -0.134415 0.064484
v 0.418121 -0.120834 -0.108154
v 0.419769 0.071632 -0.081474
v 0.420929 -0.132645 -0.050686
v 0.421051 -0.058296 -0.000016
v 0.425171 0.000950 -0.110237
v 0.425842 -0.130508 0.000212
v 0.427643 -0.020510 -0.026941
v 0.429077 -0.045795 0.115486
v 0.429321 -0.112640 -0.089119
v 0.429993 -0.043266 -0.113991
v 0.430878 -0.016315 0.018721
v 0.431213 -0.040405 -0.064034
v 0.432037 -0.124283 0.044250
v 0.432068 -0.107071 0.085777
v 0.434601 -0.123436 -0.008234
v 0.434631 -0.053669 -0.106117
v 0.434723 -0.004369 0.095573
v 0.436707 -0.055965 -0.074013
v 0.437042 -0.056129 0.101997
v 0.438080 0.058716 0.029663
v 0.438965 0.039181 -0.057755
v 0.441193 0.057156 -0.011844
v 0.442719 0.001305 -0.085114
v 0.443024 -0.065392 -0.083458
v 0.443054 0.021435 0.063332
v 0.445343 -0.071297 0.077049
v 0.447113 -0.088409 -0.043468
v 0.447632 -0.094299 0.013846
v 0.451630 -0.057571 -0.082954
v 0.453156 0.036594 0.025948
v 0.453308 0.038876 -0.011505
v 0.456268 -0.053226 0.078796
v 0.457458 0.027658 -0.045158
v 0.457672 -0.022814 0.098465
v 0.458496 -0.054165 0.064964
v 0.459442 -0.028757 -0.097801
v 0.461243 -0.047844 -0.089310
v 0.465698 -0.051655 -0.051910
v 0.466431 -0.046814 0.085014
v 0.467743 -0.048649 0.010156
v 0.468811 -0.079887 -0.064453
v 0.469452 -0.045887 -0.078987
v 0.470154 -0.095612 -0.027939
v 0.472748 -0.090630 0.043247
v 0.473816 -0.031406 -0.056484
v 0.475128 -0.029987 0.054276
v 0.476440 -0.018625 0.023163
v 0.477142 -0.016930 -0.017538
v 0.478210 -0.000381 0.075882
v 0.478821 -0.099098 -0.005274
v 0.481415 -0.058754 0.064919
v 0.482422 0.004857 -0.070038
v 0.483154 -0.061424 -0.062469
v 0.484680 -0.079956 -0.048771
v 0.488892 -0.077057 0.046986
v 0.490570 -0.013739 -0.049530
v 0.491119 0.023069 0.040649
v 0.494110 -0.007700 0.042747
v 0.495026 0.023022 -0.031879
v 0.496552 0.030012 0.004093
v 0.496765 -0.057274 -0.008343
v 0.498840 -0.005660 -0.005035
v 0.499237 -0.061718 0.019897
v 0.500854 -0.069427 -0.016075
v -0.000650 -0.374207 0.126007
v -0.003185 0.195358 -0.082504
v -0.003817 0.308899 0.041225
v -0.004023 -0.106705 0.229736
v -0.004518 -0.377869 0.144653
v -0.005013 -0.214172 0.172668
v -0.005680 -0.051105 0.238190
v -0.005730 0.130814 0.171127
v -0.006865 0.168182 0.128189
v -0.007897 -0.292603 -0.025597
v -0.008996 -0.205276 -0.173370
v -0.009588 0.075111 0.210663
v -0.009606 -0.379547 -0.149597
v -0.009856 0.134659 -0.165024
v -0.009867 0.381775 -0.018669
v -0.011176 -0.290100 -0.110245
v -0.011724 0.008453 -0.232574
v -0.012292 -0.260803 -0.116615
v -0.012558 -0.258423 0.120132
v -0.012770 -0.351471 -0.167816
v -0.014152 0.316071 -0.041100
v -0.015121 0.216507 -0.040009
v -0.017132 -0.185791 -0.188416
v -0.019754 -0.327850 0.097336
v -0.022041 0.373077 0.024929
v -0.022779 0.017702 0.224472
v -0.023153 -0.279785 0.062851
v -0.023354 -0.024721 0.230545
v -0.025402 -0.370331 0.164490
v -0.027719 -0.222229 -0.152969
v -0.028187 -0.355774 -0.106209
v -0.029964 -0.317291 0.167053
v -0.031183 0.186493 0.071060
v -0.031898 0.381470 0.016836
v -0.032059 -0.307526 -0.164062
v -0.032501 0.065674 -0.202484
v -0.032597 -0.274139 -0.068626
v -0.032669 -0.289703 0.124718
v -0.033085 0.196472 -0.042114
v -0.033707 -0.353912 0.106331
v -0.033901 -0.292419 0.149963
v -0.035950 -0.321991 -0.100288
v -0.036831 -0.150711 -0.197861
v -0.038464 0.024113 -0.215332
v -0.039139 -0.369049 0.117493
v -0.040188 -0.290863 -0.146225
v -0.041279 0.203812 -0.039692
v -0.041546 0.263947 0.043671
v -0.042477 -0.378937 -0.160660
v -0.042934 -0.243210 0.111778
v -0.043449 0.345032 -0.033382
v -0.043743 0.341553 0.033337
v -0.044167 -0.149521 0.193222
v -0.044209 -0.305908 0.107346
v -0.044418 -0.383362 -0.136505
v -0.044430 0.096748 -0.176300
v -0.045181 -0.275970 -0.034290
v -0.045284 -0.084061 0.214127
v -0.045467 0.378204 0.013823
v -0.045746 -0.341583 0.170761
v -0.046543 -0.384979 0.140167
v -0.047367 0.105392 0.168198
v -0.047550 0.365723 -0.025375
v -0.049896 0.270050 -0.043480
v -0.050671 -0.186798 0.169464
v -0.052082 0.187378 0.038227
v -0.052162 -0.304749 -0.113571
v -0.052643 0.153061 -0.111664
v -0.053188 0.123802 -0.147293
v -0.053333 0.373505 -0.016129
v -0.054272 0.230042 0.041958
v -0.054409 -0.359680 -0.169144
v -0.056389 0.292053 0.040318
v -0.058121 0.159714 0.093857
v -0.059181 -0.079697 -0.208679
v -0.059883 -0.270905 0.005213
v -0.060753 -0.318726 0.164642
v -0.060844 0.169876 -0.071053
v -0.061451 -0.298920 0.141693
v -0.061817 -0.222366 0.129120
v -0.062866 0.363892 0.017014
v -0.063080 -0.194733 -0.153610
v -0.063278 -0.333893 0.108574
v -0.063385 -0.299805 -0.146057
v -0.064384 0.047714 0.190811
v -0.064560 -0.335083 -0.168686
v -0.065369 0.290588 -0.038868
v -0.065445 -0.376526 0.161728
v -0.065834 -0.246948 0.087868
v -0.067413 -0.009171 -0.203857
v -0.068016 -0.262543 0.038040
v -0.068794 -0.227112 -0.118080
v -0.068932 -0.117012 0.192429
v -0.070602 0.122314 0.133102
v -0.072624 -0.366943 -0.128372
v -0.073807 -0.363892 0.125809
v -0.075043 -0.339600 -0.115059
v -0.075325 -0.366333 -0.162003
v -0.077049 -0.173172 0.158981
v -0.077087 -0.249344 -0.061600
v -0.077713 -0.311646 -0.139908
v -0.079391 -0.358582 0.157654
v -0.080086 -0.237259 -0.088623
v -0.080215 -0.090256 -0.189987
v -0.080482 0.183044 0.037243
v -0.080688 -0.323120 0.127975
v -0.080872 -0.324585 0.150848
v -0.081055 -0.134064 -0.178299
v -0.082100 -0.002471 0.192490
v -0.083534 -0.062122 0.192368
v -0.084457 -0.345062 0.125183
v -0.086739 -0.346069 -0.136276
v -0.087334 0.325928 -0.011704
v -0.088196 0.307220 -0.024389
v -0.088272 0.074173 -0.159912
v -0.088928 0.163361 -0.035297
v -0.092484 0.030518 -0.177017
v -0.094673 -0.153458 -0.159485
v -0.096077 0.159348 0.034523
v -0.096626 -0.213211 0.104393
v -0.097511 0.147903 0.061962
v -0.099594 0.113121 -0.113579
v -0.099976 0.261047 -0.038113
v -0.100822 0.140854 -0.071243
v -0.101135 0.108894 0.116165
v -0.101532 0.292023 0.023026
v -0.102013 -0.188446 0.126358
v -0.102058 0.226929 -0.042255
v -0.102303 0.074150 0.147018
v -0.102432 0.270477 0.033325
v -0.102928 -0.054501 -0.179413
v -0.106728 -0.167923 0.136841
v -0.106903 -0.229126 0.058315
v -0.109398 0.288757 0.016249
v -0.112503 0.183670 -0.037781
v -0.112892 0.036522 0.156967
v -0.113220 -0.122154 0.156601
v -0.113380 0.233795 0.041073
v -0.114311 0.129211 0.070244
v -0.114517 -0.230881 -0.031038
v -0.114716 0.284241 -0.017355
v -0.116455 -0.017694 -0.166229
v -0.116837 0.250275 0.037712
v -0.117813 0.211212 0.040821
v -0.117981 -0.228790 0.015650
v -0.121468 -0.094131 -0.158035
v -0.122940 -0.167313 -0.124870
v -0.123512 -0.210999 -0.068573
v -0.124786 0.033264 -0.147537
v -0.128403 -0.073204 0.155121
v -0.130280 0.112030 -0.073090
v -0.131165 -0.184464 -0.098328
v -0.137024 0.122513 -0.028408
v -0.137390 0.095642 0.083290
v -0.138992 -0.176300 0.093933
v -0.139313 -0.147141 0.118347
v -0.140854 -0.114998 0.132263
v -0.141708 0.050316 0.117950
v -0.142380 -0.117447 -0.131271
v -0.143951 0.075256 -0.097824
v -0.144409 -0.180786 -0.078033
v -0.145035 0.116211 0.023445
v -0.145828 -0.202621 -0.005830
v -0.145874 0.134216 0.028706
v -0.147339 -0.015718 0.135788
v -0.149292 0.016758 0.125717
v -0.149734 -0.061634 -0.135025
v -0.150543 0.212112 -0.038132
v -0.153290 0.158920 -0.034367
v -0.155853 0.107811 0.009666
v -0.155914 0.032551 -0.109566
v -0.157974 -0.071854 0.125092
v -0.158646 -0.087502 -0.121895
v -0.158722 -0.175949 0.056824
v -0.158997 -0.123444 -0.107681
v -0.159714 0.103157 -0.011434
v -0.160110 -0.042664 -0.124054
v -0.161713 0.061382 0.085106
v -0.163208 -0.177200 -0.042088
v -0.163452 0.113937 -0.018612
v -0.165359 0.196564 0.036800
v -0.165543 0.230667 0.027807
v -0.165909 -0.176239 0.036129
v -0.167526 -0.004621 -0.108459
v -0.170258 0.240234 0.008123
v -0.170685 -0.134399 0.086800
v -0.171463 0.155762 0.033394
v -0.173157 0.217606 -0.031044
v -0.174103 0.134476 -0.027863
v -0.174194 -0.146164 -0.066864
v -0.174973 -0.100761 0.098732
v -0.181213 0.229187 -0.014073
v -0.182449 -0.137329 0.058937
v -0.183502 -0.046951 -0.091515
v -0.184860 -0.095688 -0.079041
v -0.184891 0.058685 -0.035397
v -0.187515 0.006888 -0.070831
v -0.188202 0.170486 -0.034149
v -0.190628 0.028183 0.070175
v -0.192322 0.149933 -0.030491
v -0.192459 0.058365 0.035038
v -0.192886 -0.009695 0.081802
v -0.195236 0.167557 0.032082
v -0.195755 -0.141159 -0.010112
v -0.195999 0.061646 0.003862
v -0.197037 -0.140839 0.010413
v -0.197830 0.194382 0.026613
v -0.197861 -0.019676 -0.062637
v -0.198517 -0.115662 -0.042976
v -0.198593 0.209656 0.012659
v -0.198730 -0.058495 0.077789
v -0.199646 -0.090752 0.069954
v -0.202225 -0.121239 0.045616
v -0.202469 0.109283 -0.002969
v -0.204834 -0.132248 0.003730
v -0.205963 0.044647 -0.014174
v -0.206009 0.135132 0.024578
v -0.206253 0.118538 0.015460
v -0.206985 -0.097588 -0.041122
v -0.208405 -0.052536 -0.054169
v -0.210480 0.046799 0.041656
v -0.212067 -0.121109 -0.017548
v -0.212326 0.186264 -0.018557
v -0.214249 0.006404 -0.038078
v -0.214355 0.137680 -0.022818
v -0.216278 0.007978 0.067039
v -0.218903 -0.097008 0.059868
v -0.220001 -0.022675 0.070503
v -0.220810 -0.125153 -0.000149
v -0.221329 0.045795 0.002731
v -0.222015 0.130234 -0.006953
v -0.223373 0.157639 0.015097
v -0.224167 0.153625 -0.009452
v -0.230682 -0.124924 0.039967
v -0.233414 0.019348 -0.022167
v -0.234390 -0.080887 -0.026167
v -0.237900 -0.109154 -0.015755
v -0.239182 0.048203 0.012132
v -0.239395 -0.008742 -0.030811
v -0.240204 -0.115318 0.057419
v -0.240448 0.049911 0.031254
v -0.240860 -0.059776 -0.029764
v -0.241699 0.036694 0.057270
v -0.243408 -0.131653 0.008547
v -0.244919 -0.052437 0.068039
v -0.254608 0.041378 -0.004584
v -0.254913 -0.145767 0.042648
v -0.260803 -0.022793 -0.024254
v -0.261078 -0.105850 0.070442
v -0.261139 -0.144424 0.014545
v -0.264862 -0.003673 0.081245
v -0.266327 -0.127609 -0.003353
v -0.268768 0.058662 0.057049
v -0.268921 -0.079453 0.073914
v -0.270966 -0.153595 0.072235
v -0.272736 -0.048801 0.073059
v -0.275269 -0.066605 -0.017107
v -0.276093 -0.109749 -0.011065
v -0.280731 0.019003 -0.014916
v -0.281616 0.043053 -0.006229
v -0.282074 0.066185 0.024881
v -0.282806 -0.019264 0.089661
v -0.286621 -0.188934 0.025179
v -0.287079 -0.055237 -0.011313
v -0.290283 -0.125153 0.090736
v -0.291687 -0.052010 0.077332
v -0.292694 -0.079437 -0.011840
v -0.293884 -0.212494 0.058247
v -0.295593 -0.163879 0.094414
v -0.296326 0.058933 0.085396
v -0.296539 -0.098579 0.088501
v -0.302917 -0.116074 -0.008425
v -0.305389 -0.210220 0.090424
v -0.305786 -0.044106 0.088676
v -0.308197 -0.070824 0.081993
v -0.308868 0.087158 0.044468
v -0.311981 -0.021481 -0.015993
v -0.315765 0.076614 0.017113
v -0.316223 0.093216 0.076767
v -0.321960 -0.212341 0.107071
v -0.322723 -0.216476 0.021099
v -0.323853 -0.134125 0.112457
v -0.325836 -0.103027 0.100189
v -0.327454 -0.120964 0.110413
v -0.327606 -0.252014 0.053379
v -0.328217 0.042244 0.121140
v -0.328918 -0.253571 0.080498
v -0.331909 -0.191406 0.004947
v -0.333099 -0.201843 0.122704
v -0.333374 0.066772 0.001637
v -0.334167 -0.162140 -0.003446
v -0.340179 0.008651 0.128571
v -0.341766 -0.252289 0.105209
v -0.345001 -0.102760 0.001440
v -0.345734 -0.259277 0.042133
v -0.346252 0.006821 -0.013077
v -0.347656 -0.175842 0.133377
v -0.347961 -0.033791 0.109100
v -0.349579 0.122711 0.068176
v -0.351105 0.032215 -0.009417
v -0.351135 -0.065536 0.092308
v -0.352386 -0.096306 0.099388
v -0.352844 0.104607 0.115150
v -0.353668 0.085815 0.126419
v -0.354889 -0.277222 0.065086
v -0.357666 -0.013780 0.125137
v -0.358734 -0.281250 0.083702
v -0.359222 0.122803 0.100700
v -0.363983 -0.057762 0.008289
v -0.364380 -0.251007 0.028961
v -0.365387 0.119576 0.036957
v -0.366302 -0.015001 -0.006015
v -0.366699 -0.200745 0.144089
v -0.367645 -0.140076 0.129654
v -0.367859 0.060928 0.143036
v -0.371460 -0.062744 0.095596
v -0.372223 -0.154434 0.001737
v -0.372955 -0.253571 0.133484
v -0.373718 -0.091995 0.098068
v -0.374603 -0.207474 0.009336
v -0.374664 -0.039951 0.006771
v -0.374695 0.066795 -0.001964
v -0.378723 -0.159546 0.139481
v -0.379333 -0.136414 0.010575
v -0.379791 0.141144 0.076332
v -0.379822 -0.085991 0.016037
v -0.383698 -0.286133 0.055355
v -0.383881 0.034668 0.149216
v -0.388977 0.140030 0.109207
v -0.389587 -0.290771 0.113518
v -0.391388 -0.297974 0.083725
v -0.391449 0.032055 -0.005081
v -0.392059 0.064003 -0.002464
v -0.395172 0.122765 0.025467
v -0.395874 -0.233276 0.151184
v -0.398010 -0.087166 0.030235
v -0.398407 0.130966 0.130356
v -0.398773 0.097733 0.009746
v -0.399414 -0.058128 0.029322
v -0.399536 -0.089699 0.090271
v -0.399628 -0.057583 0.090836
v -0.402252 0.011902 0.143951
v -0.403473 -0.140182 0.022486
v -0.403656 -0.024576 0.122261
v -0.408844 0.115227 0.147324
v -0.409851 -0.072075 0.055882
v -0.410309 -0.003587 0.011751
v -0.414276 -0.272583 0.041550
v -0.415863 -0.094933 0.068596
v -0.417206 -0.194260 0.149124
v -0.419525 -0.154327 0.134766
v -0.419861 0.152512 0.065002
v -0.420776 0.080902 0.156998
v -0.423523 0.047585 0.005173
v -0.423706 -0.041668 0.062660
v -0.424103 -0.301910 0.072945
v -0.424255 -0.009871 0.028416
v -0.425232 -0.277466 0.139832
v -0.426300 0.037949 0.152344
v -0.427490 -0.208740 0.034496
v -0.427734 0.148163 0.125046
v -0.428253 0.092644 0.011303
v -0.430450 0.131836 0.032089
v -0.430847 0.159149 0.096916
v -0.431244 -0.299072 0.107811
v -0.436584 -0.202606 0.044373
v -0.437225 -0.165085 0.047028
v -0.438019 -0.140549 0.106987
v -0.440125 -0.277405 0.051552
v -0.440308 -0.260681 0.044106
v -0.441223 -0.249634 0.143188
v -0.444336 -0.010355 0.106255
v -0.444916 -0.207977 0.139374
v -0.445374 0.016705 0.136368
v -0.445435 -0.298981 0.084946
v -0.449829 -0.283386 0.125397
v -0.450531 0.025784 0.034576
v -0.453430 0.116753 0.029749
v -0.453644 0.130676 0.144257
v -0.454071 0.076813 0.151794
v -0.454559 -0.166306 0.109009
v -0.456116 0.014699 0.054123
v -0.456665 -0.164597 0.085350
v -0.457123 0.152374 0.061436
v -0.457672 0.094002 0.025368
v -0.462311 -0.197433 0.120979
v -0.463806 0.055660 0.034698
v -0.464142 -0.256622 0.127579
v -0.465607 0.016068 0.075905
v -0.465668 -0.218033 0.072334
v -0.466095 0.048691 0.137924
v -0.470490 -0.266663 0.071526
v -0.471222 0.044205 0.053890
v -0.471375 0.158890 0.103981
v -0.472870 -0.270203 0.103493
v -0.474609 0.032780 0.113815
v -0.475098 -0.261261 0.085495
v -0.475525 -0.233704 0.106125
v -0.477081 0.126907 0.139114
v -0.477325 0.128906 0.050083
v -0.482269 0.067596 0.065689
v -0.482880 0.086258 0.050568
v -0.484589 0.099380 0.136292
v -0.484863 0.146042 0.077553
v -0.488220 0.058510 0.097534
v -0.488922 0.146927 0.107109
v -0.490356 0.081161 0.124771
v -0.496582 0.123878 0.118294
v -0.498962 0.129456 0.092026
v -0.499512 0.116913 0.082787
v -0.500061 0.099396 0.099129
vt 0.124023 0.105713
vt 0.128174 0.086670
vt 0.138672 0.093750
vt 0.142578 0.065674
vt 0.111084 0.065918
vt 0.104492 0.083008
vt 0.167725 0.117920
vt 0.152100 0.153564
vt 0.174316 0.082764
vt 0.176270 0.111572
vt 0.201660 0.113770
vt 0.206299 0.147949
vt 0.197998 0.156250
vt 0.227539 0.166504
vt 0.216309 0.176025
vt 0.183350 0.169922
vt 0.165283 0.190430
vt 0.182861 0.207275
vt 0.144775 0.184570
vt 0.167969 0.219971
vt 0.121582 0.143799
vt 0.103271 0.116699
vt 0.087402 0.103271
vt 0.091797 0.134521
vt 0.080078 0.129150
vt 0.106201 0.148926
vt 0.096924 0.160400
vt 0.078125 0.158447
vt 0.091553 0.191895
vt 0.124023 0.177490
vt 0.118896 0.204102
vt 0.099365 0.229248
vt 0.118652 0.225586
vt 0.196045 0.570312
vt 0.187988 0.541016
vt 0.239746 0.577637
vt 0.237061 0.590332
vt 0.256592 0.586426
vt 0.205566 0.521729
vt 0.170898 0.502686
vt 0.258301 0.567627
vt 0.278809 0.621826
vt 0.271240 0.584473
vt 0.250732 0.554443
vt 0.279541 0.563965
vt 0.291992 0.598145
vt 0.296387 0.578369
vt 0.291016 0.549561
vt 0.269775 0.542236
vt 0.290283 0.532227
vt 0.300537 0.547119
vt 0.233887 0.520508
vt 0.246094 0.500488
vt 0.216309 0.509766
vt 0.205811 0.491455
vt 0.180664 0.479248
vt 0.164307 0.468018
vt 0.154541 0.465576
vt 0.171875 0.456299
vt 0.164551 0.421143
vt 0.187988 0.456299
vt 0.215332 0.475586
vt 0.186768 0.435303
vt 0.204834 0.449707
vt 0.236328 0.473877
vt 0.188232 0.416748
vt 0.179443 0.403320
vt 0.211426 0.385498
vt 0.207275 0.428711
vt 0.222900 0.401855
vt 0.243164 0.385742
vt 0.236328 0.445068
vt 0.244629 0.423096
vt 0.263916 0.408447
vt 0.273682 0.395264
vt 0.263428 0.456299
vt 0.286621 0.430664
vt 0.297852 0.423828
vt 0.307129 0.405518
vt 0.333984 0.437744
vt 0.318115 0.451172
vt 0.282715 0.444092
vt 0.282959 0.467041
vt 0.330078 0.477783
vt 0.307861 0.487061
vt 0.309326 0.498779
vt 0.280273 0.494629
vt 0.267822 0.484619
vt 0.302246 0.522705
vt 0.314697 0.510498
vt 0.322266 0.534912
vt 0.274414 0.651611
vt 0.303955 0.630859
vt 0.301025 0.655273
vt 0.253418 0.650391
vt 0.272217 0.629395
vt 0.260010 0.660156
vt 0.237793 0.662598
vt 0.274170 0.675049
vt 0.318359 0.674561
vt 0.324951 0.657715
vt 0.241455 0.681885
vt 0.341309 0.669922
vt 0.267334 0.685547
vt 0.326660 0.683350
vt 0.362061 0.690430
vt 0.388672 0.690918
vt 0.325195 0.699463
vt 0.276855 0.690674
vt 0.293457 0.707520
vt 0.264160 0.710693
vt 0.247314 0.694092
vt 0.252930 0.723145
vt 0.224609 0.728516
vt 0.227051 0.707275
vt 0.207031 0.725586
vt 0.214600 0.744141
vt 0.195557 0.752686
vt 0.201172 0.695801
vt 0.221924 0.680420
vt 0.213135 0.674805
vt 0.222656 0.658936
vt 0.225098 0.646240
vt 0.209717 0.652588
vt 0.212891 0.645996
vt 0.212646 0.628174
vt 0.205811 0.645996
vt 0.198486 0.630127
vt 0.357178 0.442627
vt 0.355225 0.457764
vt 0.326172 0.409668
vt 0.362549 0.459717
vt 0.369141 0.443604
vt 0.370850 0.456787
vt 0.369873 0.482178
vt 0.353271 0.476074
vt 0.338135 0.445068
vt 0.373291 0.498047
vt 0.343994 0.486572
vt 0.327881 0.455811
vt 0.393311 0.506348
vt 0.397949 0.490723
vt 0.364746 0.511475
vt 0.342285 0.506836
vt 0.331787 0.485352
vt 0.326904 0.523682
vt 0.348633 0.528320
vt 0.334473 0.534912
vt 0.365723 0.533691
vt 0.325195 0.551514
vt 0.388672 0.536377
vt 0.350098 0.558105
vt 0.410156 0.507324
vt 0.415283 0.483154
vt 0.399902 0.470459
vt 0.374512 0.552246
vt 0.433105 0.491455
vt 0.431152 0.479004
vt 0.414795 0.544922
vt 0.393311 0.568604
vt 0.424316 0.517090
vt 0.434326 0.535645
vt 0.428955 0.549072
vt 0.454834 0.504150
vt 0.466064 0.489746
vt 0.483887 0.527588
vt 0.486328 0.545898
vt 0.492432 0.500244
vt 0.377686 0.572754
vt 0.359131 0.620850
vt 0.345947 0.619629
vt 0.333252 0.655273
vt 0.325684 0.635010
vt 0.345947 0.602295
vt 0.329590 0.598389
vt 0.362061 0.574219
vt 0.336670 0.586426
vt 0.364014 0.562744
vt 0.322754 0.593506
vt 0.026855 0.670654
vt 0.023193 0.653320
vt 0.034668 0.656250
vt 0.037842 0.644287
vt 0.045410 0.673828
vt 0.005859 0.658936
vt 0.021484 0.625732
vt 0.000488 0.617432
vt 0.049316 0.621826
vt 0.036865 0.598145
vt 0.051514 0.655518
vt 0.059326 0.638916
vt 0.073242 0.629150
vt 0.073730 0.660889
vt 0.061279 0.659912
vt 0.063965 0.681396
vt 0.020996 0.697266
vt 0.026123 0.679199
vt 0.011475 0.672852
vt 0.000000 0.674561
vt 0.561768 0.150635
vt 0.546631 0.147949
vt 0.585693 0.120361
vt 0.537842 0.173340
vt 0.564697 0.122070
vt 0.542236 0.121094
vt 0.601318 0.126221
vt 0.524170 0.160400
vt 0.532471 0.196289
vt 0.510986 0.177734
vt 0.509521 0.143799
vt 0.559570 0.190918
vt 0.521973 0.107910
vt 0.575684 0.160645
vt 0.587646 0.186279
vt 0.600586 0.164551
vt 0.613770 0.193115
vt 0.633057 0.177490
vt 0.541992 0.095459
vt 0.531250 0.069580
vt 0.555908 0.054932
vt 0.566162 0.091309
vt 0.567139 0.060791
vt 0.579590 0.108887
vt 0.586914 0.085449
vt 0.588623 0.061523
vt 0.612549 0.072266
vt 0.612061 0.097168
vt 0.631348 0.092041
vt 0.637207 0.062988
vt 0.622803 0.108154
vt 0.652344 0.080811
vt 0.663574 0.062256
vt 0.647461 0.092529
vt 0.678711 0.102295
vt 0.641846 0.117676
vt 0.666992 0.120361
vt 0.697021 0.131104
vt 0.618408 0.144043
vt 0.655518 0.141846
vt 0.632812 0.150635
vt 0.666748 0.151855
vt 0.698975 0.179443
vt 0.656494 0.197266
vt 0.114746 0.573486
vt 0.127686 0.590332
vt 0.095703 0.606201
vt 0.089111 0.598145
vt 0.077637 0.618408
vt 0.063232 0.598389
vt 0.086914 0.630127
vt 0.110352 0.620361
vt 0.107422 0.638428
vt 0.078857 0.645508
vt 0.101074 0.654297
vt 0.145508 0.570557
vt 0.143555 0.553955
vt 0.136719 0.612793
vt 0.152832 0.594971
vt 0.171143 0.572021
vt 0.183105 0.544678
vt 0.162109 0.529053
vt 0.182617 0.600098
vt 0.202148 0.584961
vt 0.166260 0.603516
vt 0.156738 0.618408
vt 0.187500 0.634277
vt 0.206055 0.603760
vt 0.132568 0.628906
vt 0.160400 0.645508
vt 0.127930 0.639404
vt 0.145508 0.645752
vt 0.117188 0.662109
vt 0.143066 0.677734
vt 0.162842 0.666992
vt 0.190186 0.665283
vt 0.171631 0.699951
vt 0.182861 0.698975
vt 0.177734 0.719727
vt 0.155762 0.726562
vt 0.141113 0.703369
vt 0.117920 0.698975
vt 0.135254 0.733887
vt 0.175293 0.752441
vt 0.101807 0.722656
vt 0.122070 0.750000
vt 0.153564 0.768555
vt 0.098389 0.677979
vt 0.072021 0.693115
vt 0.082031 0.666260
vt 0.545654 0.397461
vt 0.572998 0.412354
vt 0.557129 0.415527
vt 0.569092 0.433350
vt 0.579346 0.446533
vt 0.541748 0.408447
vt 0.526123 0.405762
vt 0.564697 0.452881
vt 0.524414 0.429199
vt 0.542725 0.445312
vt 0.568359 0.473145
vt 0.588135 0.462158
vt 0.567871 0.489746
vt 0.500244 0.431641
vt 0.502197 0.407715
vt 0.487061 0.435059
vt 0.495361 0.463379
vt 0.486328 0.474365
vt 0.476562 0.450684
vt 0.496338 0.488525
vt 0.510254 0.466309
vt 0.507812 0.489746
vt 0.503906 0.501953
vt 0.535156 0.466797
vt 0.517822 0.511475
vt 0.526855 0.487793
vt 0.555908 0.473877
vt 0.544434 0.515625
vt 0.556885 0.512207
vt 0.537598 0.541748
vt 0.578857 0.532715
vt 0.576904 0.553467
vt 0.497803 0.544922
vt 0.492676 0.521729
vt 0.552490 0.566162
vt 0.578125 0.593262
vt 0.593262 0.576660
vt 0.532959 0.561279
vt 0.540283 0.597412
vt 0.596191 0.597900
vt 0.601074 0.587891
vt 0.594238 0.614258
vt 0.566162 0.615723
vt 0.505371 0.575928
vt 0.477539 0.562988
vt 0.490234 0.600830
vt 0.510254 0.595703
vt 0.516113 0.614746
vt 0.474365 0.625977
vt 0.511963 0.641602
vt 0.533936 0.625488
vt 0.536133 0.661621
vt 0.553955 0.628418
vt 0.575439 0.657715
vt 0.551758 0.648438
vt 0.534668 0.675537
vt 0.545898 0.696289
vt 0.062012 0.954590
vt 0.040283 0.948730
vt 0.045166 0.940674
vt 0.027100 0.925537
vt 0.019287 0.935303
vt 0.018799 0.902832
vt 0.027832 0.895020
vt 0.020752 0.870117
vt 0.039062 0.857178
vt 0.034912 0.915039
vt 0.044678 0.866211
vt 0.072754 0.839844
vt 0.047119 0.888428
vt 0.071289 0.861328
vt 0.088623 0.841797
vt 0.053223 0.927490
vt 0.072021 0.894287
vt 0.094727 0.862305
vt 0.100342 0.859863
vt 0.113770 0.883301
vt 0.100098 0.889160
vt 0.114746 0.915771
vt 0.069092 0.916260
vt 0.090332 0.915771
vt 0.105713 0.918701
vt 0.102295 0.938965
vt 0.084229 0.927734
vt 0.083008 0.942627
vt 0.093750 0.952148
vt 0.951904 0.192871
vt 0.968994 0.162354
vt 0.981934 0.184082
vt 0.940918 0.174805
vt 0.958008 0.142090
vt 0.942871 0.230469
vt 0.988037 0.200439
vt 0.935547 0.210693
vt 0.951660 0.241943
vt 0.974854 0.230225
vt 0.915283 0.240723
vt 0.958740 0.243164
vt 0.972900 0.270020
vt 0.975830 0.251465
vt 0.944580 0.272949
vt 0.990723 0.301270
vt 0.999023 0.322510
vt 0.986084 0.309814
vt 0.969238 0.300781
vt 0.944336 0.293213
vt 0.925537 0.274414
vt 0.910156 0.295898
vt 0.907471 0.286621
vt 0.902588 0.246582
vt 0.875977 0.282471
vt 0.856201 0.297363
vt 0.829590 0.287354
vt 0.853027 0.269043
vt 0.833496 0.250000
vt 0.804443 0.254150
vt 0.875000 0.241455
vt 0.806641 0.240479
vt 0.839600 0.231201
vt 0.863770 0.215820
vt 0.807373 0.227295
vt 0.780029 0.220947
vt 0.777588 0.243652
vt 0.889160 0.220215
vt 0.904297 0.219238
vt 0.910645 0.190674
vt 0.891357 0.193848
vt 0.921387 0.205322
vt 0.907959 0.166992
vt 0.932129 0.170898
vt 0.926025 0.153564
vt 0.927979 0.125732
vt 0.959961 0.116455
vt 0.896973 0.158936
vt 0.905518 0.119629
vt 0.911621 0.145020
vt 0.890869 0.126465
vt 0.912842 0.123779
vt 0.905518 0.108887
vt 0.932373 0.117432
vt 0.929199 0.088379
vt 0.956787 0.099854
vt 0.959961 0.070312
vt 0.927979 0.053711
vt 0.898926 0.082031
vt 0.889648 0.098145
vt 0.906738 0.065918
vt 0.898682 0.039307
vt 0.886230 0.037598
vt 0.109375 0.957520
vt 0.145996 0.918945
vt 0.135742 0.956299
vt 0.114502 0.988281
vt 0.162109 0.967529
vt 0.119873 0.918213
vt 0.173828 0.942871
vt 0.166992 0.976074
vt 0.187256 1.000000
vt 0.195801 0.965820
vt 0.128418 0.885010
vt 0.120361 0.874023
vt 0.160400 0.887939
vt 0.182861 0.924316
vt 0.195801 0.949463
vt 0.217529 0.980713
vt 0.145264 0.842529
vt 0.117432 0.856201
vt 0.206543 0.934570
vt 0.173584 0.844238
vt 0.156494 0.802246
vt 0.210205 0.956787
vt 0.236328 0.992676
vt 0.229736 0.966553
vt 0.196045 0.916504
vt 0.186523 0.878906
vt 0.207764 0.863770
vt 0.201172 0.825928
vt 0.231445 0.821045
vt 0.049805 0.271484
vt 0.056396 0.254883
vt 0.060547 0.264160
vt 0.064453 0.273193
vt 0.075684 0.270996
vt 0.058594 0.290039
vt 0.072021 0.255859
vt 0.080078 0.284912
vt 0.036133 0.282227
vt 0.051514 0.308838
vt 0.041504 0.258789
vt 0.019531 0.265625
vt 0.030762 0.243896
vt 0.074463 0.298584
vt 0.056396 0.320312
vt 0.072510 0.324707
vt 0.092285 0.292969
vt 0.048828 0.246582
vt 0.048340 0.229248
vt 0.086914 0.270508
vt 0.100586 0.267822
vt 0.137451 0.272705
vt 0.090820 0.256104
vt 0.116455 0.250732
vt 0.073486 0.245361
vt 0.083496 0.230713
vt 0.119873 0.241943
vt 0.062988 0.238037
vt 0.064697 0.224609
vt 0.054443 0.204590
vt 0.796631 0.171387
vt 0.814941 0.167480
vt 0.808838 0.186523
vt 0.801025 0.163818
vt 0.806396 0.145020
vt 0.782959 0.188232
vt 0.789551 0.140137
vt 0.836670 0.155518
vt 0.852539 0.199707
vt 0.879883 0.213135
vt 0.841309 0.114258
vt 0.864746 0.101807
vt 0.853516 0.087891
vt 0.875488 0.058105
vt 0.847900 0.055908
vt 0.809570 0.104736
vt 0.809082 0.114258
vt 0.782715 0.099121
vt 0.747803 0.125244
vt 0.750488 0.134521
vt 0.741211 0.114258
vt 0.697021 0.119141
vt 0.158691 0.338867
vt 0.132324 0.333740
vt 0.135498 0.316406
vt 0.108643 0.327637
vt 0.164062 0.316650
vt 0.131348 0.306885
vt 0.197998 0.353027
vt 0.171875 0.371094
vt 0.190674 0.379883
vt 0.135742 0.367676
vt 0.160156 0.414551
vt 0.155762 0.384521
vt 0.134766 0.383545
vt 0.117920 0.346924
vt 0.113770 0.370361
vt 0.127930 0.403564
vt 0.097656 0.359863
vt 0.155762 0.429443
vt 0.116211 0.387451
vt 0.104492 0.375732
vt 0.116455 0.404053
vt 0.124268 0.416748
vt 0.136230 0.434814
vt 0.109619 0.424561
vt 0.096436 0.424805
vt 0.105713 0.405273
vt 0.104492 0.386475
vt 0.090088 0.391113
vt 0.070801 0.398926
vt 0.094971 0.373779
vt 0.082520 0.378418
vt 0.062744 0.356201
vt 0.085205 0.355957
vt 0.079590 0.339355
vt 0.084473 0.318115
vt 0.094482 0.338867
vt 0.107178 0.317139
vt 0.109619 0.294189
vt 0.045166 0.526611
vt 0.034424 0.501465
vt 0.056396 0.507812
vt 0.055664 0.524902
vt 0.053955 0.548096
vt 0.070068 0.471191
vt 0.043945 0.449951
vt 0.077881 0.449951
vt 0.083252 0.456787
vt 0.088867 0.471680
vt 0.115723 0.460205
vt 0.088379 0.484863
vt 0.119141 0.476318
vt 0.126709 0.456787
vt 0.090820 0.498779
vt 0.142578 0.468506
vt 0.136963 0.449463
vt 0.134766 0.491699
vt 0.152100 0.477295
vt 0.107422 0.499023
vt 0.079346 0.533447
vt 0.077393 0.563232
vt 0.044434 0.563965
vt 0.108643 0.553711
vt 0.106934 0.519287
vt 0.125977 0.531250
vt 0.141357 0.545410
vt 0.142578 0.525391
vt 0.158691 0.506348
vt 0.576416 0.766602
vt 0.558594 0.741943
vt 0.583252 0.716309
vt 0.582764 0.813965
vt 0.625000 0.796143
vt 0.566406 0.694580
vt 0.621826 0.761230
vt 0.590820 0.682129
vt 0.598145 0.623779
vt 0.606445 0.703857
vt 0.607178 0.662109
vt 0.657471 0.791992
vt 0.637695 0.832031
vt 0.667236 0.808105
vt 0.689453 0.774414
vt 0.697754 0.836426
vt 0.664551 0.752686
vt 0.725098 0.762451
vt 0.733643 0.836426
vt 0.701172 0.733398
vt 0.753418 0.766357
vt 0.645996 0.718750
vt 0.671387 0.717529
vt 0.672119 0.686035
vt 0.629883 0.679443
vt 0.657715 0.645264
vt 0.706299 0.684814
vt 0.641846 0.626709
vt 0.687988 0.659424
vt 0.671387 0.639893
vt 0.640869 0.599609
vt 0.605957 0.591309
vt 0.675537 0.616211
vt 0.694824 0.635498
vt 0.715088 0.641357
vt 0.700439 0.603760
vt 0.672363 0.591797
vt 0.646729 0.565430
vt 0.694092 0.568115
vt 0.637939 0.543945
vt 0.608643 0.530029
vt 0.633545 0.509766
vt 0.681641 0.520264
vt 0.694336 0.542480
vt 0.739990 0.554932
vt 0.727539 0.600830
vt 0.776367 0.602539
vt 0.758301 0.633789
vt 0.786865 0.634277
vt 0.744385 0.666748
vt 0.780029 0.669189
vt 0.817139 0.677734
vt 0.735596 0.706055
vt 0.770020 0.715820
vt 0.798096 0.694824
vt 0.821777 0.736572
vt 0.856201 0.732178
vt 0.786133 0.737061
vt 0.810059 0.775391
vt 0.094727 0.024414
vt 0.159668 0.014893
vt 0.125244 0.058594
vt 0.100098 0.001953
vt 0.073975 0.058350
vt 0.050049 0.039551
vt 0.435547 0.083008
vt 0.406006 0.114258
vt 0.408936 0.078125
vt 0.425537 0.025879
vt 0.438477 0.137939
vt 0.453613 0.035400
vt 0.464600 0.089600
vt 0.474365 0.152832
vt 0.487549 0.048096
vt 0.495850 0.095703
vt 0.534424 0.037842
vt 0.513184 0.107178
vt 0.499023 0.158691
vt 0.569824 0.254883
vt 0.572266 0.289795
vt 0.541992 0.251465
vt 0.551270 0.225830
vt 0.581055 0.236572
vt 0.613281 0.286133
vt 0.594482 0.321045
vt 0.616455 0.327881
vt 0.584473 0.209717
vt 0.612793 0.224854
vt 0.631836 0.269775
vt 0.634521 0.225830
vt 0.638428 0.314941
vt 0.638672 0.339600
vt 0.614746 0.363770
vt 0.629639 0.373047
vt 0.648926 0.286133
vt 0.665527 0.323242
vt 0.663818 0.346680
vt 0.671387 0.302979
vt 0.683105 0.324219
vt 0.658447 0.248291
vt 0.703613 0.293701
vt 0.707031 0.312500
vt 0.670654 0.285645
vt 0.655762 0.215332
vt 0.631836 0.186035
vt 0.734131 0.301758
vt 0.760498 0.289551
vt 0.778809 0.324707
vt 0.739258 0.278809
vt 0.690674 0.242188
vt 0.675049 0.193115
vt 0.705078 0.212158
vt 0.685059 0.275391
vt 0.708252 0.264404
vt 0.747314 0.245117
vt 0.762939 0.273438
vt 0.734863 0.183594
vt 0.764648 0.235352
vt 0.763184 0.176270
vt 0.419678 0.286377
vt 0.447266 0.262939
vt 0.447021 0.287842
vt 0.419678 0.267090
vt 0.463623 0.271973
vt 0.470215 0.294434
vt 0.487793 0.287354
vt 0.494385 0.300781
vt 0.492676 0.266113
vt 0.467529 0.250732
vt 0.490234 0.248291
vt 0.428467 0.252930
vt 0.404053 0.252197
vt 0.436768 0.233643
vt 0.406982 0.223389
vt 0.393311 0.245117
vt 0.485352 0.230225
vt 0.500732 0.238037
vt 0.460449 0.223633
vt 0.398926 0.223877
vt 0.399414 0.214111
vt 0.415039 0.196777
vt 0.441406 0.212158
vt 0.434082 0.193848
vt 0.483398 0.208740
vt 0.504150 0.214844
vt 0.457275 0.201416
vt 0.477783 0.190674
vt 0.502197 0.189209
vt 0.459229 0.182129
vt 0.484863 0.177002
vt 0.422607 0.188721
vt 0.470947 0.166016
vt 0.454590 0.170410
vt 0.434570 0.174072
vt 0.422363 0.180908
vt 0.419922 0.170654
vt 0.423340 0.163330
vt 0.443848 0.152344
vt 0.432617 0.146484
vt 0.410889 0.169922
vt 0.414062 0.151855
vt 0.426270 0.137451
vt 0.406982 0.135010
vt 0.406738 0.160889
vt 0.409180 0.177979
vt 0.408203 0.186279
vt 0.405762 0.168457
vt 0.395996 0.154785
vt 0.400391 0.171143
vt 0.398682 0.179932
vt 0.395752 0.138428
vt 0.393066 0.121338
vt 0.378174 0.132568
vt 0.386963 0.147705
vt 0.392822 0.163086
vt 0.384521 0.169922
vt 0.372070 0.172852
vt 0.379150 0.154053
vt 0.356934 0.161865
vt 0.180420 0.010010
vt 0.196289 0.000977
vt 0.200928 0.018555
vt 0.222412 0.009277
vt 0.198486 0.035400
vt 0.216064 0.021484
vt 0.173584 0.040039
vt 0.167725 0.034912
vt 0.167725 0.008789
vt 0.160156 0.031738
vt 0.157227 0.033203
vt 0.235107 0.025146
vt 0.232666 0.000244
vt 0.258789 0.019531
vt 0.252930 0.040527
vt 0.276367 0.041992
vt 0.227783 0.039062
vt 0.289307 0.063965
vt 0.302979 0.054443
vt 0.264893 0.064209
vt 0.239746 0.062012
vt 0.243896 0.079590
vt 0.252686 0.084717
vt 0.221680 0.061768
vt 0.223145 0.092041
vt 0.204590 0.075684
vt 0.212891 0.049805
vt 0.192627 0.051514
vt 0.178955 0.065186
vt 0.194336 0.087646
vt 0.189697 0.061279
vt 0.374023 0.826172
vt 0.318604 0.855713
vt 0.365967 0.809570
vt 0.309570 0.828613
vt 0.352051 0.797852
vt 0.373535 0.848389
vt 0.398926 0.835693
vt 0.385498 0.863525
vt 0.328369 0.882080
vt 0.315186 0.803467
vt 0.329346 0.773193
vt 0.285889 0.763672
vt 0.271240 0.820557
vt 0.262451 0.771973
vt 0.275635 0.759521
vt 0.269531 0.718506
vt 0.277100 0.839111
vt 0.231934 0.846924
vt 0.291016 0.860107
vt 0.247803 0.873779
vt 0.215088 0.880615
vt 0.288330 0.876709
vt 0.246582 0.890869
vt 0.220703 0.909424
vt 0.249512 0.900879
vt 0.246338 0.932129
vt 0.253906 0.923340
vt 0.253174 0.942139
vt 0.231201 0.957520
vt 0.269287 0.914551
vt 0.284180 0.934326
vt 0.265869 0.968506
vt 0.303223 0.969482
vt 0.325439 0.890381
vt 0.322998 0.929688
vt 0.343994 0.943848
vt 0.328613 0.990479
vt 0.343262 0.897217
vt 0.360840 0.893555
vt 0.374512 0.899902
vt 0.412109 0.873047
vt 0.371338 0.939453
vt 0.380371 0.977783
vt 0.394775 0.902832
vt 0.412354 0.934082
vt 0.404297 0.950439
vt 0.417236 0.976318
vt 0.429932 0.943848
vt 0.221436 0.322266
vt 0.200439 0.343994
vt 0.207275 0.319824
vt 0.188721 0.331543
vt 0.175537 0.317871
vt 0.229248 0.358643
vt 0.183105 0.295166
vt 0.209717 0.288330
vt 0.178223 0.272705
vt 0.264404 0.343018
vt 0.274902 0.368408
vt 0.300293 0.347900
vt 0.255371 0.303711
vt 0.282227 0.328613
vt 0.312500 0.314697
vt 0.324219 0.353027
vt 0.340820 0.312256
vt 0.285889 0.289307
vt 0.321777 0.292236
vt 0.356689 0.276367
vt 0.264893 0.284180
vt 0.320068 0.259766
vt 0.341064 0.246094
vt 0.383789 0.266602
vt 0.356934 0.239258
vt 0.242676 0.280273
vt 0.276611 0.255371
vt 0.306885 0.238525
vt 0.337402 0.208984
vt 0.369873 0.211426
vt 0.388672 0.199463
vt 0.371826 0.180176
vt 0.338867 0.182861
vt 0.263916 0.230469
vt 0.324951 0.200684
vt 0.319824 0.176758
vt 0.299561 0.216553
vt 0.271973 0.176025
vt 0.274170 0.202637
vt 0.248047 0.197998
vt 0.228271 0.184570
vt 0.203613 0.198242
vt 0.187744 0.176514
vt 0.223877 0.212891
vt 0.238281 0.244385
vt 0.206787 0.231445
vt 0.175293 0.223877
vt 0.226074 0.265137
vt 0.199463 0.253906
vt 0.174072 0.249512
vt 0.208252 0.268311
vt 0.995117 0.133789
vt 0.966309 0.112549
vt 0.992676 0.085449
vt 0.865723 0.539795
vt 0.864990 0.509521
vt 0.871582 0.519043
vt 0.854736 0.551514
vt 0.867920 0.581543
vt 0.858154 0.588135
vt 0.870605 0.552490
vt 0.858154 0.619873
vt 0.898926 0.539795
vt 0.905273 0.496094
vt 0.926758 0.518555
vt 0.921387 0.551270
vt 0.948242 0.534424
vt 0.902344 0.563232
vt 0.873291 0.595703
vt 0.873779 0.619385
vt 0.902588 0.587891
vt 0.916260 0.581055
vt 0.941162 0.562988
vt 0.968506 0.541748
vt 0.970703 0.561279
vt 0.980469 0.541016
vt 0.947754 0.577881
vt 0.958984 0.579102
vt 0.988770 0.567139
vt 0.928467 0.595947
vt 0.979492 0.586182
vt 0.915771 0.603516
vt 0.926270 0.609131
vt 0.947266 0.602539
vt 0.965820 0.614502
vt 0.987061 0.609375
vt 0.975098 0.640381
vt 0.941406 0.619141
vt 0.962402 0.655518
vt 1.000000 0.643555
vt 0.978760 0.659180
vt 0.922607 0.640625
vt 0.978271 0.671875
vt 0.994141 0.666504
vt 0.930664 0.654297
vt 0.891357 0.644287
vt 0.902832 0.648438
vt 0.926025 0.665283
vt 0.951416 0.687744
vt 0.985352 0.700439
vt 0.887207 0.660645
vt 0.975830 0.724365
vt 0.900146 0.625488
vt 0.879639 0.635254
vt 0.894287 0.608643
vt 0.853760 0.637207
vt 0.841309 0.623047
vt 0.823975 0.636963
vt 0.859375 0.652100
vt 0.832520 0.645264
vt 0.806885 0.652588
vt 0.837646 0.661377
vt 0.866699 0.674316
vt 0.844238 0.687012
vt 0.860107 0.706055
vt 0.904785 0.677246
vt 0.877197 0.701904
vt 0.861328 0.740479
vt 0.874756 0.742920
vt 0.911133 0.702637
vt 0.918945 0.734375
vt 0.906250 0.757812
vt 0.875244 0.768066
vt 0.942871 0.716064
vt 0.964600 0.722412
vt 0.981689 0.753418
vt 0.947510 0.743408
vt 0.923828 0.768799
vt 0.907471 0.786377
vt 0.933594 0.752930
vt 0.928223 0.807373
vt 0.939453 0.770996
vt 0.964600 0.769287
vt 0.996582 0.783447
vt 0.977051 0.811279
vt 0.947754 0.788818
vt 0.954590 0.818115
vt 0.978271 0.829102
vt 0.962158 0.847168
vt 0.990967 0.138184
vt 0.990967 0.179443
vt 0.964600 0.140869
vt 0.056885 0.740967
vt 0.105225 0.738770
vt 0.063477 0.759521
vt 0.082520 0.714600
vt 0.041992 0.695557
vt 0.043457 0.772705
vt 0.066162 0.802246
vt 0.049316 0.813477
vt 0.707520 0.883301
vt 0.685059 0.927490
vt 0.675537 0.879395
vt 0.718018 0.917725
vt 0.664795 0.861328
vt 0.679443 0.855957
vt 0.652100 0.864990
vt 0.666260 0.850830
vt 0.666016 0.838623
vt 0.713379 0.940918
vt 0.758545 0.929443
vt 0.737549 0.959229
vt 0.708252 0.956787
vt 0.685303 0.953857
vt 0.662354 0.960449
vt 0.654053 0.932129
vt 0.641357 0.958740
vt 0.665527 0.903564
vt 0.632324 0.940430
vt 0.634521 0.908447
vt 0.635254 0.893799
vt 0.611572 0.963867
vt 0.630371 0.984375
vt 0.606689 0.936768
vt 0.619385 0.908691
vt 0.640137 0.860352
vt 0.579834 0.947510
vt 0.585449 0.972168
vt 0.584961 0.938721
vt 0.557129 0.962158
vt 0.549561 0.982666
vt 0.540039 0.977295
vt 0.510986 0.976318
vt 0.554443 0.936035
vt 0.508545 0.939697
vt 0.476318 0.958984
vt 0.482178 0.983887
vt 0.475830 0.933105
vt 0.507080 0.912598
vt 0.584229 0.914062
vt 0.544189 0.892334
vt 0.474365 0.901367
vt 0.508057 0.879883
vt 0.587646 0.879639
vt 0.626221 0.885254
vt 0.562256 0.857910
vt 0.600586 0.843262
vt 0.634521 0.843262
vt 0.645020 0.843262
vt 0.551025 0.842285
vt 0.547607 0.809814
vt 0.524658 0.814209
vt 0.535156 0.792969
vt 0.511230 0.841064
vt 0.488037 0.811279
vt 0.494141 0.857666
vt 0.651123 0.849121
vt 0.669189 0.818604
vt 0.831055 0.493408
vt 0.865479 0.498047
vt 0.855469 0.509033
vt 0.844971 0.471924
vt 0.821777 0.528809
vt 0.847900 0.535400
vt 0.828125 0.552246
vt 0.867188 0.458252
vt 0.849854 0.447021
vt 0.821533 0.424561
vt 0.818359 0.481689
vt 0.802002 0.516113
vt 0.790771 0.544189
vt 0.812500 0.444580
vt 0.795654 0.566162
vt 0.807861 0.575684
vt 0.795654 0.601318
vt 0.818604 0.609863
vt 0.769287 0.580811
vt 0.763184 0.555420
vt 0.746338 0.539795
vt 0.718018 0.539307
vt 0.774170 0.531250
vt 0.779541 0.521240
vt 0.748291 0.525635
vt 0.707275 0.523438
vt 0.688477 0.518555
vt 0.726807 0.524902
vt 0.719482 0.506348
vt 0.697998 0.514160
vt 0.680176 0.485107
vt 0.747070 0.497803
vt 0.772217 0.501953
vt 0.801514 0.499512
vt 0.787842 0.499023
vt 0.803711 0.469238
vt 0.775879 0.464355
vt 0.757324 0.468018
vt 0.783203 0.444824
vt 0.802734 0.447266
vt 0.792725 0.424072
vt 0.797852 0.419434
vt 0.775879 0.422607
vt 0.756592 0.445801
vt 0.757568 0.430420
vt 0.756836 0.408691
vt 0.740234 0.425049
vt 0.726562 0.405518
vt 0.733887 0.452637
vt 0.734863 0.479004
vt 0.703613 0.425293
vt 0.715332 0.402100
vt 0.713867 0.438477
vt 0.718506 0.459473
vt 0.703613 0.485840
vt 0.693604 0.462158
vt 0.687988 0.484131
vt 0.694824 0.425781
vt 0.706299 0.401855
vt 0.682617 0.458496
vt 0.680908 0.432617
vt 0.690674 0.395508
vt 0.673584 0.459473
vt 0.654785 0.416992
vt 0.656494 0.452148
vt 0.645508 0.483643
vt 0.626221 0.463867
vt 0.625977 0.448486
vt 0.630127 0.438232
vt 0.632568 0.407227
vt 0.616943 0.426025
vt 0.602295 0.441406
vt 0.590576 0.409668
vt 0.937744 0.504150
vt 0.922852 0.470215
vt 0.942627 0.477295
vt 0.926270 0.445068
vt 0.946533 0.447510
vt 0.946289 0.435547
vt 0.921875 0.413086
vt 0.907959 0.415527
vt 0.899170 0.436768
vt 0.905029 0.454102
vt 0.897461 0.469971
vt 0.888428 0.442383
vt 0.881836 0.411133
vt 0.911621 0.393799
vt 0.925049 0.392822
vt 0.933594 0.396729
vt 0.887207 0.390381
vt 0.927490 0.384521
vt 0.944580 0.392334
vt 0.901855 0.364990
vt 0.863281 0.372559
vt 0.875244 0.359619
vt 0.917725 0.353271
vt 0.894043 0.339844
vt 0.864746 0.339844
vt 0.913086 0.324707
vt 0.936035 0.314697
vt 0.944824 0.299316
vt 0.889404 0.315674
vt 0.910156 0.300049
vt 0.861816 0.315918
vt 0.880615 0.295410
vt 0.845459 0.317383
vt 0.850830 0.342529
vt 0.807373 0.320801
vt 0.809082 0.352539
vt 0.772949 0.333252
vt 0.751709 0.349121
vt 0.745361 0.324951
vt 0.768799 0.372559
vt 0.808594 0.384521
vt 0.840820 0.389160
vt 0.820801 0.399902
vt 0.853271 0.408936
vt 0.825684 0.410156
vt 0.856689 0.419434
vt 0.828613 0.420654
vt 0.856445 0.435059
vt 0.886719 0.449219
vt 0.867676 0.450684
vt 0.380127 0.373047
vt 0.374023 0.412354
vt 0.349609 0.406006
vt 0.404053 0.447754
vt 0.365967 0.436035
vt 0.396729 0.399658
vt 0.427979 0.428223
vt 0.435303 0.473389
vt 0.457275 0.443359
vt 0.422363 0.383301
vt 0.449219 0.407959
vt 0.488037 0.418457
vt 0.478271 0.384277
vt 0.502441 0.393555
vt 0.460205 0.366943
vt 0.433350 0.353516
vt 0.371094 0.353271
vt 0.339600 0.375977
vt 0.486572 0.350098
vt 0.439209 0.324707
vt 0.394775 0.329346
vt 0.361328 0.329346
vt 0.389404 0.304443
vt 0.349854 0.307617
vt 0.409912 0.298828
vt 0.449951 0.322021
vt 0.452881 0.296387
vt 0.483643 0.305908
vt 0.487305 0.325195
vt 0.517822 0.311279
vt 0.491455 0.344971
vt 0.509277 0.371338
vt 0.518066 0.401123
vt 0.539062 0.381104
vt 0.524170 0.346191
vt 0.544434 0.359375
vt 0.539062 0.328613
vt 0.548828 0.297852
vt 0.564941 0.339355
vt 0.569824 0.375488
vt 0.571045 0.317627
vt 0.588867 0.324707
vt 0.597900 0.347656
vt 0.244629 0.088623
vt 0.257812 0.093750
vt 0.231689 0.097656
vt 0.252197 0.145264
vt 0.236816 0.123535
vt 0.248291 0.154785
vt 0.269043 0.169434
vt 0.280273 0.156982
vt 0.273193 0.122559
vt 0.284912 0.092773
vt 0.282227 0.078857
vt 0.294678 0.087402
vt 0.291260 0.111084
vt 0.289795 0.133057
vt 0.298096 0.146729
vt 0.312500 0.171387
vt 0.329834 0.166992
vt 0.301025 0.120850
vt 0.320557 0.134766
vt 0.339844 0.148193
vt 0.304932 0.108643
vt 0.328857 0.132568
vt 0.348633 0.124512
vt 0.315674 0.099365
vt 0.303467 0.080078
vt 0.359375 0.095947
vt 0.377441 0.125000
vt 0.327148 0.071289
vt 0.318115 0.061768
vt 0.346191 0.055908
vt 0.360596 0.079590
vt 0.371826 0.082031
vt 0.367920 0.066895
vt 0.378174 0.070557
vt 0.858154 0.000000
vt 0.839111 0.030518
vt 0.835205 0.012207
vt 0.854492 0.031006
vt 0.856201 0.050049
vt 0.843506 0.051025
vt 0.814453 0.010254
vt 0.831787 0.003662
vt 0.810547 0.032715
vt 0.787109 0.019043
vt 0.790039 0.030762
vt 0.785156 0.040527
vt 0.824951 0.041992
vt 0.799805 0.050293
vt 0.776855 0.057861
vt 0.821777 0.055420
vt 0.823242 0.071289
vt 0.805420 0.062744
vt 0.792480 0.079346
vt 0.068115 0.157227
vt 0.046631 0.142822
vt 0.060303 0.138184
vt 0.072021 0.153320
vt 0.074219 0.166504
vt 0.062988 0.127441
vt 0.025146 0.135254
vt 0.042969 0.118408
vt 0.078369 0.098145
vt 0.050293 0.100098
vt 0.027832 0.104248
vt 0.061768 0.083740
vt 0.087158 0.086426
vt 0.038330 0.075195
vt 0.072266 0.069336
vt 0.097412 0.076172
vt 0.051025 0.051025
vt 0.923096 0.843262
vt 0.945068 0.841553
vt 0.939941 0.862549
vt 0.912109 0.869629
vt 0.895264 0.842773
vt 0.906494 0.808105
vt 0.917480 0.891602
vt 0.951172 0.877686
vt 0.874756 0.860840
vt 0.878174 0.814941
vt 0.897949 0.779053
vt 0.880859 0.772461
vt 0.844727 0.845459
vt 0.848877 0.803711
vt 0.884277 0.887207
vt 0.866211 0.882324
vt 0.841553 0.890625
vt 0.823486 0.875488
vt 0.858154 0.901123
vt 0.881836 0.912842
vt 0.842773 0.922607
vt 0.817139 0.902100
vt 0.800293 0.877686
vt 0.872070 0.925293
vt 0.826904 0.936768
vt 0.909424 0.916992
vt 0.900391 0.924805
vt 0.926025 0.924316
vt 0.884521 0.935547
vt 0.842529 0.936523
vt 0.868164 0.949463
vt 0.896240 0.950928
vt 0.918701 0.933594
vt 0.886475 0.979248
vt 0.923828 0.956299
vt 0.936523 0.945557
vt 0.946289 0.963623
vt 0.951904 0.948975
vt 0.907715 0.983398
vt 0.895508 0.995117
vt 0.866455 0.998047
vt 0.957764 0.928711
vt 0.864990 0.979492
vt 0.847168 0.996582
vt 0.957520 0.901123
vt 0.985596 0.912842
vt 0.981689 0.887939
vt 0.842529 0.960205
vt 0.824951 0.983643
vt 0.824707 0.953613
vt 0.809570 0.971436
vt 0.805908 0.989746
vt 0.796875 0.970703
vt 0.813477 0.936279
vt 0.785889 0.915771
vt 0.787109 0.932861
vt 0.782959 0.963379
vt 0.755859 0.951904
vt 0.754150 1.000000
vt 0.742188 0.979004
vt 0.344238 0.047852
vt 0.376709 0.023682
vt 0.382080 0.065430
vt 0.505859 0.676025
vt 0.500000 0.670654
vt 0.520752 0.658203
vt 0.483398 0.677002
vt 0.485596 0.691895
vt 0.516113 0.684814
vt 0.491211 0.710205
vt 0.455566 0.697998
vt 0.476318 0.719727
vt 0.492920 0.719727
vt 0.493652 0.727295
vt 0.451660 0.673096
vt 0.482178 0.739014
vt 0.417725 0.671387
vt 0.423828 0.656738
vt 0.394775 0.646973
vt 0.389648 0.677979
vt 0.414795 0.690186
vt 0.398926 0.698486
vt 0.435547 0.713623
vt 0.466553 0.724854
vt 0.416504 0.710449
vt 0.398193 0.713623
vt 0.386475 0.695801
vt 0.433594 0.729492
vt 0.413818 0.729248
vt 0.451416 0.739258
vt 0.469727 0.750244
vt 0.444092 0.755371
vt 0.453613 0.776123
vt 0.479736 0.770264
vt 0.427002 0.739502
vt 0.434082 0.761475
vt 0.413086 0.756836
vt 0.444092 0.780273
vt 0.422852 0.776367
vt 0.398193 0.769043
vt 0.396484 0.741455
vt 0.392090 0.720703
vt 0.373291 0.718994
vt 0.377197 0.742676
vt 0.381104 0.756592
vt 0.378906 0.783447
vt 0.400879 0.790283
vt 0.384033 0.799561
vt 0.416748 0.783691
vt 0.407959 0.811768
vt 0.383057 0.820312
vt 0.408691 0.830811
vt 0.416504 0.799316
vt 0.428223 0.815186
vt 0.438232 0.797363
vt 0.424316 0.836426
vt 0.399658 0.849365
vt 0.443604 0.803467
vt 0.438232 0.818604
vt 0.456787 0.799072
vt 0.426025 0.878174
vt 0.446533 0.831299
vt 0.448730 0.852783
vt 0.473633 0.827637
vt 0.488037 0.797607
vt 0.470459 0.863281
vt 0.494629 0.786133
vt 0.447754 0.871338
vt 0.508545 0.768799
vt 0.439697 0.898438
vt 0.463623 0.891113
vt 0.417969 0.901855
vt 0.429443 0.918457
vt 0.442627 0.922852
vt 0.496094 0.752197
vt 0.515869 0.752197
vt 0.525879 0.766357
vt 0.697266 0.067871
vt 0.699707 0.094727
vt 0.682617 0.082275
vt 0.733398 0.109131
vt 0.690674 0.108887
vt 0.709473 0.090576
vt 0.740479 0.103760
vt 0.715576 0.082275
vt 0.715332 0.072266
vt 0.700928 0.046631
vt 0.724365 0.047119
vt 0.742188 0.048340
vt 0.761963 0.084473
vt 0.765869 0.061768
vt 0.746582 0.105469
vt 0.777344 0.089844
vt 0.799805 0.091797
vt 0.579834 0.037109
vt 0.594971 0.007080
vt 0.602295 0.024902
vt 0.606201 0.035156
vt 0.597412 0.045410
vt 0.583496 0.049316
vt 0.621582 0.045410
vt 0.588623 0.054688
vt 0.615234 0.065186
vt 0.975830 0.375732
vt 0.973877 0.389648
vt 0.991943 0.369629
vt 0.999023 0.339600
vt 0.983398 0.325195
vt 0.951416 0.379395
vt 0.961182 0.352051
vt 0.966797 0.322754
vt 0.929199 0.366455
vt 0.931641 0.339600
s 1
usemtl tripo_mat_832f6869-d66a-4a38-b561-9f0b52d2c5bf
f 939/1 960/2 961/3
f 961/3 960/2 983/4
f 983/4 960/2 966/5
f 966/5 960/2 947/6
f 947/6 960/2 939/1
f 961/3 983/4 951/7
f 939/1 961/3 911/8
f 911/8 961/3 951/7
f 951/7 983/4 981/9
f 951/7 981/9 957/10
f 957/10 981/9 958/11
f 957/10 958/11 934/12
f 957/10 934/12 915/13
f 957/10 915/13 951/7
f 915/13 934/12 917/14
f 915/13 917/14 885/15
f 915/13 885/15 908/16
f 915/13 908/16 951/7
f 951/7 908/16 911/8
f 911/8 908/16 882/17
f 882/17 908/16 863/18
f 911/8 882/17 879/19
f 879/19 882/17 843/20
f 911/8 879/19 901/21
f 911/8 901/21 939/1
f 939/1 901/21 918/22
f 939/1 918/22 947/6
f 947/6 918/22 922/23
f 922/23 918/22 896/24
f 922/23 896/24 898/25
f 918/22 901/21 886/26
f 918/22 886/26 896/24
f 898/25 896/24 876/27
f 876/27 896/24 886/26
f 898/25 876/27 878/28
f 878/28 876/27 859/29
f 886/26 901/21 872/30
f 886/26 872/30 876/27
f 872/30 901/21 879/19
f 859/29 876/27 854/31
f 854/31 876/27 872/30
f 854/31 872/30 879/19
f 859/29 854/31 838/32
f 854/31 879/19 841/33
f 934/34 958/35 927/36
f 934/34 927/36 917/37
f 917/37 927/36 930/38
f 927/36 958/35 974/39
f 974/39 958/35 981/40
f 930/38 927/36 937/41
f 973/42 930/38 946/43
f 946/43 930/38 937/41
f 937/41 927/36 940/44
f 940/44 927/36 974/39
f 946/43 937/41 932/45
f 946/43 932/45 963/46
f 963/46 932/45 935/47
f 935/47 932/45 907/48
f 932/45 937/41 931/49
f 932/45 931/49 907/48
f 931/49 937/41 940/44
f 907/48 931/49 910/50
f 907/48 910/50 892/51
f 931/49 940/44 959/52
f 959/52 940/44 974/39
f 910/50 931/49 942/53
f 942/53 931/49 959/52
f 959/52 974/39 972/54
f 959/52 972/54 942/53
f 972/54 974/39 977/55
f 972/54 977/55 942/53
f 977/55 974/39 989/56
f 989/56 974/39 981/40
f 989/56 981/40 988/57
f 988/57 981/40 983/58
f 988/57 983/58 986/59
f 988/57 986/59 989/56
f 986/59 983/58 966/60
f 977/55 989/56 979/61
f 979/61 989/56 986/59
f 977/55 979/61 964/62
f 977/55 964/62 942/53
f 979/61 986/59 967/63
f 967/63 986/59 966/60
f 964/62 979/61 962/64
f 962/64 979/61 967/63
f 942/53 964/62 941/65
f 941/65 964/62 962/64
f 967/63 966/60 956/66
f 956/66 966/60 947/67
f 956/66 947/67 922/68
f 967/63 956/66 949/69
f 967/63 949/69 962/64
f 956/66 922/68 921/70
f 956/66 921/70 949/69
f 921/70 922/68 898/71
f 962/64 949/69 926/72
f 962/64 926/72 941/65
f 949/69 921/70 909/73
f 949/69 909/73 926/72
f 921/70 898/71 884/74
f 921/70 884/74 909/73
f 884/74 898/71 878/75
f 926/72 909/73 904/76
f 926/72 904/76 941/65
f 909/73 884/74 871/77
f 884/74 878/75 864/78
f 884/74 864/78 871/77
f 864/78 878/75 859/79
f 864/78 859/79 846/80
f 864/78 846/80 860/81
f 864/78 860/81 871/77
f 909/73 871/77 880/82
f 880/82 871/77 860/81
f 909/73 880/82 904/76
f 880/82 860/81 888/83
f 880/82 888/83 904/76
f 888/83 860/81 856/84
f 888/83 856/84 873/85
f 873/85 856/84 875/86
f 888/83 873/85 905/87
f 905/87 873/85 875/86
f 904/76 888/83 914/88
f 914/88 888/83 905/87
f 904/76 914/88 941/65
f 941/65 914/88 942/53
f 942/53 914/88 905/87
f 942/53 905/87 910/50
f 905/87 875/86 893/89
f 905/87 893/89 910/50
f 893/89 875/86 874/90
f 910/50 893/89 866/91
f 863/92 908/93 885/94
f 843/95 882/96 863/92
f 843/95 863/92 849/97
f 843/95 849/97 828/98
f 863/92 885/94 858/99
f 863/92 858/99 849/97
f 858/99 885/94 900/100
f 900/100 885/94 917/101
f 849/97 858/99 827/102
f 849/97 827/102 828/98
f 900/100 917/101 930/103
f 858/99 900/100 848/104
f 858/99 848/104 827/102
f 900/100 930/103 912/105
f 912/105 930/103 948/106
f 948/106 930/103 973/107
f 912/105 948/106 903/108
f 900/100 912/105 855/109
f 855/109 912/105 903/108
f 900/100 855/109 848/104
f 855/109 903/108 868/110
f 855/109 868/110 839/111
f 848/104 855/109 833/112
f 833/112 855/109 839/111
f 848/104 833/112 827/102
f 833/112 839/111 830/113
f 833/112 830/113 799/114
f 827/102 833/112 811/115
f 811/115 833/112 799/114
f 811/115 799/114 785/116
f 785/116 799/114 788/117
f 785/116 788/117 775/118
f 811/115 785/116 786/119
f 827/102 811/115 810/120
f 810/120 811/115 786/119
f 827/102 810/120 828/98
f 810/120 786/119 800/121
f 828/98 810/120 813/122
f 813/122 810/120 800/121
f 828/98 813/122 820/123
f 813/122 800/121 795/124
f 820/123 813/122 806/125
f 806/125 813/122 795/124
f 820/123 806/125 825/126
f 806/125 795/124 797/127
f 825/126 806/125 804/128
f 804/128 806/125 797/127
f 843/129 841/130 879/131
f 841/130 843/129 835/132
f 835/132 843/129 828/133
f 835/132 828/133 820/134
f 835/132 820/134 825/135
f 841/130 835/132 838/136
f 838/136 835/132 825/135
f 841/130 838/136 854/137
f 838/136 825/135 831/138
f 846/139 859/140 838/136
f 846/139 838/136 831/138
f 831/138 825/135 818/141
f 818/141 825/135 804/142
f 846/139 831/138 840/143
f 856/144 860/145 846/139
f 856/144 846/139 840/143
f 856/144 840/143 875/146
f 875/146 840/143 862/147
f 875/146 862/147 874/148
f 874/148 862/147 845/149
f 845/149 862/147 840/143
f 874/148 845/149 893/150
f 836/151 840/143 831/138
f 840/143 836/151 845/149
f 836/151 831/138 818/141
f 893/150 845/149 866/152
f 803/153 818/141 804/142
f 818/141 803/153 836/151
f 784/154 804/142 797/155
f 804/142 784/154 803/153
f 866/152 845/149 847/156
f 847/156 845/149 836/151
f 803/153 784/154 782/157
f 782/157 784/154 777/158
f 836/151 803/153 819/159
f 836/151 819/159 842/160
f 836/151 842/160 847/156
f 819/159 803/153 802/161
f 802/161 803/153 782/157
f 819/159 802/161 793/162
f 819/159 793/162 817/163
f 802/161 782/157 763/164
f 763/164 782/157 748/165
f 793/162 802/161 756/166
f 756/166 802/161 763/164
f 793/162 756/166 757/167
f 756/166 763/164 741/168
f 853/169 847/156 842/160
f 883/170 897/171 853/169
f 933/172 935/173 897/171
f 897/171 935/173 889/174
f 897/171 889/174 853/169
f 889/174 935/173 907/175
f 847/156 853/169 865/176
f 865/176 853/169 889/174
f 889/174 907/175 892/177
f 889/174 892/177 865/176
f 847/156 865/176 857/178
f 857/178 865/176 892/177
f 847/156 857/178 866/152
f 866/152 857/178 892/177
f 866/152 892/177 910/179
f 689/180 686/181 703/182
f 703/182 686/181 688/183
f 689/180 703/182 677/184
f 686/181 689/180 646/185
f 686/181 646/185 622/186
f 686/181 622/186 688/183
f 622/186 646/185 23/187
f 688/183 622/186 633/188
f 633/188 622/186 31/189
f 703/182 688/183 692/190
f 703/182 692/190 677/184
f 688/183 633/188 658/191
f 688/183 658/191 692/190
f 658/191 633/188 607/192
f 658/191 607/192 637/193
f 692/190 658/191 675/194
f 675/194 658/191 637/193
f 692/190 675/194 677/184
f 675/194 637/193 626/195
f 675/194 626/195 677/184
f 677/184 626/195 611/196
f 677/184 611/196 663/197
f 677/184 663/197 689/180
f 663/197 611/196 640/198
f 663/197 640/198 689/180
f 640/198 611/196 604/199
f 689/180 640/198 646/185
f 646/185 640/198 604/199
f 694/200 691/201 743/202
f 691/201 694/200 628/203
f 743/202 691/201 739/204
f 739/204 691/201 731/205
f 694/200 743/202 738/206
f 691/201 628/203 648/207
f 691/201 648/207 731/205
f 648/207 628/203 11/208
f 648/207 11/208 601/209
f 648/207 601/209 667/210
f 648/207 667/210 731/205
f 11/208 628/203 609/211
f 731/205 667/210 736/212
f 609/211 628/203 683/213
f 683/213 628/203 694/200
f 683/213 694/200 738/206
f 609/211 683/213 621/214
f 621/214 683/213 673/215
f 673/215 683/213 738/206
f 621/214 673/215 614/216
f 614/216 673/215 634/217
f 754/218 731/205 736/212
f 754/218 736/212 774/219
f 754/218 774/219 797/220
f 731/205 754/218 770/221
f 770/221 754/218 797/220
f 731/205 770/221 739/204
f 770/221 797/220 795/222
f 739/204 770/221 752/223
f 739/204 752/223 743/202
f 770/221 795/222 781/224
f 770/221 781/224 752/223
f 781/224 795/222 800/225
f 781/224 800/225 786/226
f 752/223 781/224 766/227
f 752/223 766/227 743/202
f 766/227 781/224 786/226
f 743/202 766/227 738/206
f 766/227 786/226 764/228
f 764/228 786/226 785/229
f 738/206 766/227 750/230
f 750/230 766/227 764/228
f 764/228 785/229 768/231
f 768/231 785/229 775/232
f 764/228 768/231 758/233
f 764/228 758/233 750/230
f 758/233 768/231 733/234
f 738/206 750/230 737/235
f 737/235 750/230 758/233
f 758/233 733/234 722/236
f 758/233 722/236 737/235
f 722/236 733/234 681/237
f 738/206 737/235 709/238
f 738/206 709/238 673/215
f 737/235 722/236 695/239
f 695/239 722/236 681/237
f 737/235 695/239 709/238
f 673/215 709/238 699/240
f 699/240 709/238 695/239
f 673/215 699/240 634/217
f 695/239 681/237 666/241
f 695/239 666/241 699/240
f 699/240 666/241 634/217
f 666/241 681/237 7/242
f 634/217 666/241 8/243
f 736/244 724/245 765/246
f 736/244 765/246 774/247
f 774/247 765/246 784/248
f 774/247 784/248 797/249
f 784/248 765/246 777/250
f 777/250 765/246 746/251
f 746/251 765/246 724/245
f 777/250 746/251 747/252
f 777/250 747/252 782/253
f 782/253 747/252 748/254
f 682/255 724/245 736/244
f 682/255 736/244 667/256
f 746/251 724/245 711/257
f 746/251 711/257 747/252
f 724/245 682/255 680/258
f 724/245 680/258 711/257
f 682/255 667/256 618/259
f 682/255 618/259 680/258
f 618/259 667/256 22/260
f 22/260 667/256 601/261
f 680/258 618/259 610/262
f 610/262 618/259 33/263
f 680/258 610/262 641/264
f 680/258 641/264 671/265
f 671/265 641/264 610/262
f 680/258 671/265 711/257
f 597/266 610/262 39/267
f 610/262 597/266 671/265
f 711/257 671/265 718/268
f 711/257 718/268 747/252
f 671/265 597/266 656/269
f 747/252 718/268 723/270
f 718/268 671/265 690/271
f 718/268 690/271 723/270
f 690/271 671/265 656/269
f 747/252 723/270 728/272
f 728/272 723/270 690/271
f 747/252 728/272 748/254
f 690/271 656/269 684/273
f 690/271 684/273 728/272
f 644/274 656/269 597/266
f 656/269 644/274 684/273
f 644/274 597/266 9/275
f 644/274 9/275 595/276
f 644/274 595/276 684/273
f 595/276 9/275 20/277
f 595/276 20/277 26/278
f 595/276 26/278 598/279
f 684/273 595/276 649/280
f 649/280 595/276 598/279
f 684/273 649/280 701/281
f 684/273 701/281 728/272
f 649/280 598/279 619/282
f 649/280 619/282 701/281
f 619/282 598/279 87/283
f 701/281 619/282 700/284
f 700/284 619/282 617/285
f 617/285 619/282 61/286
f 701/281 700/284 741/287
f 701/281 741/287 728/272
f 741/287 700/284 756/288
f 728/272 741/287 748/254
f 748/254 741/287 763/289
f 115/290 83/291 97/292
f 97/292 83/291 66/293
f 66/293 83/291 54/294
f 115/290 97/292 124/295
f 115/290 124/295 165/296
f 97/292 66/293 74/297
f 74/297 66/293 54/294
f 124/295 97/292 186/298
f 124/295 186/298 165/296
f 97/292 74/297 141/299
f 97/292 141/299 186/298
f 74/297 54/294 75/300
f 75/300 54/294 59/301
f 75/300 59/301 106/302
f 165/296 186/298 247/303
f 165/296 247/303 223/304
f 223/304 247/303 274/305
f 247/303 186/298 278/306
f 247/303 278/306 274/305
f 274/305 278/306 308/307
f 274/305 308/307 291/308
f 308/307 278/306 285/309
f 278/306 186/298 240/310
f 278/306 240/310 285/309
f 240/310 186/298 141/299
f 285/309 240/310 258/311
f 285/309 258/311 272/312
f 240/310 141/299 170/313
f 240/310 170/313 258/311
f 170/313 141/299 74/297
f 272/312 258/311 237/314
f 258/311 170/313 207/315
f 258/311 207/315 237/314
f 170/313 74/297 98/316
f 170/313 98/316 207/315
f 207/315 98/316 237/314
f 98/316 74/297 75/300
f 98/316 75/300 189/317
f 98/316 189/317 237/314
f 189/317 75/300 106/302
f 189/317 106/302 176/318
f 237/314 189/317 166/319
f 166/319 189/317 114/320
f 166/319 114/320 89/321
f 237/314 166/319 241/322
f 237/314 241/322 284/323
f 166/319 89/321 108/324
f 108/324 89/321 14/325
f 14/325 89/321 17/326
f 166/319 108/324 153/327
f 166/319 153/327 241/322
f 153/327 108/324 92/328
f 92/328 108/324 14/325
f 14/325 17/326 614/329
f 614/329 17/326 602/330
f 14/325 614/329 634/331
f 14/325 634/331 8/332
f 14/325 8/332 92/328
f 199/333 241/322 153/327
f 241/322 199/333 262/334
f 262/334 199/333 208/335
f 199/333 153/327 161/336
f 199/333 161/336 208/335
f 161/336 153/327 92/328
f 208/335 161/336 119/337
f 119/337 161/336 92/328
f 208/335 119/337 217/338
f 217/338 119/337 96/339
f 96/339 119/337 64/340
f 64/340 119/337 92/328
f 96/339 64/340 16/341
f 10/342 92/328 8/332
f 92/328 10/342 64/340
f 10/342 8/332 666/343
f 10/342 666/343 7/344
f 10/342 7/344 64/340
f 64/340 7/344 16/341
f 16/341 7/344 608/345
f 608/345 7/344 681/346
f 83/347 115/348 120/349
f 120/349 115/348 183/350
f 183/350 115/348 165/351
f 183/350 165/351 223/352
f 183/350 223/352 232/353
f 232/353 223/352 274/354
f 232/353 274/354 291/355
f 183/350 232/353 194/356
f 183/350 194/356 120/349
f 232/353 291/355 271/357
f 271/357 291/355 295/358
f 194/356 232/353 225/359
f 225/359 232/353 271/357
f 271/357 295/358 259/360
f 271/357 259/360 225/359
f 259/360 295/358 279/361
f 194/356 225/359 140/362
f 194/356 140/362 120/349
f 225/359 259/360 198/363
f 259/360 279/361 234/364
f 259/360 234/364 198/363
f 234/364 279/361 230/365
f 234/364 230/365 176/366
f 234/364 176/366 182/367
f 234/364 182/367 198/363
f 182/367 176/366 106/368
f 225/359 198/363 148/369
f 225/359 148/369 140/362
f 198/363 182/367 122/370
f 198/363 122/370 148/369
f 182/367 106/368 101/371
f 182/367 101/371 122/370
f 101/371 106/368 59/372
f 148/369 122/370 105/373
f 105/373 122/370 101/371
f 148/369 105/373 140/362
f 105/373 101/371 59/372
f 140/362 105/373 72/374
f 72/374 105/373 59/372
f 140/362 72/374 120/349
f 72/374 59/372 54/375
f 120/349 72/374 83/347
f 83/347 72/374 54/375
f 29/376 611/377 626/378
f 611/377 29/376 38/379
f 611/377 38/379 604/380
f 29/376 626/378 65/381
f 65/381 626/378 637/382
f 38/379 29/376 73/383
f 73/383 29/376 65/381
f 65/381 637/382 41/384
f 41/384 637/382 607/385
f 73/383 65/381 123/386
f 123/386 65/381 41/384
f 41/384 607/385 34/387
f 41/384 34/387 609/388
f 609/388 34/387 11/389
f 41/384 609/388 63/390
f 41/384 63/390 123/386
f 63/390 609/388 621/391
f 614/392 602/393 621/391
f 621/391 602/393 17/394
f 621/391 17/394 63/390
f 63/390 17/394 89/395
f 63/390 89/395 114/396
f 63/390 114/396 123/386
f 189/397 176/398 114/396
f 114/396 176/398 154/399
f 114/396 154/399 123/386
f 154/399 176/398 230/400
f 279/401 315/402 230/400
f 230/400 315/402 252/403
f 230/400 252/403 154/399
f 252/403 315/402 245/404
f 245/404 315/402 290/405
f 154/399 252/403 195/406
f 195/406 252/403 245/404
f 245/404 290/405 256/407
f 195/406 245/404 204/408
f 204/408 245/404 256/407
f 195/406 204/408 131/409
f 131/409 204/408 224/410
f 224/410 204/408 256/407
f 224/410 256/407 254/411
f 254/411 256/407 310/412
f 195/406 131/409 133/413
f 195/406 133/413 154/399
f 154/399 133/413 130/414
f 154/399 130/414 123/386
f 130/414 133/413 86/415
f 86/415 133/413 78/416
f 123/386 130/414 103/417
f 103/417 130/414 86/415
f 123/386 103/417 73/383
f 86/415 78/416 31/418
f 73/383 103/417 38/379
f 38/379 103/417 44/419
f 44/419 103/417 86/415
f 38/379 44/419 604/380
f 86/415 31/418 23/420
f 86/415 23/420 44/419
f 44/419 23/420 604/380
f 23/420 31/418 622/421
f 604/380 23/420 646/422
f 633/423 45/424 607/425
f 45/424 633/423 31/426
f 607/425 45/424 34/427
f 45/424 31/426 78/428
f 45/424 78/428 34/427
f 34/427 78/428 11/429
f 11/429 78/428 57/430
f 11/429 57/430 601/431
f 601/431 57/430 22/432
f 22/432 57/430 113/433
f 57/430 78/428 131/434
f 131/434 78/428 133/435
f 113/433 57/430 138/436
f 138/436 57/430 131/434
f 113/433 138/436 203/437
f 138/436 131/434 224/438
f 138/436 224/438 203/437
f 22/439 125/440 32/441
f 22/439 32/441 618/442
f 618/442 32/441 33/443
f 125/440 22/439 113/444
f 33/443 32/441 94/445
f 94/445 32/441 125/440
f 33/443 94/445 15/446
f 15/446 94/445 615/447
f 615/447 94/445 48/448
f 125/440 113/444 190/449
f 190/449 113/444 203/450
f 125/440 190/449 196/451
f 196/451 190/449 203/450
f 94/445 125/440 132/452
f 132/452 125/440 196/451
f 48/448 94/445 93/453
f 93/453 94/445 132/452
f 48/448 93/453 19/454
f 196/451 203/450 254/455
f 254/455 203/450 224/456
f 93/453 132/452 117/457
f 196/451 254/455 263/458
f 263/458 254/455 324/459
f 19/454 93/453 84/460
f 84/460 93/453 117/457
f 19/454 84/460 592/461
f 592/461 84/460 53/462
f 53/462 84/460 117/457
f 147/463 117/457 132/452
f 216/464 132/452 196/451
f 132/452 216/464 147/463
f 216/464 196/451 263/458
f 147/463 216/464 236/465
f 236/465 216/464 263/458
f 236/465 263/458 298/466
f 236/465 298/466 314/467
f 674/468 687/469 702/470
f 674/468 702/470 697/471
f 697/471 702/470 698/472
f 674/468 697/471 645/473
f 698/472 702/470 693/474
f 693/474 702/470 687/469
f 697/471 698/472 670/475
f 697/471 670/475 645/473
f 674/468 645/473 615/476
f 615/476 645/473 15/477
f 674/468 615/476 631/478
f 674/468 631/478 687/469
f 631/478 615/476 48/479
f 631/478 48/479 19/480
f 15/477 645/473 629/481
f 629/481 645/473 670/475
f 15/477 629/481 33/482
f 33/482 629/481 35/483
f 35/483 629/481 632/484
f 632/484 629/481 670/475
f 631/478 19/480 636/485
f 631/478 636/485 687/469
f 636/485 19/480 592/486
f 632/484 670/475 668/487
f 668/487 670/475 698/472
f 632/484 668/487 623/488
f 632/484 623/488 80/489
f 668/487 698/472 651/490
f 668/487 651/490 623/488
f 80/489 623/488 28/491
f 28/491 623/488 651/490
f 651/490 698/472 693/474
f 651/490 693/474 679/492
f 679/492 693/474 687/469
f 28/491 651/490 620/493
f 620/493 651/490 679/492
f 28/491 620/493 47/494
f 679/492 687/469 652/495
f 679/492 652/495 620/493
f 652/495 687/469 636/485
f 652/495 636/485 592/486
f 620/493 652/495 596/496
f 596/496 652/495 592/486
f 620/493 596/496 53/497
f 53/497 596/496 592/486
f 33/498 39/499 610/500
f 39/499 33/498 35/501
f 39/499 35/501 79/502
f 632/503 80/504 35/501
f 35/501 80/504 79/502
f 39/499 79/502 69/505
f 39/499 69/505 597/506
f 597/506 69/505 9/507
f 69/505 79/502 152/508
f 69/505 152/508 174/509
f 174/509 152/508 197/510
f 239/511 197/510 236/512
f 236/512 197/510 147/513
f 147/513 197/510 152/508
f 152/508 79/502 135/514
f 152/508 135/514 147/513
f 135/514 79/502 80/504
f 147/513 135/514 117/515
f 135/514 80/504 47/516
f 135/514 47/516 117/515
f 47/516 80/504 28/517
f 117/515 47/516 53/518
f 53/518 47/516 620/519
f 134/520 77/521 71/522
f 71/522 77/521 55/523
f 134/520 71/522 129/524
f 129/524 71/522 82/525
f 82/525 71/522 55/523
f 134/520 129/524 222/526
f 134/520 222/526 193/527
f 193/527 222/526 231/528
f 126/529 77/521 134/520
f 126/529 134/520 193/527
f 193/527 231/528 238/530
f 193/527 238/530 191/531
f 193/527 191/531 126/529
f 191/531 238/530 160/532
f 191/531 160/532 126/529
f 77/521 126/529 68/533
f 77/521 68/533 55/523
f 126/529 160/532 109/534
f 126/529 109/534 68/533
f 160/532 238/530 206/535
f 55/523 68/533 88/536
f 88/536 68/533 109/534
f 206/535 238/530 264/537
f 109/534 160/532 155/538
f 155/538 160/532 206/535
f 109/534 155/538 116/539
f 109/534 116/539 88/536
f 155/538 206/535 210/540
f 206/535 264/537 233/541
f 206/535 233/541 210/540
f 233/541 264/537 273/542
f 233/541 273/542 260/543
f 260/543 273/542 261/544
f 233/541 260/543 215/545
f 233/541 215/545 210/540
f 215/545 260/543 261/544
f 158/546 155/538 210/540
f 158/546 210/540 215/545
f 155/538 158/546 116/539
f 215/545 261/544 188/547
f 215/545 188/547 158/546
f 188/547 261/544 248/548
f 116/539 158/546 121/549
f 121/549 158/546 188/547
f 116/539 121/549 88/536
f 188/547 248/548 171/550
f 188/547 171/550 121/549
f 171/550 248/548 201/551
f 121/549 171/550 110/552
f 110/552 171/550 201/551
f 121/549 110/552 88/536
f 110/552 201/551 139/553
f 139/553 201/551 136/554
f 88/536 110/552 85/555
f 85/555 110/552 139/553
f 85/555 139/553 136/554
f 88/536 85/555 55/523
f 85/555 136/554 70/556
f 85/555 70/556 55/523
f 70/556 136/554 150/557
f 55/523 70/556 82/525
f 82/525 70/556 150/557
f 20/558 9/559 56/560
f 20/558 56/560 40/561
f 20/558 40/561 26/562
f 56/560 9/559 128/563
f 128/563 9/559 69/564
f 128/563 69/564 174/565
f 128/563 174/565 180/566
f 128/563 180/566 179/567
f 179/567 180/566 244/568
f 128/563 179/567 163/569
f 163/569 179/567 244/568
f 128/563 163/569 56/560
f 163/569 244/568 243/570
f 243/570 244/568 269/571
f 56/560 163/569 159/572
f 159/572 163/569 243/570
f 243/570 269/571 303/573
f 303/573 269/571 304/574
f 243/570 303/573 265/575
f 265/575 303/573 321/576
f 159/572 243/570 202/577
f 202/577 243/570 265/575
f 56/560 159/572 99/578
f 99/578 159/572 202/577
f 56/560 99/578 40/561
f 40/561 99/578 26/562
f 26/562 99/578 87/579
f 26/562 87/579 598/580
f 87/579 99/578 173/581
f 99/578 202/577 178/582
f 99/578 178/582 173/581
f 178/582 202/577 265/575
f 173/581 178/582 219/583
f 173/581 219/583 250/584
f 250/584 219/583 257/585
f 257/585 219/583 178/582
f 257/585 178/582 265/575
f 257/585 265/575 317/586
f 938/587 948/588 968/589
f 948/588 938/587 903/590
f 903/590 938/587 923/591
f 968/589 948/588 973/592
f 923/591 938/587 945/593
f 945/593 938/587 968/589
f 968/589 973/592 984/594
f 984/594 973/592 996/595
f 968/589 984/594 978/596
f 968/589 978/596 945/593
f 984/594 996/595 992/597
f 984/594 992/597 978/596
f 923/591 945/593 924/598
f 923/591 924/598 891/599
f 891/599 924/598 913/600
f 913/600 924/598 929/601
f 913/600 929/601 881/602
f 924/598 945/593 953/603
f 924/598 953/603 929/601
f 881/602 929/601 925/604
f 881/602 925/604 869/605
f 929/601 953/603 954/606
f 929/601 954/606 925/604
f 869/605 925/604 902/607
f 953/603 945/593 976/608
f 976/608 945/593 978/596
f 953/603 976/608 969/609
f 953/603 969/609 954/606
f 969/609 976/608 991/610
f 969/609 991/610 954/606
f 976/608 978/596 993/611
f 976/608 993/611 991/610
f 993/611 978/596 992/597
f 991/610 993/611 1001/612
f 1001/612 993/611 992/597
f 954/606 991/610 975/613
f 1001/612 992/597 1002/614
f 1002/614 992/597 996/595
f 991/610 1001/612 995/615
f 991/610 995/615 975/613
f 1001/612 1002/614 1000/616
f 1001/612 1000/616 995/615
f 1002/614 996/595 998/617
f 998/617 996/595 987/618
f 1000/616 1002/614 999/619
f 999/619 1002/614 998/617
f 995/615 1000/616 997/620
f 997/620 1000/616 999/619
f 995/615 997/620 985/621
f 995/615 985/621 975/613
f 997/620 999/619 990/622
f 997/620 990/622 985/621
f 999/619 998/617 994/623
f 999/619 994/623 990/622
f 994/623 998/617 982/624
f 982/624 998/617 987/618
f 990/622 994/623 971/625
f 971/625 994/623 982/624
f 982/624 987/618 965/626
f 982/624 965/626 971/625
f 965/626 987/618 963/627
f 965/626 963/627 935/628
f 965/626 935/628 933/629
f 965/626 933/629 950/630
f 965/626 950/630 971/625
f 971/625 950/630 944/631
f 970/632 990/622 971/625
f 970/632 971/625 944/631
f 990/622 970/632 985/621
f 970/632 944/631 936/633
f 970/632 936/633 952/634
f 970/632 952/634 985/621
f 952/634 936/633 928/635
f 985/621 952/634 955/636
f 952/634 928/635 920/637
f 952/634 920/637 955/636
f 920/637 928/635 894/638
f 985/621 955/636 975/613
f 975/613 955/636 943/639
f 975/613 943/639 954/606
f 954/606 943/639 925/604
f 943/639 955/636 916/640
f 943/639 916/640 925/604
f 916/640 955/636 920/637
f 925/604 916/640 902/607
f 899/641 920/637 894/638
f 920/637 899/641 916/640
f 899/641 894/638 870/642
f 870/642 894/638 861/643
f 916/640 899/641 890/644
f 890/644 899/641 870/642
f 916/640 890/644 902/607
f 890/644 870/642 867/645
f 890/644 867/645 902/607
f 980/646 946/647 963/648
f 946/647 980/646 973/649
f 980/646 963/648 987/650
f 973/649 980/646 996/651
f 996/651 980/646 987/650
f 919/652 950/653 933/654
f 919/652 933/654 897/655
f 950/653 919/652 944/656
f 919/652 897/655 883/657
f 944/656 919/652 906/658
f 906/658 919/652 883/657
f 944/656 906/658 936/659
f 906/658 883/657 877/660
f 906/658 877/660 895/661
f 906/658 895/661 936/659
f 895/661 877/660 861/662
f 895/661 861/662 894/663
f 895/661 894/663 936/659
f 936/659 894/663 928/664
f 887/665 868/666 903/667
f 887/665 903/667 923/668
f 887/665 923/668 891/669
f 868/666 887/665 850/670
f 850/670 887/665 891/669
f 868/666 850/670 839/671
f 839/671 850/670 830/672
f 913/673 881/674 891/669
f 891/669 881/674 851/675
f 891/669 851/675 850/670
f 851/675 881/674 869/676
f 830/672 850/670 826/677
f 826/677 850/670 851/675
f 830/672 826/677 815/678
f 830/672 815/678 799/679
f 799/679 815/678 788/680
f 826/677 851/675 837/681
f 837/681 851/675 869/676
f 815/678 826/677 807/682
f 807/682 826/677 837/681
f 815/678 807/682 787/683
f 807/682 837/681 821/684
f 807/682 821/684 796/685
f 837/681 869/676 852/686
f 796/685 821/684 812/687
f 796/685 812/687 792/688
f 821/684 837/681 829/689
f 829/689 837/681 852/686
f 821/684 829/689 812/687
f 852/686 869/676 867/690
f 867/690 869/676 902/691
f 792/688 812/687 790/692
f 793/693 757/694 790/692
f 793/693 790/692 817/695
f 817/695 790/692 812/687
f 852/686 867/690 844/696
f 844/696 867/690 870/697
f 844/696 870/697 861/698
f 852/686 844/696 832/699
f 852/686 832/699 829/689
f 829/689 832/699 812/687
f 832/699 844/696 834/700
f 832/699 834/700 812/687
f 834/700 844/696 861/698
f 812/687 834/700 817/695
f 834/700 861/698 842/701
f 834/700 842/701 817/695
f 817/695 842/701 819/702
f 842/701 861/698 877/703
f 842/701 877/703 853/704
f 853/704 877/703 883/705
f 768/706 740/707 733/708
f 740/707 768/706 775/709
f 733/708 740/707 708/710
f 733/708 708/710 681/711
f 681/711 708/710 635/712
f 681/711 635/712 608/713
f 635/712 708/710 627/714
f 627/714 708/710 706/715
f 706/715 708/710 740/707
f 627/714 706/715 647/716
f 762/717 740/707 775/709
f 762/717 775/709 788/718
f 706/715 740/707 751/719
f 751/719 740/707 762/717
f 762/717 788/718 787/720
f 762/717 787/720 751/719
f 787/720 788/718 815/721
f 660/722 647/716 706/715
f 647/716 660/722 605/723
f 706/715 751/719 713/724
f 706/715 713/724 660/722
f 807/725 796/726 787/720
f 787/720 796/726 767/727
f 742/728 751/719 787/720
f 742/728 787/720 767/727
f 751/719 742/728 713/724
f 742/728 767/727 744/729
f 659/730 660/722 713/724
f 660/722 659/730 3/731
f 713/724 742/728 715/732
f 713/724 715/732 659/730
f 715/732 742/728 744/729
f 659/730 715/732 669/733
f 659/730 669/733 593/734
f 669/733 715/732 707/735
f 669/733 707/735 630/736
f 707/735 715/732 744/729
f 771/737 744/729 767/727
f 638/738 707/735 726/739
f 707/735 744/729 760/740
f 707/735 760/740 726/739
f 744/729 771/737 780/741
f 744/729 780/741 760/740
f 760/740 780/741 791/742
f 726/739 760/740 789/743
f 789/743 760/740 791/742
f 726/739 789/743 759/744
f 759/744 789/743 779/745
f 791/742 780/741 816/746
f 816/746 780/741 771/737
f 791/742 816/746 789/743
f 779/745 789/743 814/747
f 814/747 789/743 816/746
f 779/745 814/747 783/748
f 783/748 814/747 801/749
f 814/747 816/746 824/750
f 816/746 771/737 805/751
f 805/751 771/737 761/752
f 824/750 816/746 822/753
f 822/753 816/746 805/751
f 814/747 824/750 823/754
f 823/754 824/750 822/753
f 814/747 823/754 801/749
f 805/751 761/752 809/755
f 805/751 809/755 822/753
f 822/753 809/755 823/754
f 809/755 761/752 753/756
f 801/749 823/754 798/757
f 801/749 798/757 773/758
f 773/758 798/757 772/759
f 798/757 823/754 794/760
f 798/757 794/760 772/759
f 823/754 809/755 808/761
f 808/761 809/755 753/756
f 823/754 808/761 794/760
f 808/761 753/756 755/762
f 755/762 753/756 710/763
f 794/760 808/761 778/764
f 794/760 778/764 772/759
f 778/764 808/761 755/762
f 778/764 755/762 710/763
f 772/759 778/764 696/765
f 696/765 778/764 710/763
f 792/766 790/767 769/768
f 769/768 790/767 757/769
f 792/766 769/768 745/770
f 769/768 757/769 749/771
f 769/768 749/771 745/770
f 792/766 745/770 753/772
f 792/766 753/772 761/773
f 792/766 761/773 796/774
f 796/774 761/773 767/775
f 767/775 761/773 771/776
f 749/771 757/769 727/777
f 727/777 757/769 756/778
f 727/777 756/778 700/779
f 727/777 700/779 676/780
f 676/780 700/779 617/781
f 749/771 727/777 720/782
f 720/782 727/777 676/780
f 43/783 617/781 61/784
f 617/781 43/783 603/785
f 617/781 603/785 676/780
f 720/782 676/780 653/786
f 653/786 676/780 603/785
f 653/786 603/785 599/787
f 599/787 603/785 21/788
f 653/786 599/787 685/789
f 653/786 685/789 720/782
f 685/789 599/787 600/790
f 685/789 600/790 665/791
f 720/782 685/789 716/792
f 720/782 716/792 749/771
f 716/792 685/789 665/791
f 749/771 716/792 745/770
f 745/770 716/792 730/793
f 730/793 716/792 665/791
f 745/770 730/793 753/772
f 753/772 730/793 710/794
f 624/795 710/794 665/791
f 710/794 730/793 712/796
f 712/796 730/793 665/791
f 712/796 665/791 710/794
f 783/797 732/798 779/799
f 779/799 732/798 714/800
f 779/799 714/800 759/801
f 732/798 783/797 776/802
f 776/802 783/797 801/803
f 776/802 801/803 773/804
f 732/798 776/802 725/805
f 725/805 776/802 773/804
f 759/801 714/800 719/806
f 759/801 719/806 726/807
f 726/807 719/806 638/808
f 719/806 714/800 655/809
f 638/808 719/806 613/810
f 613/810 719/806 655/809
f 638/808 613/810 630/811
f 638/808 630/811 707/812
f 655/809 714/800 678/813
f 655/809 678/813 612/814
f 678/813 714/800 705/815
f 705/815 714/800 732/798
f 612/814 678/813 642/816
f 642/816 678/813 705/815
f 612/814 642/816 2/817
f 705/815 732/798 704/818
f 2/817 642/816 654/819
f 654/819 642/816 705/815
f 654/819 705/815 704/818
f 2/817 654/819 606/820
f 606/820 654/819 661/821
f 661/821 654/819 704/818
f 606/820 661/821 625/822
f 725/805 704/818 732/798
f 625/822 661/821 650/823
f 625/822 650/823 616/824
f 625/822 616/824 12/825
f 650/823 661/821 672/826
f 650/823 672/826 616/824
f 672/826 661/821 704/818
f 616/824 672/826 643/827
f 616/824 643/827 6/828
f 6/828 643/827 594/829
f 672/826 704/818 717/830
f 672/826 717/830 643/827
f 717/830 704/818 725/805
f 594/829 643/827 664/831
f 664/831 643/827 717/830
f 594/829 664/831 639/832
f 594/829 639/832 30/833
f 664/831 717/830 721/834
f 721/834 717/830 725/805
f 664/831 721/834 639/832
f 721/834 725/805 734/835
f 721/834 734/835 639/832
f 734/835 725/805 773/804
f 734/835 773/804 729/836
f 734/835 729/836 639/832
f 729/836 773/804 772/837
f 639/832 729/836 662/838
f 639/832 662/838 4/839
f 729/836 772/837 735/840
f 729/836 735/840 662/838
f 735/840 772/837 696/841
f 4/839 662/838 657/842
f 657/842 662/838 735/840
f 657/842 735/840 696/841
f 4/839 657/842 624/843
f 657/842 696/841 710/844
f 657/842 710/844 624/843
f 52/845 16/846 18/847
f 18/847 16/846 608/848
f 18/847 608/848 635/849
f 16/846 52/845 96/850
f 18/847 635/849 627/851
f 18/847 627/851 13/852
f 18/847 13/852 52/845
f 13/852 627/851 647/853
f 96/850 52/845 175/854
f 96/850 175/854 217/855
f 217/855 175/854 255/856
f 175/854 52/845 137/857
f 137/857 52/845 13/852
f 255/856 175/854 212/858
f 212/858 175/854 137/857
f 255/856 212/858 266/859
f 255/856 266/859 313/860
f 313/860 266/859 322/861
f 266/859 212/858 205/862
f 205/862 212/858 137/857
f 322/861 266/859 276/863
f 276/863 266/859 205/862
f 322/861 276/863 340/864
f 205/862 137/857 157/865
f 340/864 276/863 270/866
f 270/866 276/863 205/862
f 340/864 270/866 316/867
f 340/864 316/867 385/868
f 385/868 316/867 335/869
f 157/865 137/857 95/870
f 205/862 157/865 181/871
f 205/862 181/871 270/866
f 181/871 157/865 95/870
f 95/870 137/857 13/852
f 270/866 181/871 235/872
f 270/866 235/872 316/867
f 297/873 335/869 316/867
f 297/873 316/867 235/872
f 335/869 297/873 358/874
f 380/875 358/874 347/876
f 347/876 358/874 297/873
f 347/876 297/873 292/877
f 142/878 235/872 181/871
f 292/877 297/873 267/879
f 292/877 267/879 253/880
f 221/881 297/873 235/872
f 297/873 221/881 267/879
f 221/881 235/872 142/878
f 253/880 267/879 167/882
f 267/879 221/881 172/883
f 267/879 172/883 167/882
f 172/883 221/881 142/878
f 167/882 172/883 100/884
f 100/884 172/883 142/878
f 167/882 100/884 46/885
f 46/885 100/884 593/886
f 46/885 593/886 630/887
f 100/884 142/878 37/888
f 100/884 37/888 593/886
f 37/888 142/878 76/889
f 76/889 142/878 181/871
f 593/886 37/888 3/890
f 3/890 37/888 76/889
f 593/886 3/890 659/891
f 76/889 181/871 95/870
f 3/890 76/889 42/892
f 42/892 76/889 95/870
f 3/890 42/892 605/893
f 3/890 605/893 660/894
f 42/892 95/870 5/895
f 42/892 5/895 605/893
f 5/895 95/870 13/852
f 605/893 5/895 647/853
f 647/853 5/895 13/852
f 669/896 630/897 593/898
f 27/899 630/900 613/901
f 630/900 27/899 46/902
f 46/902 27/899 145/903
f 46/902 145/903 167/904
f 27/899 613/901 60/905
f 27/899 60/905 145/903
f 167/904 145/903 253/906
f 60/905 613/901 36/907
f 36/907 613/901 655/908
f 36/907 655/908 612/909
f 36/907 612/909 62/910
f 62/910 612/909 2/911
f 60/905 36/907 107/912
f 107/912 36/907 62/910
f 184/913 145/903 60/905
f 184/913 60/905 107/912
f 145/903 184/913 228/914
f 145/903 228/914 253/906
f 184/913 107/912 169/915
f 184/913 169/915 228/914
f 107/912 62/910 146/916
f 107/912 146/916 169/915
f 81/917 62/910 2/911
f 62/910 81/917 146/916
f 81/917 2/911 606/918
f 81/917 606/918 12/919
f 12/919 606/918 625/920
f 146/916 81/917 91/921
f 91/921 81/917 12/919
f 91/921 12/919 58/922
f 58/922 12/919 616/923
f 146/916 91/921 151/924
f 151/924 91/921 58/922
f 58/922 616/923 6/925
f 146/916 151/924 185/926
f 146/916 185/926 169/915
f 151/924 58/922 162/927
f 151/924 162/927 185/926
f 58/922 6/925 104/928
f 58/922 104/928 162/927
f 104/928 6/925 50/929
f 50/929 6/925 594/930
f 50/929 594/930 30/931
f 104/928 50/929 118/932
f 104/928 118/932 162/927
f 50/929 30/931 51/933
f 50/929 51/933 118/932
f 639/934 4/935 30/931
f 30/931 4/935 51/933
f 162/927 118/932 164/936
f 164/936 118/932 51/933
f 51/933 4/935 24/937
f 24/937 4/935 624/938
f 164/936 51/933 144/939
f 144/939 51/933 24/937
f 162/927 164/936 226/940
f 164/936 144/939 213/941
f 164/936 213/941 226/940
f 144/939 24/937 156/942
f 144/939 156/942 213/941
f 156/942 24/937 90/943
f 90/943 24/937 1/944
f 213/941 156/942 249/945
f 213/941 249/945 226/940
f 90/943 1/944 25/946
f 218/947 162/927 226/940
f 162/927 218/947 185/926
f 218/947 226/940 246/948
f 246/948 226/940 249/945
f 185/926 218/947 214/949
f 214/949 218/947 246/948
f 185/926 214/949 169/915
f 169/915 214/949 228/914
f 228/914 214/949 246/948
f 228/914 246/948 253/906
f 253/906 246/948 301/950
f 253/906 301/950 292/951
f 292/951 301/950 347/952
f 301/950 246/948 307/953
f 307/953 246/948 249/945
f 347/952 301/950 341/954
f 341/954 301/950 307/953
f 347/952 341/954 392/955
f 392/955 341/954 344/956
f 344/956 341/954 307/953
f 344/956 307/953 302/957
f 302/957 307/953 249/945
f 344/956 302/957 345/958
f 345/958 302/957 319/959
f 302/957 249/945 211/960
f 319/959 302/957 275/961
f 211/960 249/945 156/942
f 275/961 302/957 211/960
f 319/959 275/961 320/962
f 320/962 275/961 280/963
f 211/960 156/942 90/943
f 275/961 211/960 200/964
f 200/964 211/960 90/943
f 280/963 275/961 177/965
f 177/965 275/961 200/964
f 220/966 287/967 280/963
f 220/966 280/963 177/965
f 200/964 90/943 111/968
f 200/964 111/968 177/965
f 111/968 90/943 49/969
f 49/969 90/943 25/946
f 49/969 25/946 21/970
f 111/968 49/969 102/971
f 102/971 49/969 21/970
f 111/968 102/971 177/965
f 187/972 220/966 177/965
f 220/966 187/972 242/973
f 177/965 102/971 149/974
f 177/965 149/974 187/972
f 242/973 187/972 209/975
f 149/974 102/971 143/976
f 149/974 143/976 187/972
f 67/977 102/971 21/970
f 102/971 67/977 143/976
f 67/977 21/970 603/978
f 67/977 603/978 43/979
f 209/975 187/972 127/980
f 127/980 187/972 143/976
f 127/980 143/976 67/977
f 127/980 67/977 43/979
f 209/975 127/980 112/981
f 112/981 127/980 43/979
f 112/981 43/979 61/982
f 112/981 61/982 168/983
f 61/984 619/985 87/986
f 1/987 665/988 600/989
f 665/988 1/987 624/990
f 624/990 1/987 24/991
f 1/987 600/989 25/992
f 25/992 600/989 599/993
f 25/992 599/993 21/994
f 241/995 325/996 284/997
f 325/996 241/995 262/998
f 272/999 237/1000 284/997
f 272/999 284/997 296/1001
f 272/999 296/1001 285/1002
f 285/1002 296/1001 308/1003
f 325/996 262/998 299/1004
f 299/1004 262/998 208/1005
f 299/1004 208/1005 277/1006
f 299/1004 277/1006 323/1007
f 299/1004 323/1007 325/996
f 325/996 323/1007 343/1008
f 325/996 343/1008 375/1009
f 325/996 375/1009 369/1010
f 369/1010 375/1009 400/1011
f 327/1012 284/997 325/996
f 327/1012 325/996 369/1010
f 284/997 327/1012 296/1001
f 369/1010 400/1011 390/1013
f 327/1012 369/1010 363/1014
f 363/1014 369/1010 390/1013
f 327/1012 363/1014 342/1015
f 327/1012 342/1015 296/1001
f 390/1013 400/1011 427/1016
f 427/1016 400/1011 428/1017
f 363/1014 390/1013 414/1018
f 414/1018 390/1013 427/1016
f 342/1015 363/1014 371/1019
f 371/1019 363/1014 414/1018
f 296/1001 342/1015 305/1020
f 414/1018 427/1016 440/1021
f 440/1021 427/1016 465/1022
f 414/1018 440/1021 425/1023
f 414/1018 425/1023 371/1019
f 440/1021 465/1022 479/1024
f 479/1024 465/1022 528/1025
f 479/1024 528/1025 521/1026
f 479/1024 521/1026 530/1027
f 440/1021 479/1024 443/1028
f 440/1021 443/1028 425/1023
f 479/1024 530/1027 466/1029
f 479/1024 466/1029 443/1028
f 466/1029 530/1027 501/1030
f 501/1030 530/1027 533/1031
f 466/1029 501/1030 458/1032
f 466/1029 458/1032 434/1033
f 466/1029 434/1033 443/1028
f 407/1034 425/1023 443/1028
f 425/1023 407/1034 371/1019
f 443/1028 434/1033 403/1035
f 443/1028 403/1035 407/1034
f 426/1036 398/1037 434/1033
f 434/1033 398/1037 403/1035
f 371/1019 407/1034 367/1038
f 367/1038 407/1034 403/1035
f 371/1019 367/1038 338/1039
f 371/1019 338/1039 342/1015
f 367/1038 403/1035 352/1040
f 342/1015 338/1039 305/1020
f 367/1038 352/1040 315/1041
f 367/1038 315/1041 338/1039
f 305/1020 338/1039 279/1042
f 279/1042 338/1039 315/1041
f 305/1020 279/1042 295/1043
f 315/1041 352/1040 332/1044
f 332/1044 352/1040 403/1035
f 315/1041 332/1044 290/1045
f 290/1045 332/1044 310/1046
f 290/1045 310/1046 256/1047
f 332/1044 403/1035 355/1048
f 332/1044 355/1048 310/1046
f 310/1046 355/1048 324/1049
f 355/1048 403/1035 398/1037
f 355/1048 398/1037 378/1050
f 311/1051 305/1020 295/1043
f 305/1020 311/1051 296/1001
f 311/1051 295/1043 291/1052
f 296/1001 311/1051 308/1003
f 308/1003 311/1051 291/1052
f 404/1053 400/1054 375/1055
f 400/1054 404/1053 428/1056
f 404/1053 375/1055 359/1057
f 359/1057 375/1055 343/1058
f 359/1057 343/1058 323/1059
f 427/1060 428/1056 470/1061
f 470/1061 428/1056 488/1062
f 488/1062 428/1056 412/1063
f 412/1063 428/1056 404/1053
f 404/1053 359/1057 372/1064
f 404/1053 372/1064 412/1063
f 359/1057 323/1059 328/1065
f 359/1057 328/1065 372/1064
f 488/1062 412/1063 442/1066
f 328/1065 323/1059 289/1067
f 289/1067 323/1059 277/1068
f 289/1067 277/1068 217/1069
f 217/1069 277/1068 208/1070
f 289/1067 217/1069 255/1071
f 289/1067 255/1071 313/1072
f 289/1067 313/1072 328/1065
f 328/1065 313/1072 334/1073
f 334/1073 313/1072 322/1074
f 346/1075 372/1064 328/1065
f 346/1075 328/1065 334/1073
f 372/1064 346/1075 368/1076
f 346/1075 334/1073 361/1077
f 346/1075 361/1077 368/1076
f 334/1073 322/1074 349/1078
f 349/1078 322/1074 340/1079
f 334/1073 349/1078 348/1080
f 334/1073 348/1080 361/1077
f 348/1080 349/1078 377/1081
f 348/1080 377/1081 361/1077
f 349/1078 340/1079 357/1082
f 349/1078 357/1082 377/1081
f 357/1082 340/1079 385/1083
f 361/1077 377/1081 409/1084
f 401/1085 368/1076 361/1077
f 401/1085 361/1077 409/1084
f 399/1086 372/1064 368/1076
f 372/1064 399/1086 412/1063
f 368/1076 401/1085 405/1087
f 368/1076 405/1087 399/1086
f 412/1063 399/1086 435/1088
f 435/1088 399/1086 405/1087
f 412/1063 435/1088 442/1066
f 405/1087 401/1085 461/1089
f 405/1087 461/1089 435/1088
f 461/1089 401/1085 457/1090
f 457/1090 401/1085 409/1084
f 435/1088 461/1089 487/1091
f 442/1066 435/1088 459/1092
f 459/1092 435/1088 487/1091
f 442/1066 459/1092 484/1093
f 442/1066 484/1093 483/1094
f 484/1093 459/1092 507/1095
f 507/1095 459/1092 487/1091
f 499/1096 461/1089 457/1090
f 461/1089 499/1096 487/1091
f 507/1095 487/1091 514/1097
f 514/1097 487/1091 499/1096
f 507/1095 514/1097 513/1098
f 513/1098 514/1097 519/1099
f 519/1099 514/1097 499/1096
f 513/1098 519/1099 497/1100
f 499/1096 457/1090 475/1101
f 499/1096 475/1101 519/1099
f 475/1101 457/1090 430/1102
f 430/1102 457/1090 409/1084
f 430/1102 409/1084 377/1081
f 497/1100 519/1099 463/1103
f 497/1100 463/1103 477/1104
f 519/1099 475/1101 471/1105
f 519/1099 471/1105 463/1103
f 475/1101 430/1102 450/1106
f 475/1101 450/1106 471/1105
f 430/1102 377/1081 408/1107
f 430/1102 408/1107 450/1106
f 408/1107 377/1081 357/1082
f 471/1105 450/1106 421/1108
f 421/1108 450/1106 408/1107
f 471/1105 421/1108 463/1103
f 408/1107 357/1082 391/1109
f 408/1107 391/1109 421/1108
f 391/1109 357/1082 385/1083
f 463/1103 421/1108 445/1110
f 463/1103 445/1110 477/1104
f 477/1104 445/1110 485/1111
f 421/1108 391/1109 416/1112
f 416/1112 391/1109 385/1083
f 421/1108 416/1112 445/1110
f 485/1111 445/1110 437/1113
f 437/1113 445/1110 416/1112
f 485/1111 437/1113 495/1114
f 416/1112 385/1083 411/1115
f 416/1112 411/1115 437/1113
f 495/1114 437/1113 439/1116
f 411/1115 385/1083 402/1117
f 411/1115 402/1117 437/1113
f 437/1113 402/1117 439/1116
f 402/1117 385/1083 335/1118
f 402/1117 335/1118 358/1119
f 402/1117 358/1119 380/1120
f 439/1116 402/1117 397/1121
f 397/1121 402/1117 380/1120
f 439/1116 397/1121 432/1122
f 397/1121 380/1120 392/1123
f 397/1121 392/1123 432/1122
f 392/1123 380/1120 347/1124
f 432/1122 392/1123 383/1125
f 427/1126 470/1127 465/1128
f 465/1128 470/1127 511/1129
f 465/1128 511/1129 528/1130
f 528/1130 511/1129 536/1131
f 536/1131 511/1129 543/1132
f 511/1129 470/1127 537/1133
f 511/1129 537/1133 543/1132
f 537/1133 470/1127 506/1134
f 506/1134 470/1127 488/1135
f 506/1134 488/1135 442/1136
f 506/1134 442/1136 483/1137
f 537/1133 506/1134 532/1138
f 543/1132 537/1133 563/1139
f 543/1132 563/1139 564/1140
f 543/1132 564/1140 556/1141
f 563/1139 537/1133 550/1142
f 550/1142 537/1133 532/1138
f 564/1140 563/1139 569/1143
f 564/1140 569/1143 556/1141
f 556/1141 569/1143 545/1144
f 563/1139 550/1142 579/1145
f 563/1139 579/1145 569/1143
f 550/1142 532/1138 548/1146
f 579/1145 550/1142 560/1147
f 560/1147 550/1142 548/1146
f 569/1143 579/1145 583/1148
f 579/1145 560/1147 586/1149
f 579/1145 586/1149 583/1148
f 586/1149 560/1147 558/1150
f 558/1150 560/1147 548/1146
f 583/1148 586/1149 589/1151
f 583/1148 589/1151 574/1152
f 574/1152 589/1151 573/1153
f 589/1151 586/1149 587/1154
f 589/1151 587/1154 585/1155
f 587/1154 586/1149 558/1150
f 587/1154 558/1150 557/1156
f 587/1154 557/1156 584/1157
f 557/1156 558/1150 547/1158
f 547/1158 558/1150 549/1159
f 549/1159 558/1150 548/1146
f 547/1158 549/1159 522/1160
f 522/1160 549/1159 517/1161
f 517/1161 549/1159 548/1146
f 522/1160 517/1161 464/1162
f 432/1163 424/1164 464/1162
f 432/1163 464/1162 439/1165
f 439/1165 464/1162 517/1161
f 439/1165 517/1161 495/1166
f 495/1166 517/1161 548/1146
f 495/1166 548/1146 529/1167
f 529/1167 548/1146 532/1138
f 495/1166 529/1167 485/1168
f 529/1167 532/1138 518/1169
f 529/1167 518/1169 485/1168
f 518/1169 532/1138 506/1134
f 485/1168 518/1169 477/1170
f 518/1169 506/1134 500/1171
f 518/1169 500/1171 477/1170
f 477/1170 500/1171 497/1172
f 500/1171 506/1134 483/1137
f 497/1172 500/1171 513/1173
f 513/1173 500/1171 483/1137
f 513/1173 483/1137 484/1174
f 513/1173 484/1174 507/1175
f 426/1176 378/1177 398/1178
f 324/1179 355/1180 378/1177
f 324/1179 378/1177 387/1181
f 387/1181 378/1177 426/1176
f 324/1179 387/1181 331/1182
f 324/1179 331/1182 263/1183
f 263/1183 331/1182 298/1184
f 331/1182 387/1181 396/1185
f 396/1185 387/1181 426/1176
f 298/1184 331/1182 350/1186
f 350/1186 331/1182 396/1185
f 298/1184 350/1186 314/1187
f 314/1187 350/1186 360/1188
f 314/1187 360/1188 326/1189
f 350/1186 396/1185 388/1190
f 350/1186 388/1190 360/1188
f 396/1185 426/1176 420/1191
f 396/1185 420/1191 388/1190
f 420/1191 426/1176 458/1192
f 458/1192 426/1176 434/1193
f 326/1189 360/1188 379/1194
f 379/1194 360/1188 388/1190
f 388/1190 420/1191 447/1195
f 388/1190 447/1195 379/1194
f 420/1191 458/1192 478/1196
f 420/1191 478/1196 447/1195
f 478/1196 458/1192 501/1197
f 478/1196 501/1197 527/1198
f 478/1196 527/1198 447/1195
f 527/1198 501/1197 533/1199
f 447/1195 527/1198 525/1200
f 447/1195 525/1200 444/1201
f 447/1195 444/1201 379/1194
f 444/1201 525/1200 467/1202
f 444/1201 467/1202 423/1203
f 444/1201 423/1203 413/1204
f 413/1204 423/1203 384/1205
f 379/1194 444/1201 382/1206
f 382/1206 444/1201 413/1204
f 379/1194 382/1206 339/1207
f 379/1194 339/1207 326/1189
f 326/1189 339/1207 304/1208
f 304/1208 339/1207 303/1209
f 339/1207 382/1206 356/1210
f 356/1210 382/1206 413/1204
f 339/1207 356/1210 303/1209
f 356/1210 413/1204 384/1205
f 303/1209 356/1210 321/1211
f 356/1210 384/1205 351/1212
f 356/1210 351/1212 321/1211
f 351/1212 384/1205 366/1213
f 321/1211 351/1212 317/1214
f 321/1211 317/1214 265/1215
f 317/1214 351/1212 329/1216
f 317/1214 329/1216 300/1217
f 317/1214 300/1217 257/1218
f 528/1219 536/1220 521/1221
f 521/1221 536/1220 542/1222
f 521/1221 542/1222 530/1223
f 530/1223 542/1222 533/1224
f 533/1224 542/1222 540/1225
f 540/1225 542/1222 555/1226
f 542/1222 536/1220 554/1227
f 542/1222 554/1227 555/1226
f 554/1227 536/1220 551/1228
f 551/1228 536/1220 543/1229
f 551/1228 543/1229 556/1230
f 554/1227 551/1228 568/1231
f 568/1231 551/1228 556/1230
f 555/1226 554/1227 570/1232
f 570/1232 554/1227 568/1231
f 555/1226 570/1232 577/1233
f 555/1226 577/1233 571/1234
f 571/1234 577/1233 582/1235
f 577/1233 570/1232 581/1236
f 581/1236 570/1232 568/1231
f 582/1235 577/1233 591/1237
f 591/1237 577/1233 581/1236
f 582/1235 591/1237 590/1238
f 581/1236 568/1231 580/1239
f 581/1236 580/1239 591/1237
f 580/1239 568/1231 556/1230
f 590/1238 591/1237 588/1240
f 588/1240 591/1237 580/1239
f 590/1238 588/1240 567/1241
f 580/1239 556/1230 565/1242
f 580/1239 565/1242 588/1240
f 588/1240 565/1242 567/1241
f 565/1242 556/1230 545/1243
f 567/1241 565/1242 531/1244
f 567/1241 531/1244 562/1245
f 565/1242 545/1243 509/1246
f 565/1242 509/1246 531/1244
f 509/1246 545/1243 493/1247
f 509/1246 493/1247 451/1248
f 531/1244 509/1246 492/1249
f 492/1249 509/1246 451/1248
f 531/1244 492/1249 515/1250
f 492/1249 451/1248 453/1251
f 492/1249 453/1251 454/1252
f 236/1253 282/1254 239/1255
f 282/1254 236/1253 314/1256
f 282/1254 314/1256 326/1257
f 282/1254 326/1257 304/1258
f 231/1259 222/1260 239/1255
f 231/1259 239/1255 281/1261
f 281/1261 239/1255 282/1254
f 231/1259 281/1261 238/1262
f 238/1262 281/1261 264/1263
f 264/1263 281/1261 273/1264
f 281/1261 282/1254 306/1265
f 306/1265 282/1254 304/1258
f 273/1264 281/1261 294/1266
f 294/1266 281/1261 306/1265
f 273/1264 294/1266 261/1267
f 306/1265 304/1258 309/1268
f 306/1265 309/1268 294/1266
f 309/1268 304/1258 268/1269
f 261/1267 294/1266 288/1270
f 288/1270 294/1266 309/1268
f 288/1270 309/1268 268/1269
f 261/1267 288/1270 248/1271
f 248/1271 288/1270 268/1269
f 222/1272 129/1273 174/1274
f 222/1272 174/1274 197/1275
f 222/1272 197/1275 239/1276
f 174/1274 129/1273 180/1277
f 180/1277 129/1273 82/1278
f 180/1277 82/1278 150/1279
f 180/1277 150/1279 244/1280
f 244/1280 150/1279 192/1281
f 192/1281 150/1279 136/1282
f 244/1280 192/1281 229/1283
f 229/1283 192/1281 136/1282
f 244/1280 229/1283 269/1284
f 229/1283 136/1282 201/1285
f 269/1284 229/1283 268/1286
f 268/1286 229/1283 201/1285
f 269/1284 268/1286 304/1287
f 268/1286 201/1285 248/1288
f 250/1289 257/1290 300/1291
f 250/1289 300/1291 293/1292
f 250/1289 293/1292 227/1293
f 250/1289 227/1293 173/1294
f 293/1292 300/1291 330/1295
f 330/1295 300/1291 329/1296
f 227/1293 293/1292 251/1297
f 173/1294 227/1293 168/1298
f 168/1298 227/1293 251/1297
f 173/1294 168/1298 87/1299
f 87/1299 168/1298 61/1300
f 168/1298 251/1297 209/1301
f 168/1298 209/1301 112/1302
f 251/1297 293/1292 312/1303
f 312/1303 293/1292 330/1295
f 209/1301 251/1297 286/1304
f 286/1304 251/1297 312/1303
f 209/1301 286/1304 283/1305
f 209/1301 283/1305 242/1306
f 286/1304 312/1303 318/1307
f 286/1304 318/1307 283/1305
f 318/1307 312/1303 337/1308
f 337/1308 312/1303 330/1295
f 283/1305 318/1307 333/1309
f 333/1309 318/1307 337/1308
f 242/1306 283/1305 287/1310
f 287/1310 283/1305 333/1309
f 242/1306 287/1310 220/1311
f 333/1309 337/1308 353/1312
f 287/1310 333/1309 354/1313
f 337/1308 330/1295 365/1314
f 337/1308 365/1314 370/1315
f 337/1308 370/1315 353/1312
f 365/1314 330/1295 376/1316
f 353/1312 370/1315 374/1317
f 333/1309 353/1312 362/1318
f 333/1309 362/1318 354/1313
f 353/1312 374/1317 386/1319
f 353/1312 386/1319 362/1318
f 374/1317 370/1315 410/1320
f 374/1317 410/1320 386/1319
f 389/1321 370/1315 365/1314
f 370/1315 389/1321 410/1320
f 389/1321 365/1314 376/1316
f 386/1319 410/1320 441/1322
f 410/1320 389/1321 422/1323
f 410/1320 422/1323 441/1322
f 422/1323 389/1321 415/1324
f 415/1324 389/1321 376/1316
f 422/1323 415/1324 446/1325
f 415/1324 376/1316 419/1326
f 441/1322 422/1323 462/1327
f 441/1322 462/1327 476/1328
f 441/1322 476/1328 460/1329
f 419/1326 376/1316 406/1330
f 441/1322 460/1329 431/1331
f 441/1322 431/1331 386/1319
f 431/1331 460/1329 448/1332
f 406/1330 376/1316 366/1333
f 406/1330 366/1333 384/1334
f 366/1333 376/1316 330/1295
f 366/1333 330/1295 329/1296
f 366/1333 329/1296 351/1335
f 431/1331 448/1332 393/1336
f 431/1331 393/1336 386/1319
f 393/1336 448/1332 418/1337
f 386/1319 393/1336 362/1318
f 362/1318 393/1336 373/1338
f 373/1338 393/1336 418/1337
f 362/1318 373/1338 354/1313
f 373/1338 418/1337 395/1339
f 373/1338 395/1339 354/1313
f 395/1339 418/1337 417/1340
f 395/1339 417/1340 381/1341
f 354/1313 395/1339 336/1342
f 336/1342 395/1339 381/1341
f 354/1313 336/1342 287/1310
f 287/1310 336/1342 280/1343
f 280/1343 336/1342 320/1344
f 320/1344 336/1342 381/1341
f 320/1344 381/1341 364/1345
f 320/1344 364/1345 319/1346
f 364/1345 381/1341 394/1347
f 319/1346 364/1345 345/1348
f 345/1348 364/1345 394/1347
f 324/1349 254/1350 310/1351
f 540/1352 527/1353 533/1354
f 527/1353 540/1352 525/1355
f 525/1355 540/1352 541/1356
f 541/1356 540/1352 555/1357
f 541/1356 555/1357 553/1358
f 525/1355 541/1356 508/1359
f 541/1356 553/1358 546/1360
f 541/1356 546/1360 508/1359
f 546/1360 553/1358 559/1361
f 546/1360 559/1361 566/1362
f 525/1355 508/1359 467/1363
f 546/1360 566/1362 561/1364
f 467/1363 508/1359 429/1365
f 467/1363 429/1365 423/1366
f 423/1366 429/1365 384/1367
f 384/1367 429/1365 406/1368
f 406/1368 429/1365 436/1369
f 436/1369 429/1365 508/1359
f 406/1368 436/1369 419/1370
f 436/1369 508/1359 482/1371
f 436/1369 482/1371 419/1370
f 535/1372 508/1359 546/1360
f 508/1359 535/1372 482/1371
f 535/1372 546/1360 561/1364
f 419/1370 482/1371 438/1373
f 419/1370 438/1373 446/1374
f 419/1370 446/1374 415/1375
f 438/1373 482/1371 472/1376
f 446/1374 438/1373 480/1377
f 480/1377 438/1373 472/1376
f 524/1378 482/1371 535/1372
f 482/1371 524/1378 472/1376
f 524/1378 535/1372 544/1379
f 544/1379 535/1372 561/1364
f 472/1376 524/1378 502/1380
f 524/1378 544/1379 526/1381
f 524/1378 526/1381 502/1380
f 544/1379 561/1364 552/1382
f 544/1379 552/1382 526/1381
f 472/1376 502/1380 498/1383
f 472/1376 498/1383 480/1377
f 498/1383 502/1380 512/1384
f 480/1377 498/1383 516/1385
f 516/1385 498/1383 512/1384
f 512/1384 502/1380 496/1386
f 496/1386 502/1380 526/1381
f 516/1385 512/1384 520/1387
f 520/1387 512/1384 496/1386
f 516/1385 520/1387 505/1388
f 480/1377 516/1385 490/1389
f 490/1389 516/1385 505/1388
f 480/1377 490/1389 449/1390
f 480/1377 449/1390 446/1374
f 446/1374 449/1390 422/1391
f 422/1391 449/1390 462/1392
f 462/1392 449/1390 490/1389
f 462/1392 490/1389 476/1393
f 476/1393 490/1389 505/1388
f 476/1393 505/1388 460/1394
f 460/1394 505/1388 489/1395
f 460/1394 489/1395 448/1396
f 489/1395 505/1388 510/1397
f 510/1397 505/1388 520/1387
f 448/1396 489/1395 455/1398
f 448/1396 455/1398 418/1399
f 418/1399 455/1398 417/1400
f 455/1398 489/1395 486/1401
f 486/1401 489/1395 510/1397
f 417/1400 455/1398 456/1402
f 456/1402 455/1398 486/1401
f 510/1397 520/1387 481/1403
f 510/1397 481/1403 486/1401
f 486/1401 481/1403 456/1402
f 481/1403 520/1387 496/1386
f 417/1400 456/1402 433/1404
f 417/1400 433/1404 381/1405
f 481/1403 496/1386 494/1406
f 481/1403 494/1406 456/1402
f 494/1406 496/1386 526/1381
f 456/1402 494/1406 468/1407
f 456/1402 468/1407 433/1404
f 494/1406 526/1381 523/1408
f 494/1406 523/1408 468/1407
f 394/1409 381/1405 433/1404
f 523/1408 526/1381 552/1382
f 433/1404 468/1407 473/1410
f 473/1410 468/1407 523/1408
f 394/1409 433/1404 452/1411
f 452/1411 433/1404 473/1410
f 473/1410 523/1408 522/1412
f 473/1410 522/1412 452/1411
f 522/1412 523/1408 547/1413
f 547/1413 523/1408 552/1382
f 452/1411 522/1412 464/1414
f 547/1413 552/1382 557/1415
f 452/1411 464/1414 424/1416
f 452/1411 424/1416 394/1409
f 557/1415 552/1382 584/1417
f 394/1409 424/1416 383/1418
f 383/1418 424/1416 432/1419
f 394/1409 383/1418 345/1420
f 345/1420 383/1418 344/1421
f 344/1421 383/1418 392/1422
f 584/1417 552/1382 576/1423
f 576/1423 552/1382 561/1364
f 576/1423 561/1364 566/1362
f 576/1423 566/1362 585/1424
f 576/1423 585/1424 584/1417
f 584/1417 585/1424 587/1425
f 454/1426 515/1427 492/1428
f 562/1429 531/1430 515/1427
f 562/1429 515/1427 504/1431
f 504/1431 515/1427 454/1426
f 562/1429 504/1431 559/1432
f 504/1431 454/1426 491/1433
f 504/1431 491/1433 559/1432
f 491/1433 454/1426 474/1434
f 491/1433 474/1434 559/1432
f 474/1434 454/1426 453/1435
f 474/1434 453/1435 503/1436
f 474/1434 503/1436 538/1437
f 559/1432 474/1434 573/1438
f 573/1438 474/1434 538/1437
f 573/1438 538/1437 574/1439
f 559/1432 573/1438 566/1440
f 566/1440 573/1438 585/1441
f 585/1441 573/1438 589/1442
f 553/1443 555/1444 571/1445
f 553/1443 571/1445 582/1446
f 553/1443 582/1446 578/1447
f 553/1443 578/1447 559/1448
f 578/1447 582/1446 590/1449
f 559/1448 578/1447 562/1450
f 578/1447 590/1449 567/1451
f 578/1447 567/1451 562/1450
f 469/1452 493/1453 545/1144
f 493/1453 469/1452 451/1454
f 451/1454 469/1452 453/1455
f 453/1455 469/1452 503/1456
f 469/1452 545/1144 539/1457
f 539/1457 545/1144 569/1143
f 503/1456 469/1452 534/1458
f 534/1458 469/1452 539/1457
f 503/1456 534/1458 538/1459
f 539/1457 569/1143 572/1460
f 539/1457 572/1460 534/1458
f 572/1460 569/1143 583/1148
f 538/1459 534/1458 575/1461
f 575/1461 534/1458 572/1460
f 575/1461 572/1460 583/1148
f 538/1459 575/1461 574/1152
f 574/1152 575/1461 583/1148
